ISO-10303-21;
HEADER;
/* Generated by software containing ST-Developer
 * from STEP Tools, Inc. (www.steptools.com) 
 */

FILE_DESCRIPTION(
/* description */ (''),
/* implementation_level */ '2;1');

FILE_NAME(
/* name */ 'Dispenser (LiftGate Version).step',
/* time_stamp */ '2025-07-18T10:50:57-04:00',
/* author */ (''),
/* organization */ (''),
/* preprocessor_version */ 'ST-DEVELOPER v20.1',
/* originating_system */ 'Autodesk Translation Framework v14.10.0.0',
/* authorisation */ '');

FILE_SCHEMA (('AUTOMOTIVE_DESIGN { 1 0 10303 214 3 1 1 }'));
ENDSEC;

DATA;
#10=MECHANICAL_DESIGN_GEOMETRIC_PRESENTATION_REPRESENTATION('',(#267,#268,
#269,#270,#271),#11999);
#11=SPHERICAL_SURFACE('',#7378,0.999999999999996);
#12=SPHERICAL_SURFACE('',#7382,1.);
#13=SPHERICAL_SURFACE('',#7413,0.999999999999996);
#14=SPHERICAL_SURFACE('',#7417,1.);
#15=B_SPLINE_SURFACE_WITH_KNOTS('',3,3,((#10981,#10982,#10983,#10984,#10985,
#10986,#10987,#10988,#10989,#10990,#10991,#10992,#10993,#10994,#10995,#10996,
#10997),(#10998,#10999,#11000,#11001,#11002,#11003,#11004,#11005,#11006,
#11007,#11008,#11009,#11010,#11011,#11012,#11013,#11014),(#11015,#11016,
#11017,#11018,#11019,#11020,#11021,#11022,#11023,#11024,#11025,#11026,#11027,
#11028,#11029,#11030,#11031),(#11032,#11033,#11034,#11035,#11036,#11037,
#11038,#11039,#11040,#11041,#11042,#11043,#11044,#11045,#11046,#11047,#11048),
(#11049,#11050,#11051,#11052,#11053,#11054,#11055,#11056,#11057,#11058,
#11059,#11060,#11061,#11062,#11063,#11064,#11065),(#11066,#11067,#11068,
#11069,#11070,#11071,#11072,#11073,#11074,#11075,#11076,#11077,#11078,#11079,
#11080,#11081,#11082),(#11083,#11084,#11085,#11086,#11087,#11088,#11089,
#11090,#11091,#11092,#11093,#11094,#11095,#11096,#11097,#11098,#11099),
(#11100,#11101,#11102,#11103,#11104,#11105,#11106,#11107,#11108,#11109,
#11110,#11111,#11112,#11113,#11114,#11115,#11116),(#11117,#11118,#11119,
#11120,#11121,#11122,#11123,#11124,#11125,#11126,#11127,#11128,#11129,#11130,
#11131,#11132,#11133)),.UNSPECIFIED.,.F.,.F.,.F.,(4,1,1,1,1,1,4),(4,1,1,
1,1,1,1,1,1,1,1,1,1,1,4),(0.,0.0714285714285714,0.142857142857143,0.285714285714286,
0.571428571428571,0.785714285714286,1.),(0.,0.0357142857142857,0.0714285714285714,
0.142857142857143,0.214285714285714,0.285714285714286,0.428571428571429,
0.535714285714286,0.571428571428571,0.714285714285714,0.785714285714286,
0.857142857142857,0.928571428571429,0.946428571428571,1.),.UNSPECIFIED.);
#16=B_SPLINE_SURFACE_WITH_KNOTS('',3,3,((#11177,#11178,#11179,#11180,#11181,
#11182,#11183,#11184,#11185,#11186,#11187,#11188,#11189,#11190),(#11191,
#11192,#11193,#11194,#11195,#11196,#11197,#11198,#11199,#11200,#11201,#11202,
#11203,#11204),(#11205,#11206,#11207,#11208,#11209,#11210,#11211,#11212,
#11213,#11214,#11215,#11216,#11217,#11218),(#11219,#11220,#11221,#11222,
#11223,#11224,#11225,#11226,#11227,#11228,#11229,#11230,#11231,#11232),
(#11233,#11234,#11235,#11236,#11237,#11238,#11239,#11240,#11241,#11242,
#11243,#11244,#11245,#11246),(#11247,#11248,#11249,#11250,#11251,#11252,
#11253,#11254,#11255,#11256,#11257,#11258,#11259,#11260),(#11261,#11262,
#11263,#11264,#11265,#11266,#11267,#11268,#11269,#11270,#11271,#11272,#11273,
#11274),(#11275,#11276,#11277,#11278,#11279,#11280,#11281,#11282,#11283,
#11284,#11285,#11286,#11287,#11288),(#11289,#11290,#11291,#11292,#11293,
#11294,#11295,#11296,#11297,#11298,#11299,#11300,#11301,#11302)),
 .UNSPECIFIED.,.F.,.F.,.F.,(4,1,1,1,1,1,4),(4,1,1,1,1,1,1,1,1,1,1,4),(0.,
0.0714285714285714,0.142857142857143,0.285714285714286,0.571428571428571,
0.785714285714286,1.),(0.,0.0714285714285714,0.142857142857143,0.214285714285714,
0.285714285714286,0.571428571428571,0.678571428571428,0.785714285714286,
0.821428571428571,0.857142857142857,0.928571428571429,1.),.UNSPECIFIED.);
#17=ITEM_DEFINED_TRANSFORMATION($,$,#6842,#7091);
#18=ITEM_DEFINED_TRANSFORMATION($,$,#6841,#7450);
#19=ITEM_DEFINED_TRANSFORMATION($,$,#7092,#7451);
#20=ITEM_DEFINED_TRANSFORMATION($,$,#7268,#7452);
#21=ITEM_DEFINED_TRANSFORMATION($,$,#7365,#7453);
#22=(
REPRESENTATION_RELATIONSHIP($,$,#12023,#12022)
REPRESENTATION_RELATIONSHIP_WITH_TRANSFORMATION(#17)
SHAPE_REPRESENTATION_RELATIONSHIP()
);
#23=(
REPRESENTATION_RELATIONSHIP($,$,#12022,#12021)
REPRESENTATION_RELATIONSHIP_WITH_TRANSFORMATION(#18)
SHAPE_REPRESENTATION_RELATIONSHIP()
);
#24=(
REPRESENTATION_RELATIONSHIP($,$,#12024,#12021)
REPRESENTATION_RELATIONSHIP_WITH_TRANSFORMATION(#19)
SHAPE_REPRESENTATION_RELATIONSHIP()
);
#25=(
REPRESENTATION_RELATIONSHIP($,$,#12025,#12021)
REPRESENTATION_RELATIONSHIP_WITH_TRANSFORMATION(#20)
SHAPE_REPRESENTATION_RELATIONSHIP()
);
#26=(
REPRESENTATION_RELATIONSHIP($,$,#12026,#12021)
REPRESENTATION_RELATIONSHIP_WITH_TRANSFORMATION(#21)
SHAPE_REPRESENTATION_RELATIONSHIP()
);
#27=CONTEXT_DEPENDENT_SHAPE_REPRESENTATION(#22,#12013);
#28=CONTEXT_DEPENDENT_SHAPE_REPRESENTATION(#23,#12017);
#29=CONTEXT_DEPENDENT_SHAPE_REPRESENTATION(#24,#12018);
#30=CONTEXT_DEPENDENT_SHAPE_REPRESENTATION(#25,#12019);
#31=CONTEXT_DEPENDENT_SHAPE_REPRESENTATION(#26,#12020);
#32=NEXT_ASSEMBLY_USAGE_OCCURRENCE('ScrewCapTubeExtender:1',
'ScrewCapTubeExtender:1','ScrewCapTubeExtender:1',#12029,#12030,
'ScrewCapTubeExtender:1');
#33=NEXT_ASSEMBLY_USAGE_OCCURRENCE('Well Plate Filler Main Body:1',
'Well Plate Filler Main Body:1','Well Plate Filler Main Body:1',#12028,
#12029,'Well Plate Filler Main Body:1');
#34=NEXT_ASSEMBLY_USAGE_OCCURRENCE('Dropper Plate:1','Dropper Plate:1',
'Dropper Plate:1',#12028,#12031,'Dropper Plate:1');
#35=NEXT_ASSEMBLY_USAGE_OCCURRENCE('Top Plate:1','Top Plate:1',
'Top Plate:1',#12028,#12032,'Top Plate:1');
#36=NEXT_ASSEMBLY_USAGE_OCCURRENCE('Gate:1','Gate:1','Gate:1',#12028,#12033,
'Gate:1');
#37=CONICAL_SURFACE('',#7021,4.49999999999999,0.785398163397468);
#38=CONICAL_SURFACE('',#7030,4.49999999999999,0.785398163397452);
#39=CONICAL_SURFACE('',#7117,2.20876716177793,0.785398163397448);
#40=CONICAL_SURFACE('',#7162,2.20876716177793,0.785398163397448);
#41=CONICAL_SURFACE('',#7175,2.20876716177793,0.785398163397448);
#42=CONICAL_SURFACE('',#7180,2.20876716177793,0.785398163397448);
#43=TOROIDAL_SURFACE('',#6923,7.01,0.99);
#44=TOROIDAL_SURFACE('',#6974,7.01,0.99);
#45=TOROIDAL_SURFACE('',#7189,3.,1.);
#46=TOROIDAL_SURFACE('',#7195,3.00000000000001,0.999999999999996);
#47=TOROIDAL_SURFACE('',#7390,9.,1.);
#48=TOROIDAL_SURFACE('',#7399,9.,1.);
#49=TOROIDAL_SURFACE('',#7425,9.,1.);
#50=TOROIDAL_SURFACE('',#7434,9.,1.);
#51=B_SPLINE_CURVE_WITH_KNOTS('',3,(#9674,#9675,#9676,#9677,#9678,#9679),
 .UNSPECIFIED.,.F.,.F.,(4,2,4),(0.0278746257788941,0.119686338159812,0.123962191944481),
 .UNSPECIFIED.);
#52=B_SPLINE_CURVE_WITH_KNOTS('',3,(#9693,#9694,#9695,#9696,#9697,#9698),
 .UNSPECIFIED.,.F.,.F.,(4,2,4),(0.523855415141179,0.52813126892584,0.600934248388408),
 .UNSPECIFIED.);
#53=B_SPLINE_CURVE_WITH_KNOTS('',3,(#9702,#9703,#9704,#9705),
 .UNSPECIFIED.,.F.,.F.,(4,4),(-0.132105003150239,-0.0350905641079611),
 .UNSPECIFIED.);
#54=B_SPLINE_CURVE_WITH_KNOTS('',3,(#9713,#9714,#9715,#9716),
 .UNSPECIFIED.,.F.,.F.,(4,4),(0.17345560779423,0.215753048805773),
 .UNSPECIFIED.);
#55=B_SPLINE_CURVE_WITH_KNOTS('',3,(#9869,#9870,#9871,#9872,#9873,#9874),
 .UNSPECIFIED.,.F.,.F.,(4,2,4),(-0.12396219194448,-0.119686338159813,-0.0278746257788939),
 .UNSPECIFIED.);
#56=B_SPLINE_CURVE_WITH_KNOTS('',3,(#9888,#9889,#9890,#9891),
 .UNSPECIFIED.,.F.,.F.,(4,4),(-0.215753048805773,-0.17345560779423),
 .UNSPECIFIED.);
#57=B_SPLINE_CURVE_WITH_KNOTS('',3,(#9899,#9900,#9901,#9902),
 .UNSPECIFIED.,.F.,.F.,(4,4),(0.035090564107961,0.132105003156335),
 .UNSPECIFIED.);
#58=B_SPLINE_CURVE_WITH_KNOTS('',3,(#9905,#9906,#9907,#9908,#9909,#9910),
 .UNSPECIFIED.,.F.,.F.,(4,2,4),(0.69470096578289,0.767503945245457,0.771779799030117),
 .UNSPECIFIED.);
#59=B_SPLINE_CURVE_WITH_KNOTS('',3,(#10490,#10491,#10492,#10493,#10494,
#10495,#10496,#10497,#10498,#10499,#10500,#10501,#10502,#10503,#10504,#10505,
#10506,#10507,#10508,#10509,#10510,#10511,#10512,#10513,#10514,#10515,#10516,
#10517,#10518,#10519,#10520,#10521,#10522,#10523,#10524,#10525,#10526,#10527,
#10528,#10529,#10530,#10531,#10532,#10533,#10534,#10535,#10536,#10537,#10538,
#10539,#10540,#10541,#10542,#10543,#10544,#10545,#10546,#10547,#10548,#10549,
#10550,#10551,#10552,#10553,#10554,#10555,#10556,#10557,#10558,#10559,#10560,
#10561,#10562,#10563,#10564,#10565,#10566,#10567,#10568,#10569,#10570,#10571,
#10572,#10573,#10574,#10575,#10576,#10577,#10578,#10579,#10580,#10581,#10582,
#10583,#10584,#10585,#10586,#10587,#10588,#10589,#10590,#10591,#10592,#10593,
#10594,#10595,#10596,#10597,#10598,#10599,#10600,#10601,#10602,#10603,#10604,
#10605,#10606,#10607,#10608,#10609,#10610,#10611,#10612,#10613,#10614,#10615,
#10616,#10617,#10618,#10619,#10620,#10621,#10622,#10623,#10624,#10625,#10626,
#10627,#10628,#10629,#10630,#10631,#10632,#10633,#10634,#10635,#10636,#10637,
#10638,#10639,#10640,#10641,#10642,#10643,#10644,#10645,#10646,#10647,#10648,
#10649,#10650,#10651,#10652,#10653,#10654,#10655,#10656,#10657,#10658,#10659,
#10660,#10661),.UNSPECIFIED.,.F.,.F.,(4,3,3,3,3,3,3,3,3,3,3,3,3,3,3,3,3,
3,3,3,3,3,3,3,3,3,3,3,3,3,3,3,3,3,3,3,3,3,3,3,3,3,3,3,3,3,3,3,3,3,3,3,3,
3,3,3,3,4),(0.,0.0159188403452934,0.0322037960823997,0.0489113661780587,
0.0661162821497251,0.0839214925753434,0.102476774753163,0.12201756059808,
0.142960539833516,0.166213573636876,0.196528027422673,0.222351538175656,
0.246653052607666,0.26738042534485,0.286699257684087,0.30504832581935,0.322665364068719,
0.343966197913894,0.362337730413409,0.38226467633799,0.40260827036191,0.424183371725907,
0.447612338923102,0.474496804456607,0.508278143571746,0.535723190390359,
0.558998109383829,0.580355571979887,0.600485327153642,0.619722999696988,
0.638265929069633,0.656243356344376,0.677728146572853,0.693544785650033,
0.710495372344019,0.729444279328306,0.754684080746572,0.775132503303147,
0.792743946625604,0.809183306081242,0.826482435377721,0.844761139992756,
0.871320740795476,0.890726951954322,0.907562914525017,0.923105800219701,
0.937797434113004,0.951861742466048,0.958411070802206,0.963219630836341,
0.971255853285721,0.975267348308003,0.979009929660947,0.982596309784141,
0.986310963204181,0.99315548160209,0.996674689550496,1.),.UNSPECIFIED.);
#60=B_SPLINE_CURVE_WITH_KNOTS('',3,(#10665,#10666,#10667,#10668,#10669,
#10670,#10671,#10672,#10673,#10674,#10675,#10676,#10677,#10678,#10679,#10680,
#10681,#10682,#10683,#10684,#10685,#10686,#10687,#10688,#10689,#10690,#10691,
#10692,#10693,#10694,#10695,#10696,#10697,#10698,#10699,#10700,#10701,#10702,
#10703,#10704,#10705,#10706,#10707,#10708,#10709,#10710,#10711,#10712,#10713,
#10714,#10715,#10716,#10717,#10718,#10719,#10720,#10721,#10722,#10723,#10724,
#10725,#10726,#10727,#10728,#10729,#10730,#10731,#10732,#10733,#10734,#10735,
#10736,#10737,#10738,#10739,#10740,#10741,#10742,#10743,#10744,#10745,#10746,
#10747,#10748,#10749,#10750,#10751,#10752,#10753,#10754,#10755,#10756,#10757,
#10758,#10759,#10760,#10761,#10762,#10763,#10764,#10765,#10766,#10767,#10768,
#10769,#10770,#10771,#10772,#10773,#10774,#10775,#10776,#10777,#10778,#10779,
#10780,#10781,#10782,#10783,#10784,#10785,#10786,#10787,#10788,#10789,#10790,
#10791,#10792,#10793,#10794,#10795,#10796,#10797,#10798,#10799,#10800,#10801,
#10802,#10803,#10804,#10805,#10806,#10807,#10808,#10809,#10810,#10811,#10812,
#10813,#10814,#10815),.UNSPECIFIED.,.F.,.F.,(4,3,3,3,3,3,3,3,3,3,3,3,3,
3,3,3,3,3,3,3,3,3,3,3,3,3,3,3,3,3,3,3,3,3,3,3,3,3,3,3,3,3,3,3,3,3,3,3,3,
3,4),(0.,0.0117177411342048,0.0239772690964324,0.0369697933586046,0.0510594419875187,
0.0675184304485655,0.0907230768944835,0.10560863696455,0.119549953779889,
0.139185091149804,0.157712816554648,0.177983570348115,0.202153515037059,
0.228217417537482,0.25105283341803,0.274457432373717,0.298860669364194,
0.325260811870598,0.355214057843707,0.395513179228475,0.426879700782778,
0.453473459166724,0.478737346739211,0.500600992938583,0.523979147807091,
0.549805207911294,0.580670442284748,0.611841318809429,0.637045861770054,
0.659962757331953,0.681475208788919,0.702372344436031,0.719546203962007,
0.736839585066927,0.757418113325533,0.786194829955443,0.804339654804128,
0.820651226935459,0.835892560045581,0.850919705607686,0.863890945639176,
0.877362336897174,0.892292398975895,0.912371832242045,0.930372994482624,
0.944997798776623,0.958748349082467,0.970934631344125,0.982682434545283,
0.993916113674125,1.),.UNSPECIFIED.);
#61=B_SPLINE_CURVE_WITH_KNOTS('',3,(#11137,#11138,#11139,#11140,#11141,
#11142,#11143,#11144,#11145,#11146,#11147,#11148,#11149,#11150,#11151,#11152,
#11153,#11154,#11155,#11156,#11157,#11158,#11159,#11160,#11161,#11162,#11163,
#11164,#11165,#11166,#11167,#11168,#11169,#11170,#11171,#11172,#11173),
 .UNSPECIFIED.,.F.,.F.,(4,3,3,3,3,3,3,3,3,3,3,3,4),(-3.3863551349899,-3.09959175095731,
-2.81283957670276,-2.52609761979145,-2.23936488816218,-1.95254971039831,
-1.66576352700754,-1.37900236295947,-1.09226224691876,-0.805452920309225,
-0.518696089713083,-0.23189803543006,0.),.UNSPECIFIED.);
#62=B_SPLINE_CURVE_WITH_KNOTS('',3,(#11305,#11306,#11307,#11308,#11309,
#11310,#11311,#11312,#11313,#11314,#11315,#11316,#11317,#11318,#11319,#11320,
#11321,#11322,#11323,#11324,#11325,#11326,#11327,#11328,#11329,#11330,#11331,
#11332,#11333,#11334,#11335,#11336,#11337,#11338,#11339,#11340,#11341),
 .UNSPECIFIED.,.F.,.F.,(4,3,3,3,3,3,3,3,3,3,3,3,4),(-3.38635513498988,-3.09959175095729,
-2.81283957670271,-2.5260976197914,-2.23936488816223,-1.95254971039835,
-1.66576352700758,-1.37900236295952,-1.09226224691883,-0.805452920309282,
-0.518696089713131,-0.231898035430116,0.),.UNSPECIFIED.);
#63=CIRCLE('',#6899,0.989999999999999);
#64=CIRCLE('',#6900,0.989999999999999);
#65=CIRCLE('',#6910,0.99);
#66=CIRCLE('',#6922,0.990000000000002);
#67=CIRCLE('',#6924,7.01);
#68=CIRCLE('',#6925,0.989999999999958);
#69=CIRCLE('',#6926,8.);
#70=CIRCLE('',#6927,7.01);
#71=CIRCLE('',#6929,0.99);
#72=CIRCLE('',#6936,8.);
#73=CIRCLE('',#6944,0.99);
#74=CIRCLE('',#6945,0.99);
#75=CIRCLE('',#6954,0.99);
#76=CIRCLE('',#6972,0.989999999999998);
#77=CIRCLE('',#6973,0.99);
#78=CIRCLE('',#6975,7.01);
#79=CIRCLE('',#6976,0.990000000000046);
#80=CIRCLE('',#6977,8.);
#81=CIRCLE('',#6978,7.01);
#82=CIRCLE('',#6984,3.99999999999999);
#83=CIRCLE('',#6985,3.99999999999999);
#84=CIRCLE('',#6991,3.99999999999999);
#85=CIRCLE('',#6996,8.);
#86=CIRCLE('',#7022,4.99999999999999);
#87=CIRCLE('',#7023,3.99999999999999);
#88=CIRCLE('',#7031,4.99999999999999);
#89=CIRCLE('',#7094,0.5);
#90=CIRCLE('',#7095,0.5);
#91=CIRCLE('',#7098,0.5);
#92=CIRCLE('',#7099,0.5);
#93=CIRCLE('',#7102,50.);
#94=CIRCLE('',#7103,50.);
#95=CIRCLE('',#7107,0.757436333542058);
#96=CIRCLE('',#7108,0.757436333542058);
#97=CIRCLE('',#7110,2.25743633354206);
#98=CIRCLE('',#7111,2.25743633354206);
#99=CIRCLE('',#7118,0.308767161778105);
#100=CIRCLE('',#7119,2.20876716177793);
#101=CIRCLE('',#7123,2.20876716177793);
#102=CIRCLE('',#7126,2.25743633354206);
#103=CIRCLE('',#7127,4.);
#104=CIRCLE('',#7128,4.);
#105=CIRCLE('',#7129,4.);
#106=CIRCLE('',#7130,4.);
#107=CIRCLE('',#7131,3.1);
#108=CIRCLE('',#7132,3.1);
#109=CIRCLE('',#7133,3.1);
#110=CIRCLE('',#7134,3.1);
#111=CIRCLE('',#7135,3.1);
#112=CIRCLE('',#7136,3.1);
#113=CIRCLE('',#7137,3.1);
#114=CIRCLE('',#7138,3.1);
#115=CIRCLE('',#7139,3.1);
#116=CIRCLE('',#7140,3.1);
#117=CIRCLE('',#7141,3.1);
#118=CIRCLE('',#7142,3.1);
#119=CIRCLE('',#7143,3.1);
#120=CIRCLE('',#7144,3.1);
#121=CIRCLE('',#7145,3.1);
#122=CIRCLE('',#7146,3.1);
#123=CIRCLE('',#7147,3.1);
#124=CIRCLE('',#7148,3.1);
#125=CIRCLE('',#7149,3.1);
#126=CIRCLE('',#7150,3.1);
#127=CIRCLE('',#7151,3.1);
#128=CIRCLE('',#7152,3.1);
#129=CIRCLE('',#7153,3.1);
#130=CIRCLE('',#7154,3.1);
#131=CIRCLE('',#7155,0.757436333542058);
#132=CIRCLE('',#7160,0.308767161778052);
#133=CIRCLE('',#7170,0.308767161778052);
#134=CIRCLE('',#7176,0.308767161778105);
#135=CIRCLE('',#7177,2.20876716177793);
#136=CIRCLE('',#7181,2.20876716177793);
#137=CIRCLE('',#7182,4.);
#138=CIRCLE('',#7183,0.999999999999996);
#139=CIRCLE('',#7185,3.99999999999999);
#140=CIRCLE('',#7186,1.);
#141=CIRCLE('',#7190,1.);
#142=CIRCLE('',#7191,4.);
#143=CIRCLE('',#7192,1.);
#144=CIRCLE('',#7193,3.00000000000001);
#145=CIRCLE('',#7196,0.999999999999996);
#146=CIRCLE('',#7197,4.);
#147=CIRCLE('',#7198,1.);
#148=CIRCLE('',#7199,3.);
#149=CIRCLE('',#7212,0.757436333542058);
#150=CIRCLE('',#7214,2.25743633354206);
#151=CIRCLE('',#7220,3.1);
#152=CIRCLE('',#7222,3.1);
#153=CIRCLE('',#7224,3.1);
#154=CIRCLE('',#7226,3.1);
#155=CIRCLE('',#7228,3.1);
#156=CIRCLE('',#7230,3.1);
#157=CIRCLE('',#7232,3.1);
#158=CIRCLE('',#7234,3.1);
#159=CIRCLE('',#7236,3.1);
#160=CIRCLE('',#7238,3.1);
#161=CIRCLE('',#7240,3.1);
#162=CIRCLE('',#7242,3.1);
#163=CIRCLE('',#7244,3.1);
#164=CIRCLE('',#7246,3.1);
#165=CIRCLE('',#7248,3.1);
#166=CIRCLE('',#7250,3.1);
#167=CIRCLE('',#7252,3.1);
#168=CIRCLE('',#7254,3.1);
#169=CIRCLE('',#7256,3.1);
#170=CIRCLE('',#7258,3.1);
#171=CIRCLE('',#7260,3.1);
#172=CIRCLE('',#7262,3.1);
#173=CIRCLE('',#7264,3.1);
#174=CIRCLE('',#7266,3.1);
#175=CIRCLE('',#7280,2.1);
#176=CIRCLE('',#7281,2.1);
#177=CIRCLE('',#7283,2.1);
#178=CIRCLE('',#7284,2.1);
#179=CIRCLE('',#7286,2.1);
#180=CIRCLE('',#7287,2.1);
#181=CIRCLE('',#7289,2.1);
#182=CIRCLE('',#7290,2.1);
#183=CIRCLE('',#7292,2.1);
#184=CIRCLE('',#7293,2.1);
#185=CIRCLE('',#7295,2.1);
#186=CIRCLE('',#7296,2.1);
#187=CIRCLE('',#7298,2.1);
#188=CIRCLE('',#7299,2.1);
#189=CIRCLE('',#7301,2.1);
#190=CIRCLE('',#7302,2.1);
#191=CIRCLE('',#7304,2.1);
#192=CIRCLE('',#7305,2.1);
#193=CIRCLE('',#7307,2.1);
#194=CIRCLE('',#7308,2.1);
#195=CIRCLE('',#7310,2.1);
#196=CIRCLE('',#7311,2.1);
#197=CIRCLE('',#7313,2.1);
#198=CIRCLE('',#7314,2.1);
#199=CIRCLE('',#7316,2.1);
#200=CIRCLE('',#7317,2.1);
#201=CIRCLE('',#7319,2.1);
#202=CIRCLE('',#7320,2.1);
#203=CIRCLE('',#7322,2.1);
#204=CIRCLE('',#7323,2.1);
#205=CIRCLE('',#7325,2.1);
#206=CIRCLE('',#7326,2.1);
#207=CIRCLE('',#7328,2.1);
#208=CIRCLE('',#7329,2.1);
#209=CIRCLE('',#7331,2.1);
#210=CIRCLE('',#7332,2.1);
#211=CIRCLE('',#7334,2.1);
#212=CIRCLE('',#7335,2.1);
#213=CIRCLE('',#7337,2.1);
#214=CIRCLE('',#7338,2.1);
#215=CIRCLE('',#7340,2.1);
#216=CIRCLE('',#7341,2.1);
#217=CIRCLE('',#7343,2.1);
#218=CIRCLE('',#7344,2.1);
#219=CIRCLE('',#7346,2.1);
#220=CIRCLE('',#7347,2.1);
#221=CIRCLE('',#7349,2.1);
#222=CIRCLE('',#7350,2.1);
#223=CIRCLE('',#7367,1.);
#224=CIRCLE('',#7371,1.);
#225=CIRCLE('',#7372,1.);
#226=CIRCLE('',#7373,1.);
#227=CIRCLE('',#7377,9.);
#228=CIRCLE('',#7379,0.999999999999996);
#229=CIRCLE('',#7380,0.999999999999996);
#230=CIRCLE('',#7381,0.999999999999996);
#231=CIRCLE('',#7383,0.999999999999996);
#232=CIRCLE('',#7384,0.999999999999996);
#233=CIRCLE('',#7385,1.);
#234=CIRCLE('',#7387,1.);
#235=CIRCLE('',#7389,1.);
#236=CIRCLE('',#7391,1.);
#237=CIRCLE('',#7392,9.);
#238=CIRCLE('',#7393,10.);
#239=CIRCLE('',#7398,0.999999999999996);
#240=CIRCLE('',#7400,1.);
#241=CIRCLE('',#7401,10.);
#242=CIRCLE('',#7402,9.);
#243=CIRCLE('',#7414,0.999999999999996);
#244=CIRCLE('',#7415,0.999999999999996);
#245=CIRCLE('',#7416,0.999999999999996);
#246=CIRCLE('',#7418,0.999999999999996);
#247=CIRCLE('',#7419,1.);
#248=CIRCLE('',#7420,0.999999999999996);
#249=CIRCLE('',#7422,1.);
#250=CIRCLE('',#7424,1.);
#251=CIRCLE('',#7426,1.);
#252=CIRCLE('',#7427,10.);
#253=CIRCLE('',#7428,9.);
#254=CIRCLE('',#7433,0.999999999999996);
#255=CIRCLE('',#7435,1.);
#256=CIRCLE('',#7436,10.);
#257=SHAPE_REPRESENTATION_RELATIONSHIP('SRR','None',#12023,#262);
#258=SHAPE_REPRESENTATION_RELATIONSHIP('SRR','None',#12022,#263);
#259=SHAPE_REPRESENTATION_RELATIONSHIP('SRR','None',#12024,#264);
#260=SHAPE_REPRESENTATION_RELATIONSHIP('SRR','None',#12025,#265);
#261=SHAPE_REPRESENTATION_RELATIONSHIP('SRR','None',#12026,#266);
#262=ADVANCED_BREP_SHAPE_REPRESENTATION('',(#272),#11995);
#263=ADVANCED_BREP_SHAPE_REPRESENTATION('',(#273),#11994);
#264=ADVANCED_BREP_SHAPE_REPRESENTATION('',(#274),#11996);
#265=ADVANCED_BREP_SHAPE_REPRESENTATION('',(#275),#11997);
#266=ADVANCED_BREP_SHAPE_REPRESENTATION('',(#276),#11998);
#267=STYLED_ITEM('',(#12055),#272);
#268=STYLED_ITEM('',(#12055),#273);
#269=STYLED_ITEM('',(#12055),#274);
#270=STYLED_ITEM('',(#12055),#275);
#271=STYLED_ITEM('',(#12055),#276);
#272=MANIFOLD_SOLID_BREP('Body1',#6790);
#273=MANIFOLD_SOLID_BREP('Body1',#6791);
#274=MANIFOLD_SOLID_BREP('Body1',#6792);
#275=MANIFOLD_SOLID_BREP('Body1',#6793);
#276=MANIFOLD_SOLID_BREP('Gate',#6794);
#277=FACE_BOUND('',#1022,.T.);
#278=FACE_BOUND('',#1024,.T.);
#279=FACE_BOUND('',#1040,.T.);
#280=FACE_BOUND('',#1137,.T.);
#281=FACE_BOUND('',#1186,.T.);
#282=FACE_BOUND('',#1190,.T.);
#283=FACE_BOUND('',#1212,.T.);
#284=FACE_BOUND('',#1213,.T.);
#285=FACE_BOUND('',#1214,.T.);
#286=FACE_BOUND('',#1215,.T.);
#287=FACE_BOUND('',#1216,.T.);
#288=FACE_BOUND('',#1217,.T.);
#289=FACE_BOUND('',#1218,.T.);
#290=FACE_BOUND('',#1219,.T.);
#291=FACE_BOUND('',#1220,.T.);
#292=FACE_BOUND('',#1221,.T.);
#293=FACE_BOUND('',#1222,.T.);
#294=FACE_BOUND('',#1223,.T.);
#295=FACE_BOUND('',#1224,.T.);
#296=FACE_BOUND('',#1225,.T.);
#297=FACE_BOUND('',#1226,.T.);
#298=FACE_BOUND('',#1227,.T.);
#299=FACE_BOUND('',#1228,.T.);
#300=FACE_BOUND('',#1229,.T.);
#301=FACE_BOUND('',#1230,.T.);
#302=FACE_BOUND('',#1231,.T.);
#303=FACE_BOUND('',#1232,.T.);
#304=FACE_BOUND('',#1233,.T.);
#305=FACE_BOUND('',#1234,.T.);
#306=FACE_BOUND('',#1235,.T.);
#307=FACE_BOUND('',#1236,.T.);
#308=FACE_BOUND('',#1302,.T.);
#309=FACE_BOUND('',#1303,.T.);
#310=FACE_BOUND('',#1304,.T.);
#311=FACE_BOUND('',#1305,.T.);
#312=FACE_BOUND('',#1306,.T.);
#313=FACE_BOUND('',#1307,.T.);
#314=FACE_BOUND('',#1308,.T.);
#315=FACE_BOUND('',#1309,.T.);
#316=FACE_BOUND('',#1310,.T.);
#317=FACE_BOUND('',#1311,.T.);
#318=FACE_BOUND('',#1312,.T.);
#319=FACE_BOUND('',#1313,.T.);
#320=FACE_BOUND('',#1314,.T.);
#321=FACE_BOUND('',#1315,.T.);
#322=FACE_BOUND('',#1316,.T.);
#323=FACE_BOUND('',#1317,.T.);
#324=FACE_BOUND('',#1318,.T.);
#325=FACE_BOUND('',#1319,.T.);
#326=FACE_BOUND('',#1320,.T.);
#327=FACE_BOUND('',#1321,.T.);
#328=FACE_BOUND('',#1322,.T.);
#329=FACE_BOUND('',#1323,.T.);
#330=FACE_BOUND('',#1324,.T.);
#331=FACE_BOUND('',#1325,.T.);
#332=FACE_BOUND('',#1326,.T.);
#333=FACE_BOUND('',#1366,.T.);
#334=FACE_BOUND('',#1369,.T.);
#335=FACE_BOUND('',#1370,.T.);
#336=FACE_BOUND('',#1371,.T.);
#337=FACE_BOUND('',#1372,.T.);
#338=FACE_BOUND('',#1373,.T.);
#339=FACE_BOUND('',#1374,.T.);
#340=FACE_BOUND('',#1375,.T.);
#341=FACE_BOUND('',#1376,.T.);
#342=FACE_BOUND('',#1377,.T.);
#343=FACE_BOUND('',#1378,.T.);
#344=FACE_BOUND('',#1379,.T.);
#345=FACE_BOUND('',#1380,.T.);
#346=FACE_BOUND('',#1381,.T.);
#347=FACE_BOUND('',#1382,.T.);
#348=FACE_BOUND('',#1383,.T.);
#349=FACE_BOUND('',#1384,.T.);
#350=FACE_BOUND('',#1385,.T.);
#351=FACE_BOUND('',#1386,.T.);
#352=FACE_BOUND('',#1387,.T.);
#353=FACE_BOUND('',#1388,.T.);
#354=FACE_BOUND('',#1389,.T.);
#355=FACE_BOUND('',#1390,.T.);
#356=FACE_BOUND('',#1391,.T.);
#357=FACE_BOUND('',#1392,.T.);
#358=FACE_BOUND('',#1395,.T.);
#359=FACE_BOUND('',#1399,.T.);
#360=FACE_BOUND('',#1400,.T.);
#361=FACE_BOUND('',#1401,.T.);
#362=FACE_BOUND('',#1402,.T.);
#363=FACE_BOUND('',#1403,.T.);
#364=FACE_BOUND('',#1404,.T.);
#365=FACE_BOUND('',#1405,.T.);
#366=FACE_BOUND('',#1406,.T.);
#367=FACE_BOUND('',#1407,.T.);
#368=FACE_BOUND('',#1408,.T.);
#369=FACE_BOUND('',#1409,.T.);
#370=FACE_BOUND('',#1410,.T.);
#371=FACE_BOUND('',#1411,.T.);
#372=FACE_BOUND('',#1412,.T.);
#373=FACE_BOUND('',#1413,.T.);
#374=FACE_BOUND('',#1414,.T.);
#375=FACE_BOUND('',#1415,.T.);
#376=FACE_BOUND('',#1416,.T.);
#377=FACE_BOUND('',#1417,.T.);
#378=FACE_BOUND('',#1418,.T.);
#379=FACE_BOUND('',#1419,.T.);
#380=FACE_BOUND('',#1420,.T.);
#381=FACE_BOUND('',#1421,.T.);
#382=FACE_BOUND('',#1422,.T.);
#383=PLANE('',#6851);
#384=PLANE('',#6852);
#385=PLANE('',#6853);
#386=PLANE('',#6854);
#387=PLANE('',#6855);
#388=PLANE('',#6856);
#389=PLANE('',#6857);
#390=PLANE('',#6858);
#391=PLANE('',#6859);
#392=PLANE('',#6860);
#393=PLANE('',#6861);
#394=PLANE('',#6862);
#395=PLANE('',#6863);
#396=PLANE('',#6864);
#397=PLANE('',#6865);
#398=PLANE('',#6866);
#399=PLANE('',#6867);
#400=PLANE('',#6868);
#401=PLANE('',#6869);
#402=PLANE('',#6870);
#403=PLANE('',#6871);
#404=PLANE('',#6872);
#405=PLANE('',#6873);
#406=PLANE('',#6874);
#407=PLANE('',#6875);
#408=PLANE('',#6876);
#409=PLANE('',#6877);
#410=PLANE('',#6878);
#411=PLANE('',#6879);
#412=PLANE('',#6880);
#413=PLANE('',#6881);
#414=PLANE('',#6882);
#415=PLANE('',#6883);
#416=PLANE('',#6884);
#417=PLANE('',#6885);
#418=PLANE('',#6886);
#419=PLANE('',#6887);
#420=PLANE('',#6888);
#421=PLANE('',#6889);
#422=PLANE('',#6890);
#423=PLANE('',#6891);
#424=PLANE('',#6892);
#425=PLANE('',#6893);
#426=PLANE('',#6894);
#427=PLANE('',#6895);
#428=PLANE('',#6896);
#429=PLANE('',#6897);
#430=PLANE('',#6901);
#431=PLANE('',#6903);
#432=PLANE('',#6911);
#433=PLANE('',#6912);
#434=PLANE('',#6913);
#435=PLANE('',#6933);
#436=PLANE('',#6934);
#437=PLANE('',#6937);
#438=PLANE('',#6938);
#439=PLANE('',#6939);
#440=PLANE('',#6940);
#441=PLANE('',#6941);
#442=PLANE('',#6942);
#443=PLANE('',#6946);
#444=PLANE('',#6948);
#445=PLANE('',#6956);
#446=PLANE('',#6957);
#447=PLANE('',#6958);
#448=PLANE('',#6963);
#449=PLANE('',#6964);
#450=PLANE('',#6965);
#451=PLANE('',#6981);
#452=PLANE('',#6982);
#453=PLANE('',#6986);
#454=PLANE('',#6987);
#455=PLANE('',#6988);
#456=PLANE('',#6989);
#457=PLANE('',#6990);
#458=PLANE('',#6992);
#459=PLANE('',#6993);
#460=PLANE('',#6994);
#461=PLANE('',#6997);
#462=PLANE('',#6998);
#463=PLANE('',#6999);
#464=PLANE('',#7000);
#465=PLANE('',#7001);
#466=PLANE('',#7002);
#467=PLANE('',#7003);
#468=PLANE('',#7004);
#469=PLANE('',#7005);
#470=PLANE('',#7006);
#471=PLANE('',#7007);
#472=PLANE('',#7008);
#473=PLANE('',#7009);
#474=PLANE('',#7010);
#475=PLANE('',#7011);
#476=PLANE('',#7012);
#477=PLANE('',#7013);
#478=PLANE('',#7014);
#479=PLANE('',#7015);
#480=PLANE('',#7016);
#481=PLANE('',#7017);
#482=PLANE('',#7018);
#483=PLANE('',#7019);
#484=PLANE('',#7020);
#485=PLANE('',#7024);
#486=PLANE('',#7025);
#487=PLANE('',#7026);
#488=PLANE('',#7027);
#489=PLANE('',#7028);
#490=PLANE('',#7029);
#491=PLANE('',#7032);
#492=PLANE('',#7033);
#493=PLANE('',#7034);
#494=PLANE('',#7035);
#495=PLANE('',#7036);
#496=PLANE('',#7037);
#497=PLANE('',#7038);
#498=PLANE('',#7040);
#499=PLANE('',#7041);
#500=PLANE('',#7042);
#501=PLANE('',#7043);
#502=PLANE('',#7044);
#503=PLANE('',#7045);
#504=PLANE('',#7046);
#505=PLANE('',#7047);
#506=PLANE('',#7048);
#507=PLANE('',#7049);
#508=PLANE('',#7050);
#509=PLANE('',#7051);
#510=PLANE('',#7052);
#511=PLANE('',#7053);
#512=PLANE('',#7054);
#513=PLANE('',#7055);
#514=PLANE('',#7056);
#515=PLANE('',#7057);
#516=PLANE('',#7058);
#517=PLANE('',#7059);
#518=PLANE('',#7060);
#519=PLANE('',#7061);
#520=PLANE('',#7062);
#521=PLANE('',#7063);
#522=PLANE('',#7064);
#523=PLANE('',#7065);
#524=PLANE('',#7066);
#525=PLANE('',#7067);
#526=PLANE('',#7068);
#527=PLANE('',#7069);
#528=PLANE('',#7070);
#529=PLANE('',#7071);
#530=PLANE('',#7072);
#531=PLANE('',#7073);
#532=PLANE('',#7074);
#533=PLANE('',#7075);
#534=PLANE('',#7076);
#535=PLANE('',#7077);
#536=PLANE('',#7078);
#537=PLANE('',#7079);
#538=PLANE('',#7080);
#539=PLANE('',#7081);
#540=PLANE('',#7082);
#541=PLANE('',#7083);
#542=PLANE('',#7084);
#543=PLANE('',#7085);
#544=PLANE('',#7086);
#545=PLANE('',#7087);
#546=PLANE('',#7088);
#547=PLANE('',#7089);
#548=PLANE('',#7090);
#549=PLANE('',#7096);
#550=PLANE('',#7100);
#551=PLANE('',#7104);
#552=PLANE('',#7105);
#553=PLANE('',#7112);
#554=PLANE('',#7116);
#555=PLANE('',#7120);
#556=PLANE('',#7121);
#557=PLANE('',#7122);
#558=PLANE('',#7124);
#559=PLANE('',#7125);
#560=PLANE('',#7159);
#561=PLANE('',#7161);
#562=PLANE('',#7163);
#563=PLANE('',#7167);
#564=PLANE('',#7168);
#565=PLANE('',#7169);
#566=PLANE('',#7174);
#567=PLANE('',#7178);
#568=PLANE('',#7179);
#569=PLANE('',#7204);
#570=PLANE('',#7205);
#571=PLANE('',#7206);
#572=PLANE('',#7207);
#573=PLANE('',#7208);
#574=PLANE('',#7209);
#575=PLANE('',#7210);
#576=PLANE('',#7215);
#577=PLANE('',#7216);
#578=PLANE('',#7217);
#579=PLANE('',#7218);
#580=PLANE('',#7267);
#581=PLANE('',#7269);
#582=PLANE('',#7270);
#583=PLANE('',#7271);
#584=PLANE('',#7272);
#585=PLANE('',#7273);
#586=PLANE('',#7274);
#587=PLANE('',#7275);
#588=PLANE('',#7276);
#589=PLANE('',#7277);
#590=PLANE('',#7278);
#591=PLANE('',#7351);
#592=PLANE('',#7352);
#593=PLANE('',#7353);
#594=PLANE('',#7354);
#595=PLANE('',#7355);
#596=PLANE('',#7356);
#597=PLANE('',#7357);
#598=PLANE('',#7358);
#599=PLANE('',#7359);
#600=PLANE('',#7360);
#601=PLANE('',#7361);
#602=PLANE('',#7362);
#603=PLANE('',#7363);
#604=PLANE('',#7364);
#605=PLANE('',#7369);
#606=PLANE('',#7370);
#607=PLANE('',#7376);
#608=PLANE('',#7407);
#609=PLANE('',#7409);
#610=PLANE('',#7410);
#611=PLANE('',#7411);
#612=PLANE('',#7412);
#613=PLANE('',#7441);
#614=PLANE('',#7442);
#615=PLANE('',#7443);
#616=PLANE('',#7445);
#617=PLANE('',#7446);
#618=PLANE('',#7447);
#619=PLANE('',#7448);
#620=PLANE('',#7449);
#621=FACE_OUTER_BOUND('',#992,.T.);
#622=FACE_OUTER_BOUND('',#993,.T.);
#623=FACE_OUTER_BOUND('',#994,.T.);
#624=FACE_OUTER_BOUND('',#995,.T.);
#625=FACE_OUTER_BOUND('',#996,.T.);
#626=FACE_OUTER_BOUND('',#997,.T.);
#627=FACE_OUTER_BOUND('',#998,.T.);
#628=FACE_OUTER_BOUND('',#999,.T.);
#629=FACE_OUTER_BOUND('',#1000,.T.);
#630=FACE_OUTER_BOUND('',#1001,.T.);
#631=FACE_OUTER_BOUND('',#1002,.T.);
#632=FACE_OUTER_BOUND('',#1003,.T.);
#633=FACE_OUTER_BOUND('',#1004,.T.);
#634=FACE_OUTER_BOUND('',#1005,.T.);
#635=FACE_OUTER_BOUND('',#1006,.T.);
#636=FACE_OUTER_BOUND('',#1007,.T.);
#637=FACE_OUTER_BOUND('',#1008,.T.);
#638=FACE_OUTER_BOUND('',#1009,.T.);
#639=FACE_OUTER_BOUND('',#1010,.T.);
#640=FACE_OUTER_BOUND('',#1011,.T.);
#641=FACE_OUTER_BOUND('',#1012,.T.);
#642=FACE_OUTER_BOUND('',#1013,.T.);
#643=FACE_OUTER_BOUND('',#1014,.T.);
#644=FACE_OUTER_BOUND('',#1015,.T.);
#645=FACE_OUTER_BOUND('',#1016,.T.);
#646=FACE_OUTER_BOUND('',#1017,.T.);
#647=FACE_OUTER_BOUND('',#1018,.T.);
#648=FACE_OUTER_BOUND('',#1019,.T.);
#649=FACE_OUTER_BOUND('',#1020,.T.);
#650=FACE_OUTER_BOUND('',#1021,.T.);
#651=FACE_OUTER_BOUND('',#1023,.T.);
#652=FACE_OUTER_BOUND('',#1025,.T.);
#653=FACE_OUTER_BOUND('',#1026,.T.);
#654=FACE_OUTER_BOUND('',#1027,.T.);
#655=FACE_OUTER_BOUND('',#1028,.T.);
#656=FACE_OUTER_BOUND('',#1029,.T.);
#657=FACE_OUTER_BOUND('',#1030,.T.);
#658=FACE_OUTER_BOUND('',#1031,.T.);
#659=FACE_OUTER_BOUND('',#1032,.T.);
#660=FACE_OUTER_BOUND('',#1033,.T.);
#661=FACE_OUTER_BOUND('',#1034,.T.);
#662=FACE_OUTER_BOUND('',#1035,.T.);
#663=FACE_OUTER_BOUND('',#1036,.T.);
#664=FACE_OUTER_BOUND('',#1037,.T.);
#665=FACE_OUTER_BOUND('',#1038,.T.);
#666=FACE_OUTER_BOUND('',#1039,.T.);
#667=FACE_OUTER_BOUND('',#1041,.T.);
#668=FACE_OUTER_BOUND('',#1042,.T.);
#669=FACE_OUTER_BOUND('',#1043,.T.);
#670=FACE_OUTER_BOUND('',#1044,.T.);
#671=FACE_OUTER_BOUND('',#1045,.T.);
#672=FACE_OUTER_BOUND('',#1046,.T.);
#673=FACE_OUTER_BOUND('',#1047,.T.);
#674=FACE_OUTER_BOUND('',#1048,.T.);
#675=FACE_OUTER_BOUND('',#1049,.T.);
#676=FACE_OUTER_BOUND('',#1050,.T.);
#677=FACE_OUTER_BOUND('',#1051,.T.);
#678=FACE_OUTER_BOUND('',#1052,.T.);
#679=FACE_OUTER_BOUND('',#1053,.T.);
#680=FACE_OUTER_BOUND('',#1054,.T.);
#681=FACE_OUTER_BOUND('',#1055,.T.);
#682=FACE_OUTER_BOUND('',#1056,.T.);
#683=FACE_OUTER_BOUND('',#1057,.T.);
#684=FACE_OUTER_BOUND('',#1058,.T.);
#685=FACE_OUTER_BOUND('',#1059,.T.);
#686=FACE_OUTER_BOUND('',#1060,.T.);
#687=FACE_OUTER_BOUND('',#1061,.T.);
#688=FACE_OUTER_BOUND('',#1062,.T.);
#689=FACE_OUTER_BOUND('',#1063,.T.);
#690=FACE_OUTER_BOUND('',#1064,.T.);
#691=FACE_OUTER_BOUND('',#1065,.T.);
#692=FACE_OUTER_BOUND('',#1066,.T.);
#693=FACE_OUTER_BOUND('',#1067,.T.);
#694=FACE_OUTER_BOUND('',#1068,.T.);
#695=FACE_OUTER_BOUND('',#1069,.T.);
#696=FACE_OUTER_BOUND('',#1070,.T.);
#697=FACE_OUTER_BOUND('',#1071,.T.);
#698=FACE_OUTER_BOUND('',#1072,.T.);
#699=FACE_OUTER_BOUND('',#1073,.T.);
#700=FACE_OUTER_BOUND('',#1074,.T.);
#701=FACE_OUTER_BOUND('',#1075,.T.);
#702=FACE_OUTER_BOUND('',#1076,.T.);
#703=FACE_OUTER_BOUND('',#1077,.T.);
#704=FACE_OUTER_BOUND('',#1078,.T.);
#705=FACE_OUTER_BOUND('',#1079,.T.);
#706=FACE_OUTER_BOUND('',#1080,.T.);
#707=FACE_OUTER_BOUND('',#1081,.T.);
#708=FACE_OUTER_BOUND('',#1082,.T.);
#709=FACE_OUTER_BOUND('',#1083,.T.);
#710=FACE_OUTER_BOUND('',#1084,.T.);
#711=FACE_OUTER_BOUND('',#1085,.T.);
#712=FACE_OUTER_BOUND('',#1086,.T.);
#713=FACE_OUTER_BOUND('',#1087,.T.);
#714=FACE_OUTER_BOUND('',#1088,.T.);
#715=FACE_OUTER_BOUND('',#1089,.T.);
#716=FACE_OUTER_BOUND('',#1090,.T.);
#717=FACE_OUTER_BOUND('',#1091,.T.);
#718=FACE_OUTER_BOUND('',#1092,.T.);
#719=FACE_OUTER_BOUND('',#1093,.T.);
#720=FACE_OUTER_BOUND('',#1094,.T.);
#721=FACE_OUTER_BOUND('',#1095,.T.);
#722=FACE_OUTER_BOUND('',#1096,.T.);
#723=FACE_OUTER_BOUND('',#1097,.T.);
#724=FACE_OUTER_BOUND('',#1098,.T.);
#725=FACE_OUTER_BOUND('',#1099,.T.);
#726=FACE_OUTER_BOUND('',#1100,.T.);
#727=FACE_OUTER_BOUND('',#1101,.T.);
#728=FACE_OUTER_BOUND('',#1102,.T.);
#729=FACE_OUTER_BOUND('',#1103,.T.);
#730=FACE_OUTER_BOUND('',#1104,.T.);
#731=FACE_OUTER_BOUND('',#1105,.T.);
#732=FACE_OUTER_BOUND('',#1106,.T.);
#733=FACE_OUTER_BOUND('',#1107,.T.);
#734=FACE_OUTER_BOUND('',#1108,.T.);
#735=FACE_OUTER_BOUND('',#1109,.T.);
#736=FACE_OUTER_BOUND('',#1110,.T.);
#737=FACE_OUTER_BOUND('',#1111,.T.);
#738=FACE_OUTER_BOUND('',#1112,.T.);
#739=FACE_OUTER_BOUND('',#1113,.T.);
#740=FACE_OUTER_BOUND('',#1114,.T.);
#741=FACE_OUTER_BOUND('',#1115,.T.);
#742=FACE_OUTER_BOUND('',#1116,.T.);
#743=FACE_OUTER_BOUND('',#1117,.T.);
#744=FACE_OUTER_BOUND('',#1118,.T.);
#745=FACE_OUTER_BOUND('',#1119,.T.);
#746=FACE_OUTER_BOUND('',#1120,.T.);
#747=FACE_OUTER_BOUND('',#1121,.T.);
#748=FACE_OUTER_BOUND('',#1122,.T.);
#749=FACE_OUTER_BOUND('',#1123,.T.);
#750=FACE_OUTER_BOUND('',#1124,.T.);
#751=FACE_OUTER_BOUND('',#1125,.T.);
#752=FACE_OUTER_BOUND('',#1126,.T.);
#753=FACE_OUTER_BOUND('',#1127,.T.);
#754=FACE_OUTER_BOUND('',#1128,.T.);
#755=FACE_OUTER_BOUND('',#1129,.T.);
#756=FACE_OUTER_BOUND('',#1130,.T.);
#757=FACE_OUTER_BOUND('',#1131,.T.);
#758=FACE_OUTER_BOUND('',#1132,.T.);
#759=FACE_OUTER_BOUND('',#1133,.T.);
#760=FACE_OUTER_BOUND('',#1134,.T.);
#761=FACE_OUTER_BOUND('',#1135,.T.);
#762=FACE_OUTER_BOUND('',#1136,.T.);
#763=FACE_OUTER_BOUND('',#1138,.T.);
#764=FACE_OUTER_BOUND('',#1139,.T.);
#765=FACE_OUTER_BOUND('',#1140,.T.);
#766=FACE_OUTER_BOUND('',#1141,.T.);
#767=FACE_OUTER_BOUND('',#1142,.T.);
#768=FACE_OUTER_BOUND('',#1143,.T.);
#769=FACE_OUTER_BOUND('',#1144,.T.);
#770=FACE_OUTER_BOUND('',#1145,.T.);
#771=FACE_OUTER_BOUND('',#1146,.T.);
#772=FACE_OUTER_BOUND('',#1147,.T.);
#773=FACE_OUTER_BOUND('',#1148,.T.);
#774=FACE_OUTER_BOUND('',#1149,.T.);
#775=FACE_OUTER_BOUND('',#1150,.T.);
#776=FACE_OUTER_BOUND('',#1151,.T.);
#777=FACE_OUTER_BOUND('',#1152,.T.);
#778=FACE_OUTER_BOUND('',#1153,.T.);
#779=FACE_OUTER_BOUND('',#1154,.T.);
#780=FACE_OUTER_BOUND('',#1155,.T.);
#781=FACE_OUTER_BOUND('',#1156,.T.);
#782=FACE_OUTER_BOUND('',#1157,.T.);
#783=FACE_OUTER_BOUND('',#1158,.T.);
#784=FACE_OUTER_BOUND('',#1159,.T.);
#785=FACE_OUTER_BOUND('',#1160,.T.);
#786=FACE_OUTER_BOUND('',#1161,.T.);
#787=FACE_OUTER_BOUND('',#1162,.T.);
#788=FACE_OUTER_BOUND('',#1163,.T.);
#789=FACE_OUTER_BOUND('',#1164,.T.);
#790=FACE_OUTER_BOUND('',#1165,.T.);
#791=FACE_OUTER_BOUND('',#1166,.T.);
#792=FACE_OUTER_BOUND('',#1167,.T.);
#793=FACE_OUTER_BOUND('',#1168,.T.);
#794=FACE_OUTER_BOUND('',#1169,.T.);
#795=FACE_OUTER_BOUND('',#1170,.T.);
#796=FACE_OUTER_BOUND('',#1171,.T.);
#797=FACE_OUTER_BOUND('',#1172,.T.);
#798=FACE_OUTER_BOUND('',#1173,.T.);
#799=FACE_OUTER_BOUND('',#1174,.T.);
#800=FACE_OUTER_BOUND('',#1175,.T.);
#801=FACE_OUTER_BOUND('',#1176,.T.);
#802=FACE_OUTER_BOUND('',#1177,.T.);
#803=FACE_OUTER_BOUND('',#1178,.T.);
#804=FACE_OUTER_BOUND('',#1179,.T.);
#805=FACE_OUTER_BOUND('',#1180,.T.);
#806=FACE_OUTER_BOUND('',#1181,.T.);
#807=FACE_OUTER_BOUND('',#1182,.T.);
#808=FACE_OUTER_BOUND('',#1183,.T.);
#809=FACE_OUTER_BOUND('',#1184,.T.);
#810=FACE_OUTER_BOUND('',#1185,.T.);
#811=FACE_OUTER_BOUND('',#1187,.T.);
#812=FACE_OUTER_BOUND('',#1188,.T.);
#813=FACE_OUTER_BOUND('',#1189,.T.);
#814=FACE_OUTER_BOUND('',#1191,.T.);
#815=FACE_OUTER_BOUND('',#1192,.T.);
#816=FACE_OUTER_BOUND('',#1193,.T.);
#817=FACE_OUTER_BOUND('',#1194,.T.);
#818=FACE_OUTER_BOUND('',#1195,.T.);
#819=FACE_OUTER_BOUND('',#1196,.T.);
#820=FACE_OUTER_BOUND('',#1197,.T.);
#821=FACE_OUTER_BOUND('',#1198,.T.);
#822=FACE_OUTER_BOUND('',#1199,.T.);
#823=FACE_OUTER_BOUND('',#1200,.T.);
#824=FACE_OUTER_BOUND('',#1201,.T.);
#825=FACE_OUTER_BOUND('',#1202,.T.);
#826=FACE_OUTER_BOUND('',#1203,.T.);
#827=FACE_OUTER_BOUND('',#1204,.T.);
#828=FACE_OUTER_BOUND('',#1205,.T.);
#829=FACE_OUTER_BOUND('',#1206,.T.);
#830=FACE_OUTER_BOUND('',#1207,.T.);
#831=FACE_OUTER_BOUND('',#1208,.T.);
#832=FACE_OUTER_BOUND('',#1209,.T.);
#833=FACE_OUTER_BOUND('',#1210,.T.);
#834=FACE_OUTER_BOUND('',#1211,.T.);
#835=FACE_OUTER_BOUND('',#1237,.T.);
#836=FACE_OUTER_BOUND('',#1238,.T.);
#837=FACE_OUTER_BOUND('',#1239,.T.);
#838=FACE_OUTER_BOUND('',#1240,.T.);
#839=FACE_OUTER_BOUND('',#1241,.T.);
#840=FACE_OUTER_BOUND('',#1242,.T.);
#841=FACE_OUTER_BOUND('',#1243,.T.);
#842=FACE_OUTER_BOUND('',#1244,.T.);
#843=FACE_OUTER_BOUND('',#1245,.T.);
#844=FACE_OUTER_BOUND('',#1246,.T.);
#845=FACE_OUTER_BOUND('',#1247,.T.);
#846=FACE_OUTER_BOUND('',#1248,.T.);
#847=FACE_OUTER_BOUND('',#1249,.T.);
#848=FACE_OUTER_BOUND('',#1250,.T.);
#849=FACE_OUTER_BOUND('',#1251,.T.);
#850=FACE_OUTER_BOUND('',#1252,.T.);
#851=FACE_OUTER_BOUND('',#1253,.T.);
#852=FACE_OUTER_BOUND('',#1254,.T.);
#853=FACE_OUTER_BOUND('',#1255,.T.);
#854=FACE_OUTER_BOUND('',#1256,.T.);
#855=FACE_OUTER_BOUND('',#1257,.T.);
#856=FACE_OUTER_BOUND('',#1258,.T.);
#857=FACE_OUTER_BOUND('',#1259,.T.);
#858=FACE_OUTER_BOUND('',#1260,.T.);
#859=FACE_OUTER_BOUND('',#1261,.T.);
#860=FACE_OUTER_BOUND('',#1262,.T.);
#861=FACE_OUTER_BOUND('',#1263,.T.);
#862=FACE_OUTER_BOUND('',#1264,.T.);
#863=FACE_OUTER_BOUND('',#1265,.T.);
#864=FACE_OUTER_BOUND('',#1266,.T.);
#865=FACE_OUTER_BOUND('',#1267,.T.);
#866=FACE_OUTER_BOUND('',#1268,.T.);
#867=FACE_OUTER_BOUND('',#1269,.T.);
#868=FACE_OUTER_BOUND('',#1270,.T.);
#869=FACE_OUTER_BOUND('',#1271,.T.);
#870=FACE_OUTER_BOUND('',#1272,.T.);
#871=FACE_OUTER_BOUND('',#1273,.T.);
#872=FACE_OUTER_BOUND('',#1274,.T.);
#873=FACE_OUTER_BOUND('',#1275,.T.);
#874=FACE_OUTER_BOUND('',#1276,.T.);
#875=FACE_OUTER_BOUND('',#1277,.T.);
#876=FACE_OUTER_BOUND('',#1278,.T.);
#877=FACE_OUTER_BOUND('',#1279,.T.);
#878=FACE_OUTER_BOUND('',#1280,.T.);
#879=FACE_OUTER_BOUND('',#1281,.T.);
#880=FACE_OUTER_BOUND('',#1282,.T.);
#881=FACE_OUTER_BOUND('',#1283,.T.);
#882=FACE_OUTER_BOUND('',#1284,.T.);
#883=FACE_OUTER_BOUND('',#1285,.T.);
#884=FACE_OUTER_BOUND('',#1286,.T.);
#885=FACE_OUTER_BOUND('',#1287,.T.);
#886=FACE_OUTER_BOUND('',#1288,.T.);
#887=FACE_OUTER_BOUND('',#1289,.T.);
#888=FACE_OUTER_BOUND('',#1290,.T.);
#889=FACE_OUTER_BOUND('',#1291,.T.);
#890=FACE_OUTER_BOUND('',#1292,.T.);
#891=FACE_OUTER_BOUND('',#1293,.T.);
#892=FACE_OUTER_BOUND('',#1294,.T.);
#893=FACE_OUTER_BOUND('',#1295,.T.);
#894=FACE_OUTER_BOUND('',#1296,.T.);
#895=FACE_OUTER_BOUND('',#1297,.T.);
#896=FACE_OUTER_BOUND('',#1298,.T.);
#897=FACE_OUTER_BOUND('',#1299,.T.);
#898=FACE_OUTER_BOUND('',#1300,.T.);
#899=FACE_OUTER_BOUND('',#1301,.T.);
#900=FACE_OUTER_BOUND('',#1327,.T.);
#901=FACE_OUTER_BOUND('',#1328,.T.);
#902=FACE_OUTER_BOUND('',#1329,.T.);
#903=FACE_OUTER_BOUND('',#1330,.T.);
#904=FACE_OUTER_BOUND('',#1331,.T.);
#905=FACE_OUTER_BOUND('',#1332,.T.);
#906=FACE_OUTER_BOUND('',#1333,.T.);
#907=FACE_OUTER_BOUND('',#1334,.T.);
#908=FACE_OUTER_BOUND('',#1335,.T.);
#909=FACE_OUTER_BOUND('',#1336,.T.);
#910=FACE_OUTER_BOUND('',#1337,.T.);
#911=FACE_OUTER_BOUND('',#1338,.T.);
#912=FACE_OUTER_BOUND('',#1339,.T.);
#913=FACE_OUTER_BOUND('',#1340,.T.);
#914=FACE_OUTER_BOUND('',#1341,.T.);
#915=FACE_OUTER_BOUND('',#1342,.T.);
#916=FACE_OUTER_BOUND('',#1343,.T.);
#917=FACE_OUTER_BOUND('',#1344,.T.);
#918=FACE_OUTER_BOUND('',#1345,.T.);
#919=FACE_OUTER_BOUND('',#1346,.T.);
#920=FACE_OUTER_BOUND('',#1347,.T.);
#921=FACE_OUTER_BOUND('',#1348,.T.);
#922=FACE_OUTER_BOUND('',#1349,.T.);
#923=FACE_OUTER_BOUND('',#1350,.T.);
#924=FACE_OUTER_BOUND('',#1351,.T.);
#925=FACE_OUTER_BOUND('',#1352,.T.);
#926=FACE_OUTER_BOUND('',#1353,.T.);
#927=FACE_OUTER_BOUND('',#1354,.T.);
#928=FACE_OUTER_BOUND('',#1355,.T.);
#929=FACE_OUTER_BOUND('',#1356,.T.);
#930=FACE_OUTER_BOUND('',#1357,.T.);
#931=FACE_OUTER_BOUND('',#1358,.T.);
#932=FACE_OUTER_BOUND('',#1359,.T.);
#933=FACE_OUTER_BOUND('',#1360,.T.);
#934=FACE_OUTER_BOUND('',#1361,.T.);
#935=FACE_OUTER_BOUND('',#1362,.T.);
#936=FACE_OUTER_BOUND('',#1363,.T.);
#937=FACE_OUTER_BOUND('',#1364,.T.);
#938=FACE_OUTER_BOUND('',#1365,.T.);
#939=FACE_OUTER_BOUND('',#1367,.T.);
#940=FACE_OUTER_BOUND('',#1368,.T.);
#941=FACE_OUTER_BOUND('',#1393,.T.);
#942=FACE_OUTER_BOUND('',#1394,.T.);
#943=FACE_OUTER_BOUND('',#1396,.T.);
#944=FACE_OUTER_BOUND('',#1397,.T.);
#945=FACE_OUTER_BOUND('',#1398,.T.);
#946=FACE_OUTER_BOUND('',#1423,.T.);
#947=FACE_OUTER_BOUND('',#1424,.T.);
#948=FACE_OUTER_BOUND('',#1425,.T.);
#949=FACE_OUTER_BOUND('',#1426,.T.);
#950=FACE_OUTER_BOUND('',#1427,.T.);
#951=FACE_OUTER_BOUND('',#1428,.T.);
#952=FACE_OUTER_BOUND('',#1429,.T.);
#953=FACE_OUTER_BOUND('',#1430,.T.);
#954=FACE_OUTER_BOUND('',#1431,.T.);
#955=FACE_OUTER_BOUND('',#1432,.T.);
#956=FACE_OUTER_BOUND('',#1433,.T.);
#957=FACE_OUTER_BOUND('',#1434,.T.);
#958=FACE_OUTER_BOUND('',#1435,.T.);
#959=FACE_OUTER_BOUND('',#1436,.T.);
#960=FACE_OUTER_BOUND('',#1437,.T.);
#961=FACE_OUTER_BOUND('',#1438,.T.);
#962=FACE_OUTER_BOUND('',#1439,.T.);
#963=FACE_OUTER_BOUND('',#1440,.T.);
#964=FACE_OUTER_BOUND('',#1441,.T.);
#965=FACE_OUTER_BOUND('',#1442,.T.);
#966=FACE_OUTER_BOUND('',#1443,.T.);
#967=FACE_OUTER_BOUND('',#1444,.T.);
#968=FACE_OUTER_BOUND('',#1445,.T.);
#969=FACE_OUTER_BOUND('',#1446,.T.);
#970=FACE_OUTER_BOUND('',#1447,.T.);
#971=FACE_OUTER_BOUND('',#1448,.T.);
#972=FACE_OUTER_BOUND('',#1449,.T.);
#973=FACE_OUTER_BOUND('',#1450,.T.);
#974=FACE_OUTER_BOUND('',#1451,.T.);
#975=FACE_OUTER_BOUND('',#1452,.T.);
#976=FACE_OUTER_BOUND('',#1453,.T.);
#977=FACE_OUTER_BOUND('',#1454,.T.);
#978=FACE_OUTER_BOUND('',#1455,.T.);
#979=FACE_OUTER_BOUND('',#1456,.T.);
#980=FACE_OUTER_BOUND('',#1457,.T.);
#981=FACE_OUTER_BOUND('',#1458,.T.);
#982=FACE_OUTER_BOUND('',#1459,.T.);
#983=FACE_OUTER_BOUND('',#1460,.T.);
#984=FACE_OUTER_BOUND('',#1461,.T.);
#985=FACE_OUTER_BOUND('',#1462,.T.);
#986=FACE_OUTER_BOUND('',#1463,.T.);
#987=FACE_OUTER_BOUND('',#1464,.T.);
#988=FACE_OUTER_BOUND('',#1465,.T.);
#989=FACE_OUTER_BOUND('',#1466,.T.);
#990=FACE_OUTER_BOUND('',#1467,.T.);
#991=FACE_OUTER_BOUND('',#1468,.T.);
#992=EDGE_LOOP('',(#4424,#4425,#4426,#4427));
#993=EDGE_LOOP('',(#4428,#4429,#4430,#4431));
#994=EDGE_LOOP('',(#4432,#4433,#4434,#4435));
#995=EDGE_LOOP('',(#4436,#4437,#4438,#4439));
#996=EDGE_LOOP('',(#4440,#4441,#4442,#4443));
#997=EDGE_LOOP('',(#4444,#4445,#4446,#4447));
#998=EDGE_LOOP('',(#4448,#4449,#4450,#4451));
#999=EDGE_LOOP('',(#4452,#4453,#4454,#4455));
#1000=EDGE_LOOP('',(#4456,#4457,#4458,#4459));
#1001=EDGE_LOOP('',(#4460,#4461,#4462,#4463));
#1002=EDGE_LOOP('',(#4464,#4465,#4466,#4467));
#1003=EDGE_LOOP('',(#4468,#4469,#4470,#4471));
#1004=EDGE_LOOP('',(#4472,#4473,#4474,#4475));
#1005=EDGE_LOOP('',(#4476,#4477,#4478,#4479));
#1006=EDGE_LOOP('',(#4480,#4481,#4482,#4483));
#1007=EDGE_LOOP('',(#4484,#4485,#4486));
#1008=EDGE_LOOP('',(#4487,#4488,#4489,#4490));
#1009=EDGE_LOOP('',(#4491,#4492,#4493));
#1010=EDGE_LOOP('',(#4494,#4495,#4496,#4497));
#1011=EDGE_LOOP('',(#4498,#4499,#4500));
#1012=EDGE_LOOP('',(#4501,#4502,#4503,#4504));
#1013=EDGE_LOOP('',(#4505,#4506,#4507));
#1014=EDGE_LOOP('',(#4508,#4509,#4510,#4511));
#1015=EDGE_LOOP('',(#4512,#4513,#4514,#4515));
#1016=EDGE_LOOP('',(#4516,#4517,#4518,#4519));
#1017=EDGE_LOOP('',(#4520,#4521,#4522,#4523));
#1018=EDGE_LOOP('',(#4524,#4525,#4526,#4527));
#1019=EDGE_LOOP('',(#4528,#4529,#4530,#4531));
#1020=EDGE_LOOP('',(#4532,#4533,#4534,#4535));
#1021=EDGE_LOOP('',(#4536,#4537,#4538,#4539,#4540,#4541,#4542,#4543));
#1022=EDGE_LOOP('',(#4544,#4545,#4546,#4547,#4548,#4549,#4550,#4551));
#1023=EDGE_LOOP('',(#4552,#4553,#4554,#4555));
#1024=EDGE_LOOP('',(#4556,#4557,#4558,#4559));
#1025=EDGE_LOOP('',(#4560,#4561,#4562));
#1026=EDGE_LOOP('',(#4563,#4564,#4565,#4566));
#1027=EDGE_LOOP('',(#4567,#4568,#4569));
#1028=EDGE_LOOP('',(#4570,#4571,#4572,#4573));
#1029=EDGE_LOOP('',(#4574,#4575,#4576));
#1030=EDGE_LOOP('',(#4577,#4578,#4579,#4580));
#1031=EDGE_LOOP('',(#4581,#4582,#4583,#4584));
#1032=EDGE_LOOP('',(#4585,#4586,#4587));
#1033=EDGE_LOOP('',(#4588,#4589,#4590,#4591));
#1034=EDGE_LOOP('',(#4592,#4593,#4594,#4595));
#1035=EDGE_LOOP('',(#4596,#4597,#4598,#4599));
#1036=EDGE_LOOP('',(#4600,#4601,#4602,#4603));
#1037=EDGE_LOOP('',(#4604,#4605,#4606,#4607));
#1038=EDGE_LOOP('',(#4608,#4609,#4610,#4611));
#1039=EDGE_LOOP('',(#4612,#4613,#4614,#4615));
#1040=EDGE_LOOP('',(#4616,#4617,#4618,#4619));
#1041=EDGE_LOOP('',(#4620,#4621,#4622,#4623));
#1042=EDGE_LOOP('',(#4624,#4625,#4626,#4627));
#1043=EDGE_LOOP('',(#4628,#4629,#4630,#4631));
#1044=EDGE_LOOP('',(#4632,#4633,#4634,#4635));
#1045=EDGE_LOOP('',(#4636,#4637,#4638,#4639));
#1046=EDGE_LOOP('',(#4640,#4641,#4642,#4643));
#1047=EDGE_LOOP('',(#4644,#4645,#4646,#4647,#4648));
#1048=EDGE_LOOP('',(#4649,#4650,#4651,#4652,#4653));
#1049=EDGE_LOOP('',(#4654,#4655,#4656,#4657));
#1050=EDGE_LOOP('',(#4658,#4659,#4660,#4661));
#1051=EDGE_LOOP('',(#4662,#4663,#4664,#4665));
#1052=EDGE_LOOP('',(#4666,#4667,#4668,#4669));
#1053=EDGE_LOOP('',(#4670,#4671,#4672,#4673,#4674));
#1054=EDGE_LOOP('',(#4675,#4676,#4677,#4678));
#1055=EDGE_LOOP('',(#4679,#4680,#4681,#4682,#4683));
#1056=EDGE_LOOP('',(#4684,#4685,#4686,#4687,#4688));
#1057=EDGE_LOOP('',(#4689,#4690,#4691,#4692,#4693,#4694));
#1058=EDGE_LOOP('',(#4695,#4696,#4697,#4698,#4699,#4700,#4701));
#1059=EDGE_LOOP('',(#4702,#4703,#4704,#4705));
#1060=EDGE_LOOP('',(#4706,#4707,#4708,#4709,#4710,#4711,#4712));
#1061=EDGE_LOOP('',(#4713,#4714,#4715,#4716,#4717,#4718,#4719));
#1062=EDGE_LOOP('',(#4720,#4721,#4722,#4723));
#1063=EDGE_LOOP('',(#4724,#4725,#4726,#4727));
#1064=EDGE_LOOP('',(#4728,#4729,#4730,#4731));
#1065=EDGE_LOOP('',(#4732,#4733,#4734,#4735));
#1066=EDGE_LOOP('',(#4736,#4737,#4738));
#1067=EDGE_LOOP('',(#4739,#4740,#4741));
#1068=EDGE_LOOP('',(#4742,#4743,#4744,#4745,#4746));
#1069=EDGE_LOOP('',(#4747,#4748,#4749,#4750));
#1070=EDGE_LOOP('',(#4751,#4752,#4753,#4754));
#1071=EDGE_LOOP('',(#4755,#4756,#4757,#4758,#4759));
#1072=EDGE_LOOP('',(#4760,#4761,#4762,#4763,#4764));
#1073=EDGE_LOOP('',(#4765,#4766,#4767,#4768));
#1074=EDGE_LOOP('',(#4769,#4770,#4771,#4772));
#1075=EDGE_LOOP('',(#4773,#4774,#4775,#4776));
#1076=EDGE_LOOP('',(#4777,#4778,#4779,#4780));
#1077=EDGE_LOOP('',(#4781,#4782,#4783,#4784,#4785));
#1078=EDGE_LOOP('',(#4786,#4787,#4788,#4789));
#1079=EDGE_LOOP('',(#4790,#4791,#4792,#4793,#4794,#4795,#4796));
#1080=EDGE_LOOP('',(#4797,#4798,#4799,#4800,#4801));
#1081=EDGE_LOOP('',(#4802,#4803,#4804,#4805));
#1082=EDGE_LOOP('',(#4806,#4807,#4808,#4809,#4810));
#1083=EDGE_LOOP('',(#4811,#4812,#4813,#4814,#4815));
#1084=EDGE_LOOP('',(#4816,#4817,#4818,#4819,#4820));
#1085=EDGE_LOOP('',(#4821,#4822,#4823,#4824));
#1086=EDGE_LOOP('',(#4825,#4826,#4827,#4828,#4829,#4830,#4831));
#1087=EDGE_LOOP('',(#4832,#4833,#4834,#4835,#4836,#4837));
#1088=EDGE_LOOP('',(#4838,#4839,#4840,#4841,#4842,#4843,#4844));
#1089=EDGE_LOOP('',(#4845,#4846,#4847));
#1090=EDGE_LOOP('',(#4848,#4849,#4850,#4851,#4852,#4853));
#1091=EDGE_LOOP('',(#4854,#4855,#4856));
#1092=EDGE_LOOP('',(#4857,#4858,#4859,#4860));
#1093=EDGE_LOOP('',(#4861,#4862,#4863,#4864));
#1094=EDGE_LOOP('',(#4865,#4866,#4867,#4868,#4869,#4870));
#1095=EDGE_LOOP('',(#4871,#4872,#4873,#4874));
#1096=EDGE_LOOP('',(#4875,#4876,#4877,#4878,#4879,#4880,#4881));
#1097=EDGE_LOOP('',(#4882,#4883,#4884,#4885,#4886,#4887,#4888));
#1098=EDGE_LOOP('',(#4889,#4890,#4891,#4892,#4893,#4894,#4895,#4896));
#1099=EDGE_LOOP('',(#4897,#4898,#4899,#4900));
#1100=EDGE_LOOP('',(#4901,#4902,#4903,#4904));
#1101=EDGE_LOOP('',(#4905,#4906,#4907,#4908));
#1102=EDGE_LOOP('',(#4909,#4910,#4911,#4912,#4913,#4914,#4915));
#1103=EDGE_LOOP('',(#4916,#4917,#4918,#4919,#4920,#4921,#4922));
#1104=EDGE_LOOP('',(#4923,#4924,#4925));
#1105=EDGE_LOOP('',(#4926,#4927,#4928,#4929));
#1106=EDGE_LOOP('',(#4930,#4931,#4932));
#1107=EDGE_LOOP('',(#4933,#4934,#4935,#4936));
#1108=EDGE_LOOP('',(#4937,#4938,#4939));
#1109=EDGE_LOOP('',(#4940,#4941,#4942));
#1110=EDGE_LOOP('',(#4943,#4944,#4945,#4946));
#1111=EDGE_LOOP('',(#4947,#4948,#4949));
#1112=EDGE_LOOP('',(#4950,#4951,#4952,#4953));
#1113=EDGE_LOOP('',(#4954,#4955,#4956,#4957));
#1114=EDGE_LOOP('',(#4958,#4959,#4960));
#1115=EDGE_LOOP('',(#4961,#4962,#4963,#4964));
#1116=EDGE_LOOP('',(#4965,#4966,#4967));
#1117=EDGE_LOOP('',(#4968,#4969,#4970,#4971));
#1118=EDGE_LOOP('',(#4972,#4973,#4974,#4975));
#1119=EDGE_LOOP('',(#4976,#4977,#4978));
#1120=EDGE_LOOP('',(#4979,#4980,#4981,#4982));
#1121=EDGE_LOOP('',(#4983,#4984,#4985,#4986));
#1122=EDGE_LOOP('',(#4987,#4988,#4989,#4990,#4991));
#1123=EDGE_LOOP('',(#4992,#4993,#4994,#4995));
#1124=EDGE_LOOP('',(#4996,#4997,#4998,#4999));
#1125=EDGE_LOOP('',(#5000,#5001,#5002,#5003));
#1126=EDGE_LOOP('',(#5004,#5005,#5006,#5007));
#1127=EDGE_LOOP('',(#5008,#5009,#5010,#5011));
#1128=EDGE_LOOP('',(#5012,#5013,#5014,#5015));
#1129=EDGE_LOOP('',(#5016,#5017,#5018,#5019));
#1130=EDGE_LOOP('',(#5020,#5021,#5022,#5023));
#1131=EDGE_LOOP('',(#5024,#5025,#5026,#5027));
#1132=EDGE_LOOP('',(#5028,#5029,#5030,#5031));
#1133=EDGE_LOOP('',(#5032,#5033,#5034,#5035,#5036,#5037));
#1134=EDGE_LOOP('',(#5038,#5039,#5040,#5041));
#1135=EDGE_LOOP('',(#5042,#5043,#5044,#5045,#5046,#5047));
#1136=EDGE_LOOP('',(#5048,#5049,#5050,#5051,#5052,#5053,#5054,#5055));
#1137=EDGE_LOOP('',(#5056,#5057,#5058,#5059));
#1138=EDGE_LOOP('',(#5060,#5061,#5062,#5063,#5064,#5065,#5066,#5067,#5068,
#5069,#5070,#5071,#5072,#5073));
#1139=EDGE_LOOP('',(#5074,#5075,#5076,#5077));
#1140=EDGE_LOOP('',(#5078,#5079,#5080,#5081,#5082,#5083));
#1141=EDGE_LOOP('',(#5084,#5085,#5086,#5087,#5088,#5089));
#1142=EDGE_LOOP('',(#5090,#5091,#5092,#5093));
#1143=EDGE_LOOP('',(#5094,#5095,#5096,#5097));
#1144=EDGE_LOOP('',(#5098,#5099,#5100,#5101));
#1145=EDGE_LOOP('',(#5102,#5103,#5104,#5105));
#1146=EDGE_LOOP('',(#5106,#5107,#5108,#5109));
#1147=EDGE_LOOP('',(#5110,#5111,#5112,#5113));
#1148=EDGE_LOOP('',(#5114,#5115,#5116,#5117));
#1149=EDGE_LOOP('',(#5118,#5119,#5120,#5121,#5122,#5123));
#1150=EDGE_LOOP('',(#5124,#5125,#5126,#5127,#5128,#5129,#5130));
#1151=EDGE_LOOP('',(#5131,#5132,#5133,#5134,#5135,#5136,#5137,#5138,#5139,
#5140,#5141,#5142));
#1152=EDGE_LOOP('',(#5143,#5144,#5145,#5146,#5147,#5148,#5149));
#1153=EDGE_LOOP('',(#5150,#5151,#5152,#5153,#5154,#5155,#5156,#5157,#5158,
#5159,#5160,#5161,#5162,#5163,#5164,#5165,#5166,#5167,#5168,#5169,#5170,
#5171));
#1154=EDGE_LOOP('',(#5172,#5173,#5174,#5175));
#1155=EDGE_LOOP('',(#5176,#5177,#5178,#5179));
#1156=EDGE_LOOP('',(#5180,#5181,#5182,#5183));
#1157=EDGE_LOOP('',(#5184,#5185,#5186,#5187));
#1158=EDGE_LOOP('',(#5188,#5189,#5190,#5191));
#1159=EDGE_LOOP('',(#5192,#5193,#5194,#5195));
#1160=EDGE_LOOP('',(#5196,#5197,#5198,#5199));
#1161=EDGE_LOOP('',(#5200,#5201,#5202,#5203));
#1162=EDGE_LOOP('',(#5204,#5205,#5206,#5207));
#1163=EDGE_LOOP('',(#5208,#5209,#5210,#5211));
#1164=EDGE_LOOP('',(#5212,#5213,#5214,#5215));
#1165=EDGE_LOOP('',(#5216,#5217,#5218,#5219));
#1166=EDGE_LOOP('',(#5220,#5221,#5222,#5223));
#1167=EDGE_LOOP('',(#5224,#5225,#5226,#5227));
#1168=EDGE_LOOP('',(#5228,#5229,#5230,#5231));
#1169=EDGE_LOOP('',(#5232,#5233,#5234,#5235));
#1170=EDGE_LOOP('',(#5236,#5237,#5238,#5239));
#1171=EDGE_LOOP('',(#5240,#5241,#5242,#5243));
#1172=EDGE_LOOP('',(#5244,#5245,#5246,#5247));
#1173=EDGE_LOOP('',(#5248,#5249,#5250,#5251));
#1174=EDGE_LOOP('',(#5252,#5253,#5254,#5255));
#1175=EDGE_LOOP('',(#5256,#5257,#5258,#5259));
#1176=EDGE_LOOP('',(#5260,#5261,#5262,#5263));
#1177=EDGE_LOOP('',(#5264,#5265,#5266,#5267));
#1178=EDGE_LOOP('',(#5268,#5269,#5270,#5271,#5272,#5273));
#1179=EDGE_LOOP('',(#5274,#5275,#5276,#5277));
#1180=EDGE_LOOP('',(#5278,#5279,#5280,#5281,#5282,#5283,#5284,#5285,#5286,
#5287,#5288,#5289,#5290,#5291,#5292,#5293));
#1181=EDGE_LOOP('',(#5294,#5295,#5296,#5297));
#1182=EDGE_LOOP('',(#5298,#5299,#5300,#5301));
#1183=EDGE_LOOP('',(#5302,#5303,#5304,#5305,#5306,#5307));
#1184=EDGE_LOOP('',(#5308,#5309,#5310,#5311));
#1185=EDGE_LOOP('',(#5312,#5313,#5314,#5315,#5316,#5317,#5318,#5319,#5320,
#5321,#5322,#5323));
#1186=EDGE_LOOP('',(#5324,#5325,#5326,#5327));
#1187=EDGE_LOOP('',(#5328,#5329,#5330,#5331));
#1188=EDGE_LOOP('',(#5332,#5333,#5334,#5335,#5336,#5337,#5338,#5339,#5340,
#5341,#5342,#5343));
#1189=EDGE_LOOP('',(#5344,#5345,#5346,#5347,#5348,#5349,#5350,#5351,#5352,
#5353,#5354,#5355));
#1190=EDGE_LOOP('',(#5356,#5357,#5358,#5359));
#1191=EDGE_LOOP('',(#5360,#5361,#5362,#5363));
#1192=EDGE_LOOP('',(#5364,#5365,#5366,#5367));
#1193=EDGE_LOOP('',(#5368,#5369,#5370,#5371));
#1194=EDGE_LOOP('',(#5372,#5373,#5374,#5375));
#1195=EDGE_LOOP('',(#5376,#5377,#5378,#5379));
#1196=EDGE_LOOP('',(#5380,#5381,#5382,#5383));
#1197=EDGE_LOOP('',(#5384,#5385,#5386,#5387));
#1198=EDGE_LOOP('',(#5388,#5389,#5390,#5391));
#1199=EDGE_LOOP('',(#5392,#5393,#5394,#5395));
#1200=EDGE_LOOP('',(#5396,#5397,#5398,#5399));
#1201=EDGE_LOOP('',(#5400,#5401,#5402,#5403));
#1202=EDGE_LOOP('',(#5404,#5405,#5406,#5407));
#1203=EDGE_LOOP('',(#5408,#5409,#5410,#5411));
#1204=EDGE_LOOP('',(#5412,#5413,#5414,#5415));
#1205=EDGE_LOOP('',(#5416,#5417,#5418,#5419,#5420));
#1206=EDGE_LOOP('',(#5421,#5422,#5423,#5424));
#1207=EDGE_LOOP('',(#5425,#5426,#5427,#5428,#5429));
#1208=EDGE_LOOP('',(#5430,#5431,#5432,#5433));
#1209=EDGE_LOOP('',(#5434,#5435,#5436,#5437,#5438,#5439,#5440,#5441,#5442,
#5443,#5444,#5445));
#1210=EDGE_LOOP('',(#5446,#5447,#5448,#5449,#5450,#5451,#5452,#5453,#5454,
#5455));
#1211=EDGE_LOOP('',(#5456,#5457,#5458,#5459,#5460,#5461,#5462,#5463,#5464,
#5465,#5466,#5467,#5468,#5469,#5470,#5471,#5472,#5473,#5474,#5475,#5476,
#5477,#5478,#5479,#5480,#5481,#5482,#5483,#5484,#5485,#5486,#5487,#5488,
#5489,#5490,#5491,#5492,#5493));
#1212=EDGE_LOOP('',(#5494));
#1213=EDGE_LOOP('',(#5495));
#1214=EDGE_LOOP('',(#5496));
#1215=EDGE_LOOP('',(#5497));
#1216=EDGE_LOOP('',(#5498));
#1217=EDGE_LOOP('',(#5499));
#1218=EDGE_LOOP('',(#5500));
#1219=EDGE_LOOP('',(#5501));
#1220=EDGE_LOOP('',(#5502));
#1221=EDGE_LOOP('',(#5503));
#1222=EDGE_LOOP('',(#5504));
#1223=EDGE_LOOP('',(#5505));
#1224=EDGE_LOOP('',(#5506));
#1225=EDGE_LOOP('',(#5507));
#1226=EDGE_LOOP('',(#5508));
#1227=EDGE_LOOP('',(#5509));
#1228=EDGE_LOOP('',(#5510));
#1229=EDGE_LOOP('',(#5511));
#1230=EDGE_LOOP('',(#5512));
#1231=EDGE_LOOP('',(#5513));
#1232=EDGE_LOOP('',(#5514));
#1233=EDGE_LOOP('',(#5515));
#1234=EDGE_LOOP('',(#5516));
#1235=EDGE_LOOP('',(#5517));
#1236=EDGE_LOOP('',(#5518,#5519,#5520,#5521,#5522,#5523,#5524));
#1237=EDGE_LOOP('',(#5525,#5526,#5527,#5528));
#1238=EDGE_LOOP('',(#5529,#5530,#5531,#5532));
#1239=EDGE_LOOP('',(#5533,#5534,#5535,#5536,#5537));
#1240=EDGE_LOOP('',(#5538,#5539,#5540,#5541));
#1241=EDGE_LOOP('',(#5542,#5543,#5544,#5545,#5546));
#1242=EDGE_LOOP('',(#5547,#5548,#5549,#5550));
#1243=EDGE_LOOP('',(#5551,#5552,#5553,#5554,#5555));
#1244=EDGE_LOOP('',(#5556,#5557,#5558,#5559,#5560));
#1245=EDGE_LOOP('',(#5561,#5562,#5563,#5564));
#1246=EDGE_LOOP('',(#5565,#5566,#5567,#5568));
#1247=EDGE_LOOP('',(#5569,#5570,#5571,#5572,#5573));
#1248=EDGE_LOOP('',(#5574,#5575,#5576,#5577));
#1249=EDGE_LOOP('',(#5578,#5579,#5580,#5581,#5582));
#1250=EDGE_LOOP('',(#5583,#5584,#5585,#5586));
#1251=EDGE_LOOP('',(#5587,#5588,#5589,#5590));
#1252=EDGE_LOOP('',(#5591,#5592,#5593,#5594));
#1253=EDGE_LOOP('',(#5595,#5596,#5597,#5598));
#1254=EDGE_LOOP('',(#5599,#5600,#5601,#5602));
#1255=EDGE_LOOP('',(#5603,#5604,#5605,#5606));
#1256=EDGE_LOOP('',(#5607,#5608,#5609,#5610));
#1257=EDGE_LOOP('',(#5611,#5612,#5613,#5614));
#1258=EDGE_LOOP('',(#5615,#5616,#5617,#5618));
#1259=EDGE_LOOP('',(#5619,#5620,#5621,#5622));
#1260=EDGE_LOOP('',(#5623,#5624,#5625,#5626));
#1261=EDGE_LOOP('',(#5627,#5628,#5629,#5630));
#1262=EDGE_LOOP('',(#5631,#5632,#5633,#5634));
#1263=EDGE_LOOP('',(#5635,#5636,#5637,#5638));
#1264=EDGE_LOOP('',(#5639,#5640,#5641,#5642));
#1265=EDGE_LOOP('',(#5643,#5644,#5645,#5646,#5647,#5648));
#1266=EDGE_LOOP('',(#5649,#5650,#5651,#5652));
#1267=EDGE_LOOP('',(#5653,#5654,#5655,#5656));
#1268=EDGE_LOOP('',(#5657,#5658,#5659,#5660));
#1269=EDGE_LOOP('',(#5661,#5662,#5663,#5664));
#1270=EDGE_LOOP('',(#5665,#5666,#5667,#5668));
#1271=EDGE_LOOP('',(#5669,#5670,#5671,#5672));
#1272=EDGE_LOOP('',(#5673,#5674,#5675,#5676));
#1273=EDGE_LOOP('',(#5677,#5678,#5679,#5680));
#1274=EDGE_LOOP('',(#5681,#5682,#5683,#5684));
#1275=EDGE_LOOP('',(#5685,#5686,#5687,#5688));
#1276=EDGE_LOOP('',(#5689,#5690,#5691,#5692,#5693,#5694,#5695,#5696,#5697,
#5698,#5699,#5700));
#1277=EDGE_LOOP('',(#5701,#5702,#5703,#5704));
#1278=EDGE_LOOP('',(#5705,#5706,#5707,#5708));
#1279=EDGE_LOOP('',(#5709,#5710,#5711,#5712));
#1280=EDGE_LOOP('',(#5713,#5714,#5715,#5716));
#1281=EDGE_LOOP('',(#5717,#5718,#5719,#5720));
#1282=EDGE_LOOP('',(#5721,#5722,#5723,#5724));
#1283=EDGE_LOOP('',(#5725,#5726,#5727,#5728));
#1284=EDGE_LOOP('',(#5729,#5730,#5731,#5732));
#1285=EDGE_LOOP('',(#5733,#5734,#5735,#5736));
#1286=EDGE_LOOP('',(#5737,#5738,#5739,#5740));
#1287=EDGE_LOOP('',(#5741,#5742,#5743,#5744));
#1288=EDGE_LOOP('',(#5745,#5746,#5747,#5748));
#1289=EDGE_LOOP('',(#5749,#5750,#5751,#5752));
#1290=EDGE_LOOP('',(#5753,#5754,#5755,#5756));
#1291=EDGE_LOOP('',(#5757,#5758,#5759,#5760));
#1292=EDGE_LOOP('',(#5761,#5762,#5763,#5764));
#1293=EDGE_LOOP('',(#5765,#5766,#5767,#5768));
#1294=EDGE_LOOP('',(#5769,#5770,#5771,#5772));
#1295=EDGE_LOOP('',(#5773,#5774,#5775,#5776));
#1296=EDGE_LOOP('',(#5777,#5778,#5779,#5780));
#1297=EDGE_LOOP('',(#5781,#5782,#5783,#5784));
#1298=EDGE_LOOP('',(#5785,#5786,#5787,#5788));
#1299=EDGE_LOOP('',(#5789,#5790,#5791,#5792));
#1300=EDGE_LOOP('',(#5793,#5794,#5795,#5796));
#1301=EDGE_LOOP('',(#5797,#5798,#5799,#5800,#5801,#5802,#5803,#5804,#5805,
#5806,#5807,#5808,#5809,#5810));
#1302=EDGE_LOOP('',(#5811,#5812,#5813,#5814,#5815,#5816,#5817));
#1303=EDGE_LOOP('',(#5818));
#1304=EDGE_LOOP('',(#5819));
#1305=EDGE_LOOP('',(#5820));
#1306=EDGE_LOOP('',(#5821));
#1307=EDGE_LOOP('',(#5822));
#1308=EDGE_LOOP('',(#5823));
#1309=EDGE_LOOP('',(#5824));
#1310=EDGE_LOOP('',(#5825));
#1311=EDGE_LOOP('',(#5826));
#1312=EDGE_LOOP('',(#5827));
#1313=EDGE_LOOP('',(#5828));
#1314=EDGE_LOOP('',(#5829));
#1315=EDGE_LOOP('',(#5830));
#1316=EDGE_LOOP('',(#5831));
#1317=EDGE_LOOP('',(#5832));
#1318=EDGE_LOOP('',(#5833));
#1319=EDGE_LOOP('',(#5834));
#1320=EDGE_LOOP('',(#5835));
#1321=EDGE_LOOP('',(#5836));
#1322=EDGE_LOOP('',(#5837));
#1323=EDGE_LOOP('',(#5838));
#1324=EDGE_LOOP('',(#5839));
#1325=EDGE_LOOP('',(#5840));
#1326=EDGE_LOOP('',(#5841));
#1327=EDGE_LOOP('',(#5842,#5843,#5844,#5845));
#1328=EDGE_LOOP('',(#5846,#5847,#5848,#5849));
#1329=EDGE_LOOP('',(#5850,#5851,#5852,#5853));
#1330=EDGE_LOOP('',(#5854,#5855,#5856,#5857));
#1331=EDGE_LOOP('',(#5858,#5859,#5860,#5861));
#1332=EDGE_LOOP('',(#5862,#5863,#5864,#5865));
#1333=EDGE_LOOP('',(#5866,#5867,#5868,#5869));
#1334=EDGE_LOOP('',(#5870,#5871,#5872,#5873));
#1335=EDGE_LOOP('',(#5874,#5875,#5876,#5877));
#1336=EDGE_LOOP('',(#5878,#5879,#5880,#5881));
#1337=EDGE_LOOP('',(#5882,#5883,#5884,#5885));
#1338=EDGE_LOOP('',(#5886,#5887,#5888,#5889));
#1339=EDGE_LOOP('',(#5890,#5891,#5892,#5893));
#1340=EDGE_LOOP('',(#5894,#5895,#5896,#5897));
#1341=EDGE_LOOP('',(#5898,#5899,#5900,#5901));
#1342=EDGE_LOOP('',(#5902,#5903,#5904,#5905));
#1343=EDGE_LOOP('',(#5906,#5907,#5908,#5909));
#1344=EDGE_LOOP('',(#5910,#5911,#5912,#5913));
#1345=EDGE_LOOP('',(#5914,#5915,#5916,#5917));
#1346=EDGE_LOOP('',(#5918,#5919,#5920,#5921));
#1347=EDGE_LOOP('',(#5922,#5923,#5924,#5925));
#1348=EDGE_LOOP('',(#5926,#5927,#5928,#5929));
#1349=EDGE_LOOP('',(#5930,#5931,#5932,#5933));
#1350=EDGE_LOOP('',(#5934,#5935,#5936,#5937));
#1351=EDGE_LOOP('',(#5938,#5939,#5940,#5941));
#1352=EDGE_LOOP('',(#5942,#5943,#5944,#5945));
#1353=EDGE_LOOP('',(#5946,#5947,#5948,#5949));
#1354=EDGE_LOOP('',(#5950,#5951,#5952,#5953));
#1355=EDGE_LOOP('',(#5954,#5955,#5956,#5957));
#1356=EDGE_LOOP('',(#5958,#5959,#5960,#5961));
#1357=EDGE_LOOP('',(#5962,#5963,#5964,#5965));
#1358=EDGE_LOOP('',(#5966,#5967,#5968,#5969));
#1359=EDGE_LOOP('',(#5970,#5971,#5972,#5973));
#1360=EDGE_LOOP('',(#5974,#5975,#5976,#5977));
#1361=EDGE_LOOP('',(#5978,#5979,#5980,#5981));
#1362=EDGE_LOOP('',(#5982,#5983,#5984,#5985));
#1363=EDGE_LOOP('',(#5986,#5987,#5988,#5989));
#1364=EDGE_LOOP('',(#5990,#5991,#5992,#5993,#5994));
#1365=EDGE_LOOP('',(#5995,#5996,#5997,#5998));
#1366=EDGE_LOOP('',(#5999,#6000,#6001,#6002));
#1367=EDGE_LOOP('',(#6003,#6004,#6005,#6006));
#1368=EDGE_LOOP('',(#6007,#6008,#6009,#6010));
#1369=EDGE_LOOP('',(#6011));
#1370=EDGE_LOOP('',(#6012));
#1371=EDGE_LOOP('',(#6013));
#1372=EDGE_LOOP('',(#6014));
#1373=EDGE_LOOP('',(#6015));
#1374=EDGE_LOOP('',(#6016));
#1375=EDGE_LOOP('',(#6017));
#1376=EDGE_LOOP('',(#6018));
#1377=EDGE_LOOP('',(#6019));
#1378=EDGE_LOOP('',(#6020));
#1379=EDGE_LOOP('',(#6021));
#1380=EDGE_LOOP('',(#6022));
#1381=EDGE_LOOP('',(#6023));
#1382=EDGE_LOOP('',(#6024));
#1383=EDGE_LOOP('',(#6025));
#1384=EDGE_LOOP('',(#6026));
#1385=EDGE_LOOP('',(#6027));
#1386=EDGE_LOOP('',(#6028));
#1387=EDGE_LOOP('',(#6029));
#1388=EDGE_LOOP('',(#6030));
#1389=EDGE_LOOP('',(#6031));
#1390=EDGE_LOOP('',(#6032));
#1391=EDGE_LOOP('',(#6033));
#1392=EDGE_LOOP('',(#6034));
#1393=EDGE_LOOP('',(#6035,#6036,#6037,#6038));
#1394=EDGE_LOOP('',(#6039,#6040,#6041,#6042));
#1395=EDGE_LOOP('',(#6043,#6044,#6045,#6046));
#1396=EDGE_LOOP('',(#6047,#6048,#6049,#6050,#6051));
#1397=EDGE_LOOP('',(#6052,#6053,#6054,#6055));
#1398=EDGE_LOOP('',(#6056,#6057,#6058,#6059));
#1399=EDGE_LOOP('',(#6060));
#1400=EDGE_LOOP('',(#6061));
#1401=EDGE_LOOP('',(#6062));
#1402=EDGE_LOOP('',(#6063));
#1403=EDGE_LOOP('',(#6064));
#1404=EDGE_LOOP('',(#6065));
#1405=EDGE_LOOP('',(#6066));
#1406=EDGE_LOOP('',(#6067));
#1407=EDGE_LOOP('',(#6068));
#1408=EDGE_LOOP('',(#6069));
#1409=EDGE_LOOP('',(#6070));
#1410=EDGE_LOOP('',(#6071));
#1411=EDGE_LOOP('',(#6072));
#1412=EDGE_LOOP('',(#6073));
#1413=EDGE_LOOP('',(#6074));
#1414=EDGE_LOOP('',(#6075));
#1415=EDGE_LOOP('',(#6076));
#1416=EDGE_LOOP('',(#6077));
#1417=EDGE_LOOP('',(#6078));
#1418=EDGE_LOOP('',(#6079));
#1419=EDGE_LOOP('',(#6080));
#1420=EDGE_LOOP('',(#6081));
#1421=EDGE_LOOP('',(#6082));
#1422=EDGE_LOOP('',(#6083));
#1423=EDGE_LOOP('',(#6084,#6085,#6086,#6087,#6088,#6089,#6090,#6091));
#1424=EDGE_LOOP('',(#6092,#6093,#6094,#6095,#6096,#6097,#6098,#6099,#6100,
#6101));
#1425=EDGE_LOOP('',(#6102,#6103,#6104,#6105));
#1426=EDGE_LOOP('',(#6106,#6107,#6108,#6109));
#1427=EDGE_LOOP('',(#6110,#6111,#6112,#6113,#6114,#6115,#6116,#6117,#6118,
#6119,#6120,#6121));
#1428=EDGE_LOOP('',(#6122,#6123,#6124,#6125));
#1429=EDGE_LOOP('',(#6126,#6127,#6128,#6129,#6130,#6131,#6132));
#1430=EDGE_LOOP('',(#6133,#6134,#6135));
#1431=EDGE_LOOP('',(#6136,#6137,#6138));
#1432=EDGE_LOOP('',(#6139,#6140,#6141,#6142));
#1433=EDGE_LOOP('',(#6143,#6144,#6145,#6146));
#1434=EDGE_LOOP('',(#6147,#6148,#6149,#6150));
#1435=EDGE_LOOP('',(#6151,#6152,#6153,#6154));
#1436=EDGE_LOOP('',(#6155,#6156,#6157,#6158));
#1437=EDGE_LOOP('',(#6159,#6160,#6161,#6162));
#1438=EDGE_LOOP('',(#6163,#6164,#6165,#6166));
#1439=EDGE_LOOP('',(#6167,#6168,#6169,#6170));
#1440=EDGE_LOOP('',(#6171,#6172,#6173,#6174));
#1441=EDGE_LOOP('',(#6175,#6176,#6177,#6178));
#1442=EDGE_LOOP('',(#6179,#6180,#6181,#6182,#6183));
#1443=EDGE_LOOP('',(#6184,#6185,#6186,#6187));
#1444=EDGE_LOOP('',(#6188,#6189,#6190,#6191));
#1445=EDGE_LOOP('',(#6192,#6193,#6194,#6195,#6196,#6197));
#1446=EDGE_LOOP('',(#6198,#6199,#6200,#6201,#6202,#6203,#6204));
#1447=EDGE_LOOP('',(#6205,#6206,#6207,#6208));
#1448=EDGE_LOOP('',(#6209,#6210,#6211));
#1449=EDGE_LOOP('',(#6212,#6213,#6214));
#1450=EDGE_LOOP('',(#6215,#6216,#6217,#6218));
#1451=EDGE_LOOP('',(#6219,#6220,#6221,#6222));
#1452=EDGE_LOOP('',(#6223,#6224,#6225,#6226));
#1453=EDGE_LOOP('',(#6227,#6228,#6229,#6230));
#1454=EDGE_LOOP('',(#6231,#6232,#6233,#6234));
#1455=EDGE_LOOP('',(#6235,#6236,#6237,#6238));
#1456=EDGE_LOOP('',(#6239,#6240,#6241,#6242));
#1457=EDGE_LOOP('',(#6243,#6244,#6245,#6246));
#1458=EDGE_LOOP('',(#6247,#6248,#6249,#6250));
#1459=EDGE_LOOP('',(#6251,#6252,#6253,#6254));
#1460=EDGE_LOOP('',(#6255,#6256,#6257,#6258,#6259));
#1461=EDGE_LOOP('',(#6260,#6261,#6262,#6263,#6264,#6265,#6266,#6267));
#1462=EDGE_LOOP('',(#6268,#6269,#6270,#6271));
#1463=EDGE_LOOP('',(#6272,#6273,#6274,#6275));
#1464=EDGE_LOOP('',(#6276,#6277,#6278,#6279));
#1465=EDGE_LOOP('',(#6280,#6281,#6282,#6283,#6284,#6285));
#1466=EDGE_LOOP('',(#6286,#6287,#6288,#6289));
#1467=EDGE_LOOP('',(#6290,#6291,#6292,#6293));
#1468=EDGE_LOOP('',(#6294,#6295,#6296,#6297,#6298,#6299,#6300,#6301,#6302,
#6303,#6304,#6305));
#1469=ELLIPSE('',#6844,14.142135623731,10.);
#1470=ELLIPSE('',#6845,14.1421356237309,10.);
#1471=ELLIPSE('',#6847,14.142135623731,10.);
#1472=ELLIPSE('',#6849,14.142135623731,10.);
#1473=ELLIPSE('',#6902,1.40007142674936,0.99);
#1474=ELLIPSE('',#6904,1.40007142674936,0.99);
#1475=ELLIPSE('',#6906,1.07156827828947,0.99);
#1476=ELLIPSE('',#6907,1.07156827828947,0.99);
#1477=ELLIPSE('',#6915,1.07156827828947,0.99);
#1478=ELLIPSE('',#6916,1.97999999999999,0.99);
#1479=ELLIPSE('',#6917,1.07156827828947,0.99);
#1480=ELLIPSE('',#6919,1.04355162785557,0.99);
#1481=ELLIPSE('',#6921,8.27653718043693,0.99);
#1482=ELLIPSE('',#6931,1.40007142674936,0.99);
#1483=ELLIPSE('',#6932,3.2834585424519,0.99);
#1484=ELLIPSE('',#6947,1.40007142674937,0.99);
#1485=ELLIPSE('',#6949,1.40007142674937,0.99);
#1486=ELLIPSE('',#6951,1.07156827828948,0.99);
#1487=ELLIPSE('',#6952,1.07156827828948,0.99);
#1488=ELLIPSE('',#6960,1.07156827828947,0.99);
#1489=ELLIPSE('',#6961,3.28345854245185,0.99);
#1490=ELLIPSE('',#6962,1.40007142674936,0.99);
#1491=ELLIPSE('',#6966,1.97999999999998,0.99);
#1492=ELLIPSE('',#6968,1.07156827828947,0.99);
#1493=ELLIPSE('',#6970,1.04355162785558,0.99);
#1494=ELLIPSE('',#6980,8.27653718043693,0.99);
#1495=ELLIPSE('',#7114,1.4142135623731,1.);
#1496=ELLIPSE('',#7115,1.41421356237309,1.);
#1497=ELLIPSE('',#7157,1.41421356237309,1.);
#1498=ELLIPSE('',#7158,1.4142135623731,1.);
#1499=ELLIPSE('',#7165,1.41421356237309,1.);
#1500=ELLIPSE('',#7166,1.4142135623731,1.);
#1501=ELLIPSE('',#7172,1.4142135623731,1.);
#1502=ELLIPSE('',#7173,1.41421356237309,1.);
#1503=ELLIPSE('',#7368,1.03765125010215,1.);
#1504=ELLIPSE('',#7375,1.03765125010215,1.);
#1505=ELLIPSE('',#7395,1.9436506316151,1.);
#1506=ELLIPSE('',#7405,1.4142135623731,1.);
#1507=ELLIPSE('',#7430,1.9436506316151,1.);
#1508=ELLIPSE('',#7439,1.4142135623731,1.);
#1509=LINE('',#9383,#2204);
#1510=LINE('',#9387,#2205);
#1511=LINE('',#9391,#2206);
#1512=LINE('',#9393,#2207);
#1513=LINE('',#9397,#2208);
#1514=LINE('',#9399,#2209);
#1515=LINE('',#9402,#2210);
#1516=LINE('',#9403,#2211);
#1517=LINE('',#9406,#2212);
#1518=LINE('',#9408,#2213);
#1519=LINE('',#9409,#2214);
#1520=LINE('',#9412,#2215);
#1521=LINE('',#9413,#2216);
#1522=LINE('',#9416,#2217);
#1523=LINE('',#9417,#2218);
#1524=LINE('',#9419,#2219);
#1525=LINE('',#9422,#2220);
#1526=LINE('',#9424,#2221);
#1527=LINE('',#9425,#2222);
#1528=LINE('',#9428,#2223);
#1529=LINE('',#9429,#2224);
#1530=LINE('',#9433,#2225);
#1531=LINE('',#9434,#2226);
#1532=LINE('',#9435,#2227);
#1533=LINE('',#9438,#2228);
#1534=LINE('',#9439,#2229);
#1535=LINE('',#9442,#2230);
#1536=LINE('',#9443,#2231);
#1537=LINE('',#9445,#2232);
#1538=LINE('',#9448,#2233);
#1539=LINE('',#9449,#2234);
#1540=LINE('',#9453,#2235);
#1541=LINE('',#9455,#2236);
#1542=LINE('',#9456,#2237);
#1543=LINE('',#9460,#2238);
#1544=LINE('',#9461,#2239);
#1545=LINE('',#9462,#2240);
#1546=LINE('',#9466,#2241);
#1547=LINE('',#9468,#2242);
#1548=LINE('',#9469,#2243);
#1549=LINE('',#9471,#2244);
#1550=LINE('',#9472,#2245);
#1551=LINE('',#9476,#2246);
#1552=LINE('',#9478,#2247);
#1553=LINE('',#9479,#2248);
#1554=LINE('',#9483,#2249);
#1555=LINE('',#9484,#2250);
#1556=LINE('',#9485,#2251);
#1557=LINE('',#9489,#2252);
#1558=LINE('',#9491,#2253);
#1559=LINE('',#9492,#2254);
#1560=LINE('',#9496,#2255);
#1561=LINE('',#9497,#2256);
#1562=LINE('',#9498,#2257);
#1563=LINE('',#9500,#2258);
#1564=LINE('',#9501,#2259);
#1565=LINE('',#9503,#2260);
#1566=LINE('',#9504,#2261);
#1567=LINE('',#9506,#2262);
#1568=LINE('',#9507,#2263);
#1569=LINE('',#9511,#2264);
#1570=LINE('',#9512,#2265);
#1571=LINE('',#9513,#2266);
#1572=LINE('',#9515,#2267);
#1573=LINE('',#9517,#2268);
#1574=LINE('',#9519,#2269);
#1575=LINE('',#9520,#2270);
#1576=LINE('',#9523,#2271);
#1577=LINE('',#9525,#2272);
#1578=LINE('',#9527,#2273);
#1579=LINE('',#9529,#2274);
#1580=LINE('',#9531,#2275);
#1581=LINE('',#9533,#2276);
#1582=LINE('',#9535,#2277);
#1583=LINE('',#9536,#2278);
#1584=LINE('',#9541,#2279);
#1585=LINE('',#9543,#2280);
#1586=LINE('',#9544,#2281);
#1587=LINE('',#9546,#2282);
#1588=LINE('',#9547,#2283);
#1589=LINE('',#9551,#2284);
#1590=LINE('',#9553,#2285);
#1591=LINE('',#9554,#2286);
#1592=LINE('',#9556,#2287);
#1593=LINE('',#9557,#2288);
#1594=LINE('',#9561,#2289);
#1595=LINE('',#9563,#2290);
#1596=LINE('',#9564,#2291);
#1597=LINE('',#9566,#2292);
#1598=LINE('',#9567,#2293);
#1599=LINE('',#9569,#2294);
#1600=LINE('',#9570,#2295);
#1601=LINE('',#9574,#2296);
#1602=LINE('',#9576,#2297);
#1603=LINE('',#9577,#2298);
#1604=LINE('',#9579,#2299);
#1605=LINE('',#9580,#2300);
#1606=LINE('',#9582,#2301);
#1607=LINE('',#9583,#2302);
#1608=LINE('',#9585,#2303);
#1609=LINE('',#9586,#2304);
#1610=LINE('',#9588,#2305);
#1611=LINE('',#9589,#2306);
#1612=LINE('',#9593,#2307);
#1613=LINE('',#9604,#2308);
#1614=LINE('',#9607,#2309);
#1615=LINE('',#9613,#2310);
#1616=LINE('',#9615,#2311);
#1617=LINE('',#9616,#2312);
#1618=LINE('',#9617,#2313);
#1619=LINE('',#9622,#2314);
#1620=LINE('',#9624,#2315);
#1621=LINE('',#9626,#2316);
#1622=LINE('',#9627,#2317);
#1623=LINE('',#9631,#2318);
#1624=LINE('',#9635,#2319);
#1625=LINE('',#9638,#2320);
#1626=LINE('',#9639,#2321);
#1627=LINE('',#9642,#2322);
#1628=LINE('',#9645,#2323);
#1629=LINE('',#9648,#2324);
#1630=LINE('',#9649,#2325);
#1631=LINE('',#9652,#2326);
#1632=LINE('',#9654,#2327);
#1633=LINE('',#9655,#2328);
#1634=LINE('',#9658,#2329);
#1635=LINE('',#9659,#2330);
#1636=LINE('',#9663,#2331);
#1637=LINE('',#9669,#2332);
#1638=LINE('',#9682,#2333);
#1639=LINE('',#9683,#2334);
#1640=LINE('',#9689,#2335);
#1641=LINE('',#9692,#2336);
#1642=LINE('',#9721,#2337);
#1643=LINE('',#9722,#2338);
#1644=LINE('',#9724,#2339);
#1645=LINE('',#9726,#2340);
#1646=LINE('',#9731,#2341);
#1647=LINE('',#9734,#2342);
#1648=LINE('',#9735,#2343);
#1649=LINE('',#9738,#2344);
#1650=LINE('',#9739,#2345);
#1651=LINE('',#9742,#2346);
#1652=LINE('',#9746,#2347);
#1653=LINE('',#9747,#2348);
#1654=LINE('',#9750,#2349);
#1655=LINE('',#9751,#2350);
#1656=LINE('',#9753,#2351);
#1657=LINE('',#9756,#2352);
#1658=LINE('',#9757,#2353);
#1659=LINE('',#9760,#2354);
#1660=LINE('',#9761,#2355);
#1661=LINE('',#9764,#2356);
#1662=LINE('',#9765,#2357);
#1663=LINE('',#9771,#2358);
#1664=LINE('',#9774,#2359);
#1665=LINE('',#9780,#2360);
#1666=LINE('',#9782,#2361);
#1667=LINE('',#9783,#2362);
#1668=LINE('',#9784,#2363);
#1669=LINE('',#9789,#2364);
#1670=LINE('',#9791,#2365);
#1671=LINE('',#9793,#2366);
#1672=LINE('',#9794,#2367);
#1673=LINE('',#9798,#2368);
#1674=LINE('',#9802,#2369);
#1675=LINE('',#9806,#2370);
#1676=LINE('',#9809,#2371);
#1677=LINE('',#9811,#2372);
#1678=LINE('',#9812,#2373);
#1679=LINE('',#9815,#2374);
#1680=LINE('',#9817,#2375);
#1681=LINE('',#9818,#2376);
#1682=LINE('',#9821,#2377);
#1683=LINE('',#9823,#2378);
#1684=LINE('',#9824,#2379);
#1685=LINE('',#9826,#2380);
#1686=LINE('',#9829,#2381);
#1687=LINE('',#9833,#2382);
#1688=LINE('',#9838,#2383);
#1689=LINE('',#9841,#2384);
#1690=LINE('',#9843,#2385);
#1691=LINE('',#9845,#2386);
#1692=LINE('',#9846,#2387);
#1693=LINE('',#9849,#2388);
#1694=LINE('',#9850,#2389);
#1695=LINE('',#9855,#2390);
#1696=LINE('',#9856,#2391);
#1697=LINE('',#9859,#2392);
#1698=LINE('',#9862,#2393);
#1699=LINE('',#9865,#2394);
#1700=LINE('',#9875,#2395);
#1701=LINE('',#9881,#2396);
#1702=LINE('',#9884,#2397);
#1703=LINE('',#9911,#2398);
#1704=LINE('',#9913,#2399);
#1705=LINE('',#9917,#2400);
#1706=LINE('',#9918,#2401);
#1707=LINE('',#9920,#2402);
#1708=LINE('',#9923,#2403);
#1709=LINE('',#9927,#2404);
#1710=LINE('',#9930,#2405);
#1711=LINE('',#9933,#2406);
#1712=LINE('',#9934,#2407);
#1713=LINE('',#9936,#2408);
#1714=LINE('',#9939,#2409);
#1715=LINE('',#9940,#2410);
#1716=LINE('',#9943,#2411);
#1717=LINE('',#9947,#2412);
#1718=LINE('',#9948,#2413);
#1719=LINE('',#9950,#2414);
#1720=LINE('',#9952,#2415);
#1721=LINE('',#9954,#2416);
#1722=LINE('',#9955,#2417);
#1723=LINE('',#9958,#2418);
#1724=LINE('',#9961,#2419);
#1725=LINE('',#9964,#2420);
#1726=LINE('',#9965,#2421);
#1727=LINE('',#9967,#2422);
#1728=LINE('',#9970,#2423);
#1729=LINE('',#9971,#2424);
#1730=LINE('',#9973,#2425);
#1731=LINE('',#9977,#2426);
#1732=LINE('',#9979,#2427);
#1733=LINE('',#9980,#2428);
#1734=LINE('',#9983,#2429);
#1735=LINE('',#9985,#2430);
#1736=LINE('',#9986,#2431);
#1737=LINE('',#9989,#2432);
#1738=LINE('',#9990,#2433);
#1739=LINE('',#9992,#2434);
#1740=LINE('',#9993,#2435);
#1741=LINE('',#9997,#2436);
#1742=LINE('',#9999,#2437);
#1743=LINE('',#10000,#2438);
#1744=LINE('',#10003,#2439);
#1745=LINE('',#10005,#2440);
#1746=LINE('',#10006,#2441);
#1747=LINE('',#10008,#2442);
#1748=LINE('',#10009,#2443);
#1749=LINE('',#10012,#2444);
#1750=LINE('',#10013,#2445);
#1751=LINE('',#10017,#2446);
#1752=LINE('',#10018,#2447);
#1753=LINE('',#10019,#2448);
#1754=LINE('',#10021,#2449);
#1755=LINE('',#10024,#2450);
#1756=LINE('',#10025,#2451);
#1757=LINE('',#10029,#2452);
#1758=LINE('',#10030,#2453);
#1759=LINE('',#10031,#2454);
#1760=LINE('',#10034,#2455);
#1761=LINE('',#10035,#2456);
#1762=LINE('',#10039,#2457);
#1763=LINE('',#10040,#2458);
#1764=LINE('',#10041,#2459);
#1765=LINE('',#10043,#2460);
#1766=LINE('',#10046,#2461);
#1767=LINE('',#10047,#2462);
#1768=LINE('',#10051,#2463);
#1769=LINE('',#10052,#2464);
#1770=LINE('',#10053,#2465);
#1771=LINE('',#10055,#2466);
#1772=LINE('',#10057,#2467);
#1773=LINE('',#10061,#2468);
#1774=LINE('',#10063,#2469);
#1775=LINE('',#10065,#2470);
#1776=LINE('',#10066,#2471);
#1777=LINE('',#10070,#2472);
#1778=LINE('',#10074,#2473);
#1779=LINE('',#10075,#2474);
#1780=LINE('',#10077,#2475);
#1781=LINE('',#10079,#2476);
#1782=LINE('',#10080,#2477);
#1783=LINE('',#10083,#2478);
#1784=LINE('',#10085,#2479);
#1785=LINE('',#10086,#2480);
#1786=LINE('',#10088,#2481);
#1787=LINE('',#10089,#2482);
#1788=LINE('',#10092,#2483);
#1789=LINE('',#10093,#2484);
#1790=LINE('',#10094,#2485);
#1791=LINE('',#10097,#2486);
#1792=LINE('',#10101,#2487);
#1793=LINE('',#10102,#2488);
#1794=LINE('',#10104,#2489);
#1795=LINE('',#10106,#2490);
#1796=LINE('',#10108,#2491);
#1797=LINE('',#10110,#2492);
#1798=LINE('',#10113,#2493);
#1799=LINE('',#10115,#2494);
#1800=LINE('',#10117,#2495);
#1801=LINE('',#10118,#2496);
#1802=LINE('',#10121,#2497);
#1803=LINE('',#10123,#2498);
#1804=LINE('',#10125,#2499);
#1805=LINE('',#10127,#2500);
#1806=LINE('',#10129,#2501);
#1807=LINE('',#10131,#2502);
#1808=LINE('',#10133,#2503);
#1809=LINE('',#10135,#2504);
#1810=LINE('',#10136,#2505);
#1811=LINE('',#10138,#2506);
#1812=LINE('',#10140,#2507);
#1813=LINE('',#10142,#2508);
#1814=LINE('',#10147,#2509);
#1815=LINE('',#10149,#2510);
#1816=LINE('',#10150,#2511);
#1817=LINE('',#10153,#2512);
#1818=LINE('',#10154,#2513);
#1819=LINE('',#10157,#2514);
#1820=LINE('',#10158,#2515);
#1821=LINE('',#10160,#2516);
#1822=LINE('',#10163,#2517);
#1823=LINE('',#10165,#2518);
#1824=LINE('',#10166,#2519);
#1825=LINE('',#10169,#2520);
#1826=LINE('',#10171,#2521);
#1827=LINE('',#10173,#2522);
#1828=LINE('',#10174,#2523);
#1829=LINE('',#10176,#2524);
#1830=LINE('',#10178,#2525);
#1831=LINE('',#10179,#2526);
#1832=LINE('',#10183,#2527);
#1833=LINE('',#10185,#2528);
#1834=LINE('',#10187,#2529);
#1835=LINE('',#10189,#2530);
#1836=LINE('',#10191,#2531);
#1837=LINE('',#10193,#2532);
#1838=LINE('',#10195,#2533);
#1839=LINE('',#10196,#2534);
#1840=LINE('',#10197,#2535);
#1841=LINE('',#10199,#2536);
#1842=LINE('',#10201,#2537);
#1843=LINE('',#10203,#2538);
#1844=LINE('',#10205,#2539);
#1845=LINE('',#10207,#2540);
#1846=LINE('',#10209,#2541);
#1847=LINE('',#10211,#2542);
#1848=LINE('',#10213,#2543);
#1849=LINE('',#10214,#2544);
#1850=LINE('',#10218,#2545);
#1851=LINE('',#10220,#2546);
#1852=LINE('',#10221,#2547);
#1853=LINE('',#10225,#2548);
#1854=LINE('',#10227,#2549);
#1855=LINE('',#10229,#2550);
#1856=LINE('',#10230,#2551);
#1857=LINE('',#10233,#2552);
#1858=LINE('',#10235,#2553);
#1859=LINE('',#10236,#2554);
#1860=LINE('',#10240,#2555);
#1861=LINE('',#10242,#2556);
#1862=LINE('',#10244,#2557);
#1863=LINE('',#10245,#2558);
#1864=LINE('',#10248,#2559);
#1865=LINE('',#10250,#2560);
#1866=LINE('',#10251,#2561);
#1867=LINE('',#10254,#2562);
#1868=LINE('',#10256,#2563);
#1869=LINE('',#10257,#2564);
#1870=LINE('',#10259,#2565);
#1871=LINE('',#10260,#2566);
#1872=LINE('',#10264,#2567);
#1873=LINE('',#10266,#2568);
#1874=LINE('',#10267,#2569);
#1875=LINE('',#10269,#2570);
#1876=LINE('',#10270,#2571);
#1877=LINE('',#10274,#2572);
#1878=LINE('',#10276,#2573);
#1879=LINE('',#10277,#2574);
#1880=LINE('',#10281,#2575);
#1881=LINE('',#10283,#2576);
#1882=LINE('',#10285,#2577);
#1883=LINE('',#10286,#2578);
#1884=LINE('',#10290,#2579);
#1885=LINE('',#10292,#2580);
#1886=LINE('',#10294,#2581);
#1887=LINE('',#10295,#2582);
#1888=LINE('',#10299,#2583);
#1889=LINE('',#10301,#2584);
#1890=LINE('',#10303,#2585);
#1891=LINE('',#10304,#2586);
#1892=LINE('',#10306,#2587);
#1893=LINE('',#10308,#2588);
#1894=LINE('',#10310,#2589);
#1895=LINE('',#10311,#2590);
#1896=LINE('',#10313,#2591);
#1897=LINE('',#10315,#2592);
#1898=LINE('',#10317,#2593);
#1899=LINE('',#10319,#2594);
#1900=LINE('',#10320,#2595);
#1901=LINE('',#10322,#2596);
#1902=LINE('',#10323,#2597);
#1903=LINE('',#10326,#2598);
#1904=LINE('',#10328,#2599);
#1905=LINE('',#10329,#2600);
#1906=LINE('',#10332,#2601);
#1907=LINE('',#10334,#2602);
#1908=LINE('',#10335,#2603);
#1909=LINE('',#10340,#2604);
#1910=LINE('',#10341,#2605);
#1911=LINE('',#10342,#2606);
#1912=LINE('',#10344,#2607);
#1913=LINE('',#10346,#2608);
#1914=LINE('',#10349,#2609);
#1915=LINE('',#10350,#2610);
#1916=LINE('',#10353,#2611);
#1917=LINE('',#10354,#2612);
#1918=LINE('',#10356,#2613);
#1919=LINE('',#10358,#2614);
#1920=LINE('',#10359,#2615);
#1921=LINE('',#10360,#2616);
#1922=LINE('',#10364,#2617);
#1923=LINE('',#10373,#2618);
#1924=LINE('',#10376,#2619);
#1925=LINE('',#10379,#2620);
#1926=LINE('',#10381,#2621);
#1927=LINE('',#10382,#2622);
#1928=LINE('',#10388,#2623);
#1929=LINE('',#10391,#2624);
#1930=LINE('',#10394,#2625);
#1931=LINE('',#10396,#2626);
#1932=LINE('',#10397,#2627);
#1933=LINE('',#10403,#2628);
#1934=LINE('',#10406,#2629);
#1935=LINE('',#10409,#2630);
#1936=LINE('',#10411,#2631);
#1937=LINE('',#10412,#2632);
#1938=LINE('',#10416,#2633);
#1939=LINE('',#10418,#2634);
#1940=LINE('',#10420,#2635);
#1941=LINE('',#10421,#2636);
#1942=LINE('',#10427,#2637);
#1943=LINE('',#10433,#2638);
#1944=LINE('',#10435,#2639);
#1945=LINE('',#10436,#2640);
#1946=LINE('',#10442,#2641);
#1947=LINE('',#10445,#2642);
#1948=LINE('',#10448,#2643);
#1949=LINE('',#10450,#2644);
#1950=LINE('',#10452,#2645);
#1951=LINE('',#10453,#2646);
#1952=LINE('',#10459,#2647);
#1953=LINE('',#10461,#2648);
#1954=LINE('',#10463,#2649);
#1955=LINE('',#10464,#2650);
#1956=LINE('',#10468,#2651);
#1957=LINE('',#10470,#2652);
#1958=LINE('',#10472,#2653);
#1959=LINE('',#10474,#2654);
#1960=LINE('',#10476,#2655);
#1961=LINE('',#10478,#2656);
#1962=LINE('',#10482,#2657);
#1963=LINE('',#10483,#2658);
#1964=LINE('',#10486,#2659);
#1965=LINE('',#10488,#2660);
#1966=LINE('',#10663,#2661);
#1967=LINE('',#10817,#2662);
#1968=LINE('',#10819,#2663);
#1969=LINE('',#10821,#2664);
#1970=LINE('',#10822,#2665);
#1971=LINE('',#10825,#2666);
#1972=LINE('',#10827,#2667);
#1973=LINE('',#10830,#2668);
#1974=LINE('',#10832,#2669);
#1975=LINE('',#10834,#2670);
#1976=LINE('',#10836,#2671);
#1977=LINE('',#10838,#2672);
#1978=LINE('',#10840,#2673);
#1979=LINE('',#10842,#2674);
#1980=LINE('',#10844,#2675);
#1981=LINE('',#10846,#2676);
#1982=LINE('',#10847,#2677);
#1983=LINE('',#10851,#2678);
#1984=LINE('',#10855,#2679);
#1985=LINE('',#10859,#2680);
#1986=LINE('',#10862,#2681);
#1987=LINE('',#10864,#2682);
#1988=LINE('',#10865,#2683);
#1989=LINE('',#10866,#2684);
#1990=LINE('',#10916,#2685);
#1991=LINE('',#10919,#2686);
#1992=LINE('',#10925,#2687);
#1993=LINE('',#10928,#2688);
#1994=LINE('',#10931,#2689);
#1995=LINE('',#10933,#2690);
#1996=LINE('',#10935,#2691);
#1997=LINE('',#10941,#2692);
#1998=LINE('',#10945,#2693);
#1999=LINE('',#10947,#2694);
#2000=LINE('',#10948,#2695);
#2001=LINE('',#10951,#2696);
#2002=LINE('',#10953,#2697);
#2003=LINE('',#10954,#2698);
#2004=LINE('',#10962,#2699);
#2005=LINE('',#10965,#2700);
#2006=LINE('',#10967,#2701);
#2007=LINE('',#10968,#2702);
#2008=LINE('',#10973,#2703);
#2009=LINE('',#10976,#2704);
#2010=LINE('',#10977,#2705);
#2011=LINE('',#11176,#2706);
#2012=LINE('',#11345,#2707);
#2013=LINE('',#11347,#2708);
#2014=LINE('',#11358,#2709);
#2015=LINE('',#11359,#2710);
#2016=LINE('',#11370,#2711);
#2017=LINE('',#11371,#2712);
#2018=LINE('',#11373,#2713);
#2019=LINE('',#11374,#2714);
#2020=LINE('',#11376,#2715);
#2021=LINE('',#11377,#2716);
#2022=LINE('',#11379,#2717);
#2023=LINE('',#11380,#2718);
#2024=LINE('',#11387,#2719);
#2025=LINE('',#11389,#2720);
#2026=LINE('',#11390,#2721);
#2027=LINE('',#11392,#2722);
#2028=LINE('',#11395,#2723);
#2029=LINE('',#11396,#2724);
#2030=LINE('',#11399,#2725);
#2031=LINE('',#11404,#2726);
#2032=LINE('',#11407,#2727);
#2033=LINE('',#11408,#2728);
#2034=LINE('',#11410,#2729);
#2035=LINE('',#11412,#2730);
#2036=LINE('',#11415,#2731);
#2037=LINE('',#11419,#2732);
#2038=LINE('',#11423,#2733);
#2039=LINE('',#11427,#2734);
#2040=LINE('',#11431,#2735);
#2041=LINE('',#11435,#2736);
#2042=LINE('',#11439,#2737);
#2043=LINE('',#11443,#2738);
#2044=LINE('',#11447,#2739);
#2045=LINE('',#11451,#2740);
#2046=LINE('',#11455,#2741);
#2047=LINE('',#11459,#2742);
#2048=LINE('',#11463,#2743);
#2049=LINE('',#11467,#2744);
#2050=LINE('',#11471,#2745);
#2051=LINE('',#11475,#2746);
#2052=LINE('',#11479,#2747);
#2053=LINE('',#11483,#2748);
#2054=LINE('',#11487,#2749);
#2055=LINE('',#11491,#2750);
#2056=LINE('',#11495,#2751);
#2057=LINE('',#11499,#2752);
#2058=LINE('',#11503,#2753);
#2059=LINE('',#11507,#2754);
#2060=LINE('',#11514,#2755);
#2061=LINE('',#11516,#2756);
#2062=LINE('',#11518,#2757);
#2063=LINE('',#11519,#2758);
#2064=LINE('',#11522,#2759);
#2065=LINE('',#11524,#2760);
#2066=LINE('',#11525,#2761);
#2067=LINE('',#11528,#2762);
#2068=LINE('',#11530,#2763);
#2069=LINE('',#11531,#2764);
#2070=LINE('',#11533,#2765);
#2071=LINE('',#11534,#2766);
#2072=LINE('',#11539,#2767);
#2073=LINE('',#11541,#2768);
#2074=LINE('',#11543,#2769);
#2075=LINE('',#11544,#2770);
#2076=LINE('',#11547,#2771);
#2077=LINE('',#11549,#2772);
#2078=LINE('',#11550,#2773);
#2079=LINE('',#11553,#2774);
#2080=LINE('',#11555,#2775);
#2081=LINE('',#11556,#2776);
#2082=LINE('',#11558,#2777);
#2083=LINE('',#11559,#2778);
#2084=LINE('',#11565,#2779);
#2085=LINE('',#11571,#2780);
#2086=LINE('',#11577,#2781);
#2087=LINE('',#11583,#2782);
#2088=LINE('',#11589,#2783);
#2089=LINE('',#11595,#2784);
#2090=LINE('',#11601,#2785);
#2091=LINE('',#11607,#2786);
#2092=LINE('',#11613,#2787);
#2093=LINE('',#11619,#2788);
#2094=LINE('',#11625,#2789);
#2095=LINE('',#11631,#2790);
#2096=LINE('',#11637,#2791);
#2097=LINE('',#11643,#2792);
#2098=LINE('',#11649,#2793);
#2099=LINE('',#11655,#2794);
#2100=LINE('',#11661,#2795);
#2101=LINE('',#11667,#2796);
#2102=LINE('',#11673,#2797);
#2103=LINE('',#11679,#2798);
#2104=LINE('',#11685,#2799);
#2105=LINE('',#11691,#2800);
#2106=LINE('',#11697,#2801);
#2107=LINE('',#11703,#2802);
#2108=LINE('',#11708,#2803);
#2109=LINE('',#11710,#2804);
#2110=LINE('',#11712,#2805);
#2111=LINE('',#11713,#2806);
#2112=LINE('',#11717,#2807);
#2113=LINE('',#11718,#2808);
#2114=LINE('',#11719,#2809);
#2115=LINE('',#11722,#2810);
#2116=LINE('',#11724,#2811);
#2117=LINE('',#11725,#2812);
#2118=LINE('',#11728,#2813);
#2119=LINE('',#11730,#2814);
#2120=LINE('',#11731,#2815);
#2121=LINE('',#11734,#2816);
#2122=LINE('',#11736,#2817);
#2123=LINE('',#11737,#2818);
#2124=LINE('',#11740,#2819);
#2125=LINE('',#11742,#2820);
#2126=LINE('',#11743,#2821);
#2127=LINE('',#11746,#2822);
#2128=LINE('',#11748,#2823);
#2129=LINE('',#11749,#2824);
#2130=LINE('',#11752,#2825);
#2131=LINE('',#11754,#2826);
#2132=LINE('',#11755,#2827);
#2133=LINE('',#11758,#2828);
#2134=LINE('',#11760,#2829);
#2135=LINE('',#11761,#2830);
#2136=LINE('',#11764,#2831);
#2137=LINE('',#11765,#2832);
#2138=LINE('',#11766,#2833);
#2139=LINE('',#11769,#2834);
#2140=LINE('',#11770,#2835);
#2141=LINE('',#11772,#2836);
#2142=LINE('',#11781,#2837);
#2143=LINE('',#11784,#2838);
#2144=LINE('',#11787,#2839);
#2145=LINE('',#11789,#2840);
#2146=LINE('',#11790,#2841);
#2147=LINE('',#11793,#2842);
#2148=LINE('',#11797,#2843);
#2149=LINE('',#11801,#2844);
#2150=LINE('',#11805,#2845);
#2151=LINE('',#11807,#2846);
#2152=LINE('',#11809,#2847);
#2153=LINE('',#11810,#2848);
#2154=LINE('',#11813,#2849);
#2155=LINE('',#11816,#2850);
#2156=LINE('',#11819,#2851);
#2157=LINE('',#11821,#2852);
#2158=LINE('',#11823,#2853);
#2159=LINE('',#11825,#2854);
#2160=LINE('',#11845,#2855);
#2161=LINE('',#11846,#2856);
#2162=LINE('',#11851,#2857);
#2163=LINE('',#11852,#2858);
#2164=LINE('',#11863,#2859);
#2165=LINE('',#11864,#2860);
#2166=LINE('',#11866,#2861);
#2167=LINE('',#11867,#2862);
#2168=LINE('',#11872,#2863);
#2169=LINE('',#11873,#2864);
#2170=LINE('',#11881,#2865);
#2171=LINE('',#11882,#2866);
#2172=LINE('',#11885,#2867);
#2173=LINE('',#11888,#2868);
#2174=LINE('',#11890,#2869);
#2175=LINE('',#11891,#2870);
#2176=LINE('',#11893,#2871);
#2177=LINE('',#11895,#2872);
#2178=LINE('',#11896,#2873);
#2179=LINE('',#11900,#2874);
#2180=LINE('',#11901,#2875);
#2181=LINE('',#11904,#2876);
#2182=LINE('',#11922,#2877);
#2183=LINE('',#11923,#2878);
#2184=LINE('',#11928,#2879);
#2185=LINE('',#11929,#2880);
#2186=LINE('',#11940,#2881);
#2187=LINE('',#11941,#2882);
#2188=LINE('',#11943,#2883);
#2189=LINE('',#11944,#2884);
#2190=LINE('',#11948,#2885);
#2191=LINE('',#11954,#2886);
#2192=LINE('',#11957,#2887);
#2193=LINE('',#11960,#2888);
#2194=LINE('',#11962,#2889);
#2195=LINE('',#11964,#2890);
#2196=LINE('',#11965,#2891);
#2197=LINE('',#11968,#2892);
#2198=LINE('',#11969,#2893);
#2199=LINE('',#11973,#2894);
#2200=LINE('',#11975,#2895);
#2201=LINE('',#11976,#2896);
#2202=LINE('',#11978,#2897);
#2203=LINE('',#11980,#2898);
#2204=VECTOR('',#7462,10.);
#2205=VECTOR('',#7465,10.);
#2206=VECTOR('',#7470,10.);
#2207=VECTOR('',#7471,10.);
#2208=VECTOR('',#7476,10.);
#2209=VECTOR('',#7477,10.);
#2210=VECTOR('',#7482,10.);
#2211=VECTOR('',#7483,10.);
#2212=VECTOR('',#7486,10.);
#2213=VECTOR('',#7487,10.);
#2214=VECTOR('',#7488,10.);
#2215=VECTOR('',#7491,10.);
#2216=VECTOR('',#7492,10.);
#2217=VECTOR('',#7495,10.);
#2218=VECTOR('',#7496,10.);
#2219=VECTOR('',#7499,10.);
#2220=VECTOR('',#7502,10.);
#2221=VECTOR('',#7503,10.);
#2222=VECTOR('',#7504,10.);
#2223=VECTOR('',#7507,10.);
#2224=VECTOR('',#7508,10.);
#2225=VECTOR('',#7511,10.);
#2226=VECTOR('',#7512,10.);
#2227=VECTOR('',#7513,10.);
#2228=VECTOR('',#7516,10.);
#2229=VECTOR('',#7517,10.);
#2230=VECTOR('',#7520,10.);
#2231=VECTOR('',#7521,10.);
#2232=VECTOR('',#7524,10.);
#2233=VECTOR('',#7527,10.);
#2234=VECTOR('',#7528,10.);
#2235=VECTOR('',#7531,10.);
#2236=VECTOR('',#7532,10.);
#2237=VECTOR('',#7533,10.);
#2238=VECTOR('',#7536,10.);
#2239=VECTOR('',#7537,10.);
#2240=VECTOR('',#7538,10.);
#2241=VECTOR('',#7541,10.);
#2242=VECTOR('',#7542,10.);
#2243=VECTOR('',#7543,10.);
#2244=VECTOR('',#7546,10.);
#2245=VECTOR('',#7547,10.);
#2246=VECTOR('',#7550,10.);
#2247=VECTOR('',#7551,10.);
#2248=VECTOR('',#7552,10.);
#2249=VECTOR('',#7555,10.);
#2250=VECTOR('',#7556,10.);
#2251=VECTOR('',#7557,10.);
#2252=VECTOR('',#7560,10.);
#2253=VECTOR('',#7561,10.);
#2254=VECTOR('',#7562,10.);
#2255=VECTOR('',#7565,10.);
#2256=VECTOR('',#7566,10.);
#2257=VECTOR('',#7567,10.);
#2258=VECTOR('',#7570,10.);
#2259=VECTOR('',#7571,10.);
#2260=VECTOR('',#7574,10.);
#2261=VECTOR('',#7575,10.);
#2262=VECTOR('',#7578,10.);
#2263=VECTOR('',#7579,10.);
#2264=VECTOR('',#7582,10.);
#2265=VECTOR('',#7583,10.);
#2266=VECTOR('',#7584,10.);
#2267=VECTOR('',#7587,10.);
#2268=VECTOR('',#7590,10.);
#2269=VECTOR('',#7593,10.);
#2270=VECTOR('',#7594,10.);
#2271=VECTOR('',#7595,10.);
#2272=VECTOR('',#7596,10.);
#2273=VECTOR('',#7597,10.);
#2274=VECTOR('',#7598,10.);
#2275=VECTOR('',#7599,10.);
#2276=VECTOR('',#7600,10.);
#2277=VECTOR('',#7601,10.);
#2278=VECTOR('',#7602,10.);
#2279=VECTOR('',#7607,10.);
#2280=VECTOR('',#7608,10.);
#2281=VECTOR('',#7609,10.);
#2282=VECTOR('',#7612,10.);
#2283=VECTOR('',#7613,10.);
#2284=VECTOR('',#7616,10.);
#2285=VECTOR('',#7617,10.);
#2286=VECTOR('',#7618,10.);
#2287=VECTOR('',#7621,10.);
#2288=VECTOR('',#7622,10.);
#2289=VECTOR('',#7625,10.);
#2290=VECTOR('',#7626,10.);
#2291=VECTOR('',#7627,10.);
#2292=VECTOR('',#7630,10.);
#2293=VECTOR('',#7631,10.);
#2294=VECTOR('',#7634,10.);
#2295=VECTOR('',#7635,10.);
#2296=VECTOR('',#7638,10.);
#2297=VECTOR('',#7639,10.);
#2298=VECTOR('',#7640,10.);
#2299=VECTOR('',#7643,10.);
#2300=VECTOR('',#7644,10.);
#2301=VECTOR('',#7647,10.);
#2302=VECTOR('',#7648,10.);
#2303=VECTOR('',#7651,10.);
#2304=VECTOR('',#7652,10.);
#2305=VECTOR('',#7655,10.);
#2306=VECTOR('',#7656,10.);
#2307=VECTOR('',#7663,10.);
#2308=VECTOR('',#7678,0.99);
#2309=VECTOR('',#7681,10.);
#2310=VECTOR('',#7686,10.);
#2311=VECTOR('',#7687,10.);
#2312=VECTOR('',#7688,10.);
#2313=VECTOR('',#7689,10.);
#2314=VECTOR('',#7694,10.);
#2315=VECTOR('',#7695,10.);
#2316=VECTOR('',#7696,10.);
#2317=VECTOR('',#7697,10.);
#2318=VECTOR('',#7700,10.);
#2319=VECTOR('',#7703,10.);
#2320=VECTOR('',#7708,10.);
#2321=VECTOR('',#7709,10.);
#2322=VECTOR('',#7712,10.);
#2323=VECTOR('',#7715,10.);
#2324=VECTOR('',#7718,10.);
#2325=VECTOR('',#7719,10.);
#2326=VECTOR('',#7722,10.);
#2327=VECTOR('',#7723,10.);
#2328=VECTOR('',#7724,10.);
#2329=VECTOR('',#7727,10.);
#2330=VECTOR('',#7728,10.);
#2331=VECTOR('',#7731,10.);
#2332=VECTOR('',#7736,10.);
#2333=VECTOR('',#7743,10.);
#2334=VECTOR('',#7744,10.);
#2335=VECTOR('',#7749,10.);
#2336=VECTOR('',#7752,10.);
#2337=VECTOR('',#7767,10.);
#2338=VECTOR('',#7768,10.);
#2339=VECTOR('',#7771,10.);
#2340=VECTOR('',#7772,10.);
#2341=VECTOR('',#7777,10.);
#2342=VECTOR('',#7780,10.);
#2343=VECTOR('',#7781,10.);
#2344=VECTOR('',#7784,10.);
#2345=VECTOR('',#7785,10.);
#2346=VECTOR('',#7788,10.);
#2347=VECTOR('',#7793,10.);
#2348=VECTOR('',#7794,10.);
#2349=VECTOR('',#7797,10.);
#2350=VECTOR('',#7798,10.);
#2351=VECTOR('',#7801,10.);
#2352=VECTOR('',#7804,10.);
#2353=VECTOR('',#7805,10.);
#2354=VECTOR('',#7808,10.);
#2355=VECTOR('',#7809,10.);
#2356=VECTOR('',#7812,10.);
#2357=VECTOR('',#7813,10.);
#2358=VECTOR('',#7818,0.99);
#2359=VECTOR('',#7821,10.);
#2360=VECTOR('',#7826,10.);
#2361=VECTOR('',#7827,10.);
#2362=VECTOR('',#7828,10.);
#2363=VECTOR('',#7829,10.);
#2364=VECTOR('',#7834,10.);
#2365=VECTOR('',#7835,10.);
#2366=VECTOR('',#7836,10.);
#2367=VECTOR('',#7837,10.);
#2368=VECTOR('',#7840,10.);
#2369=VECTOR('',#7843,10.);
#2370=VECTOR('',#7848,10.);
#2371=VECTOR('',#7851,10.);
#2372=VECTOR('',#7854,10.);
#2373=VECTOR('',#7855,10.);
#2374=VECTOR('',#7858,10.);
#2375=VECTOR('',#7859,10.);
#2376=VECTOR('',#7860,10.);
#2377=VECTOR('',#7863,10.);
#2378=VECTOR('',#7864,10.);
#2379=VECTOR('',#7865,10.);
#2380=VECTOR('',#7868,10.);
#2381=VECTOR('',#7871,10.);
#2382=VECTOR('',#7874,10.);
#2383=VECTOR('',#7879,10.);
#2384=VECTOR('',#7882,10.);
#2385=VECTOR('',#7883,10.);
#2386=VECTOR('',#7884,10.);
#2387=VECTOR('',#7885,10.);
#2388=VECTOR('',#7888,10.);
#2389=VECTOR('',#7889,10.);
#2390=VECTOR('',#7894,10.);
#2391=VECTOR('',#7895,10.);
#2392=VECTOR('',#7898,10.);
#2393=VECTOR('',#7901,10.);
#2394=VECTOR('',#7904,10.);
#2395=VECTOR('',#7907,10.);
#2396=VECTOR('',#7912,10.);
#2397=VECTOR('',#7915,10.);
#2398=VECTOR('',#7928,10.);
#2399=VECTOR('',#7929,10.);
#2400=VECTOR('',#7934,10.);
#2401=VECTOR('',#7935,10.);
#2402=VECTOR('',#7938,10.);
#2403=VECTOR('',#7941,10.);
#2404=VECTOR('',#7944,10.);
#2405=VECTOR('',#7949,10.);
#2406=VECTOR('',#7952,10.);
#2407=VECTOR('',#7953,10.);
#2408=VECTOR('',#7956,10.);
#2409=VECTOR('',#7959,10.);
#2410=VECTOR('',#7960,10.);
#2411=VECTOR('',#7963,10.);
#2412=VECTOR('',#7968,10.);
#2413=VECTOR('',#7969,10.);
#2414=VECTOR('',#7972,10.);
#2415=VECTOR('',#7975,10.);
#2416=VECTOR('',#7976,10.);
#2417=VECTOR('',#7977,10.);
#2418=VECTOR('',#7980,10.);
#2419=VECTOR('',#7983,10.);
#2420=VECTOR('',#7986,10.);
#2421=VECTOR('',#7987,10.);
#2422=VECTOR('',#7990,10.);
#2423=VECTOR('',#7993,10.);
#2424=VECTOR('',#7994,10.);
#2425=VECTOR('',#7997,10.);
#2426=VECTOR('',#8000,10.);
#2427=VECTOR('',#8001,10.);
#2428=VECTOR('',#8002,10.);
#2429=VECTOR('',#8005,10.);
#2430=VECTOR('',#8006,10.);
#2431=VECTOR('',#8007,10.);
#2432=VECTOR('',#8010,10.);
#2433=VECTOR('',#8011,10.);
#2434=VECTOR('',#8014,10.);
#2435=VECTOR('',#8015,10.);
#2436=VECTOR('',#8018,10.);
#2437=VECTOR('',#8019,10.);
#2438=VECTOR('',#8020,10.);
#2439=VECTOR('',#8023,10.);
#2440=VECTOR('',#8024,10.);
#2441=VECTOR('',#8025,10.);
#2442=VECTOR('',#8028,10.);
#2443=VECTOR('',#8029,10.);
#2444=VECTOR('',#8032,10.);
#2445=VECTOR('',#8033,10.);
#2446=VECTOR('',#8036,10.);
#2447=VECTOR('',#8037,10.);
#2448=VECTOR('',#8038,10.);
#2449=VECTOR('',#8041,10.);
#2450=VECTOR('',#8044,10.);
#2451=VECTOR('',#8045,10.);
#2452=VECTOR('',#8048,10.);
#2453=VECTOR('',#8049,10.);
#2454=VECTOR('',#8050,10.);
#2455=VECTOR('',#8053,10.);
#2456=VECTOR('',#8054,10.);
#2457=VECTOR('',#8057,10.);
#2458=VECTOR('',#8058,10.);
#2459=VECTOR('',#8059,10.);
#2460=VECTOR('',#8062,10.);
#2461=VECTOR('',#8065,10.);
#2462=VECTOR('',#8066,10.);
#2463=VECTOR('',#8069,10.);
#2464=VECTOR('',#8070,10.);
#2465=VECTOR('',#8071,10.);
#2466=VECTOR('',#8074,10.);
#2467=VECTOR('',#8077,10.);
#2468=VECTOR('',#8080,10.);
#2469=VECTOR('',#8081,10.);
#2470=VECTOR('',#8082,10.);
#2471=VECTOR('',#8083,10.);
#2472=VECTOR('',#8086,10.);
#2473=VECTOR('',#8093,10.);
#2474=VECTOR('',#8094,10.);
#2475=VECTOR('',#8097,10.);
#2476=VECTOR('',#8100,10.);
#2477=VECTOR('',#8101,10.);
#2478=VECTOR('',#8104,10.);
#2479=VECTOR('',#8105,10.);
#2480=VECTOR('',#8106,10.);
#2481=VECTOR('',#8109,10.);
#2482=VECTOR('',#8110,10.);
#2483=VECTOR('',#8113,10.);
#2484=VECTOR('',#8114,10.);
#2485=VECTOR('',#8115,10.);
#2486=VECTOR('',#8118,10.);
#2487=VECTOR('',#8123,10.);
#2488=VECTOR('',#8124,10.);
#2489=VECTOR('',#8127,10.);
#2490=VECTOR('',#8130,10.);
#2491=VECTOR('',#8133,10.);
#2492=VECTOR('',#8136,10.);
#2493=VECTOR('',#8137,10.);
#2494=VECTOR('',#8138,10.);
#2495=VECTOR('',#8139,10.);
#2496=VECTOR('',#8140,10.);
#2497=VECTOR('',#8143,10.);
#2498=VECTOR('',#8144,10.);
#2499=VECTOR('',#8145,10.);
#2500=VECTOR('',#8146,10.);
#2501=VECTOR('',#8147,10.);
#2502=VECTOR('',#8148,10.);
#2503=VECTOR('',#8149,10.);
#2504=VECTOR('',#8150,10.);
#2505=VECTOR('',#8151,10.);
#2506=VECTOR('',#8154,10.);
#2507=VECTOR('',#8157,10.);
#2508=VECTOR('',#8160,10.);
#2509=VECTOR('',#8167,10.);
#2510=VECTOR('',#8168,10.);
#2511=VECTOR('',#8169,10.);
#2512=VECTOR('',#8172,10.);
#2513=VECTOR('',#8173,10.);
#2514=VECTOR('',#8176,10.);
#2515=VECTOR('',#8177,10.);
#2516=VECTOR('',#8180,10.);
#2517=VECTOR('',#8183,10.);
#2518=VECTOR('',#8184,10.);
#2519=VECTOR('',#8185,10.);
#2520=VECTOR('',#8188,10.);
#2521=VECTOR('',#8189,10.);
#2522=VECTOR('',#8190,10.);
#2523=VECTOR('',#8191,10.);
#2524=VECTOR('',#8194,10.);
#2525=VECTOR('',#8197,10.);
#2526=VECTOR('',#8198,10.);
#2527=VECTOR('',#8203,10.);
#2528=VECTOR('',#8204,10.);
#2529=VECTOR('',#8205,10.);
#2530=VECTOR('',#8206,10.);
#2531=VECTOR('',#8207,10.);
#2532=VECTOR('',#8208,10.);
#2533=VECTOR('',#8209,10.);
#2534=VECTOR('',#8210,10.);
#2535=VECTOR('',#8211,10.);
#2536=VECTOR('',#8212,10.);
#2537=VECTOR('',#8213,10.);
#2538=VECTOR('',#8214,10.);
#2539=VECTOR('',#8215,10.);
#2540=VECTOR('',#8216,10.);
#2541=VECTOR('',#8217,10.);
#2542=VECTOR('',#8218,10.);
#2543=VECTOR('',#8219,10.);
#2544=VECTOR('',#8220,10.);
#2545=VECTOR('',#8225,10.);
#2546=VECTOR('',#8226,10.);
#2547=VECTOR('',#8227,10.);
#2548=VECTOR('',#8230,10.);
#2549=VECTOR('',#8231,10.);
#2550=VECTOR('',#8232,10.);
#2551=VECTOR('',#8233,10.);
#2552=VECTOR('',#8236,10.);
#2553=VECTOR('',#8237,10.);
#2554=VECTOR('',#8238,10.);
#2555=VECTOR('',#8241,10.);
#2556=VECTOR('',#8242,10.);
#2557=VECTOR('',#8243,10.);
#2558=VECTOR('',#8244,10.);
#2559=VECTOR('',#8247,10.);
#2560=VECTOR('',#8248,10.);
#2561=VECTOR('',#8249,10.);
#2562=VECTOR('',#8252,10.);
#2563=VECTOR('',#8253,10.);
#2564=VECTOR('',#8254,10.);
#2565=VECTOR('',#8257,10.);
#2566=VECTOR('',#8258,10.);
#2567=VECTOR('',#8263,10.);
#2568=VECTOR('',#8264,10.);
#2569=VECTOR('',#8265,10.);
#2570=VECTOR('',#8268,10.);
#2571=VECTOR('',#8269,10.);
#2572=VECTOR('',#8274,10.);
#2573=VECTOR('',#8275,10.);
#2574=VECTOR('',#8276,10.);
#2575=VECTOR('',#8279,10.);
#2576=VECTOR('',#8280,10.);
#2577=VECTOR('',#8281,10.);
#2578=VECTOR('',#8282,10.);
#2579=VECTOR('',#8285,10.);
#2580=VECTOR('',#8286,10.);
#2581=VECTOR('',#8287,10.);
#2582=VECTOR('',#8288,10.);
#2583=VECTOR('',#8291,10.);
#2584=VECTOR('',#8292,10.);
#2585=VECTOR('',#8293,10.);
#2586=VECTOR('',#8294,10.);
#2587=VECTOR('',#8297,10.);
#2588=VECTOR('',#8300,10.);
#2589=VECTOR('',#8303,10.);
#2590=VECTOR('',#8304,10.);
#2591=VECTOR('',#8307,10.);
#2592=VECTOR('',#8310,10.);
#2593=VECTOR('',#8313,10.);
#2594=VECTOR('',#8316,10.);
#2595=VECTOR('',#8317,10.);
#2596=VECTOR('',#8320,10.);
#2597=VECTOR('',#8321,10.);
#2598=VECTOR('',#8324,10.);
#2599=VECTOR('',#8325,10.);
#2600=VECTOR('',#8326,10.);
#2601=VECTOR('',#8329,10.);
#2602=VECTOR('',#8330,10.);
#2603=VECTOR('',#8331,10.);
#2604=VECTOR('',#8336,10.);
#2605=VECTOR('',#8337,10.);
#2606=VECTOR('',#8338,10.);
#2607=VECTOR('',#8341,10.);
#2608=VECTOR('',#8344,10.);
#2609=VECTOR('',#8347,10.);
#2610=VECTOR('',#8348,10.);
#2611=VECTOR('',#8351,10.);
#2612=VECTOR('',#8352,10.);
#2613=VECTOR('',#8355,10.);
#2614=VECTOR('',#8358,10.);
#2615=VECTOR('',#8359,10.);
#2616=VECTOR('',#8360,10.);
#2617=VECTOR('',#8367,10.);
#2618=VECTOR('',#8378,10.);
#2619=VECTOR('',#8381,10.);
#2620=VECTOR('',#8384,10.);
#2621=VECTOR('',#8385,10.);
#2622=VECTOR('',#8386,10.);
#2623=VECTOR('',#8391,10.);
#2624=VECTOR('',#8394,10.);
#2625=VECTOR('',#8397,10.);
#2626=VECTOR('',#8398,10.);
#2627=VECTOR('',#8399,10.);
#2628=VECTOR('',#8404,10.);
#2629=VECTOR('',#8407,10.);
#2630=VECTOR('',#8410,10.);
#2631=VECTOR('',#8411,10.);
#2632=VECTOR('',#8412,10.);
#2633=VECTOR('',#8415,10.);
#2634=VECTOR('',#8416,10.);
#2635=VECTOR('',#8417,10.);
#2636=VECTOR('',#8418,10.);
#2637=VECTOR('',#8425,10.);
#2638=VECTOR('',#8434,10.);
#2639=VECTOR('',#8435,10.);
#2640=VECTOR('',#8436,10.);
#2641=VECTOR('',#8441,10.);
#2642=VECTOR('',#8444,10.);
#2643=VECTOR('',#8447,10.);
#2644=VECTOR('',#8448,10.);
#2645=VECTOR('',#8449,10.);
#2646=VECTOR('',#8450,10.);
#2647=VECTOR('',#8457,10.);
#2648=VECTOR('',#8460,10.);
#2649=VECTOR('',#8461,10.);
#2650=VECTOR('',#8462,10.);
#2651=VECTOR('',#8467,10.);
#2652=VECTOR('',#8468,10.);
#2653=VECTOR('',#8469,10.);
#2654=VECTOR('',#8470,10.);
#2655=VECTOR('',#8471,10.);
#2656=VECTOR('',#8472,10.);
#2657=VECTOR('',#8475,10.);
#2658=VECTOR('',#8476,10.);
#2659=VECTOR('',#8479,10.);
#2660=VECTOR('',#8480,10.);
#2661=VECTOR('',#8481,10.);
#2662=VECTOR('',#8482,10.);
#2663=VECTOR('',#8483,10.);
#2664=VECTOR('',#8484,10.);
#2665=VECTOR('',#8485,10.);
#2666=VECTOR('',#8488,10.);
#2667=VECTOR('',#8489,10.);
#2668=VECTOR('',#8492,10.);
#2669=VECTOR('',#8493,10.);
#2670=VECTOR('',#8494,10.);
#2671=VECTOR('',#8495,10.);
#2672=VECTOR('',#8496,10.);
#2673=VECTOR('',#8497,10.);
#2674=VECTOR('',#8498,10.);
#2675=VECTOR('',#8499,10.);
#2676=VECTOR('',#8500,10.);
#2677=VECTOR('',#8501,10.);
#2678=VECTOR('',#8504,10.);
#2679=VECTOR('',#8507,10.);
#2680=VECTOR('',#8510,10.);
#2681=VECTOR('',#8513,10.);
#2682=VECTOR('',#8514,10.);
#2683=VECTOR('',#8515,10.);
#2684=VECTOR('',#8516,10.);
#2685=VECTOR('',#8565,10.);
#2686=VECTOR('',#8568,10.);
#2687=VECTOR('',#8575,10.);
#2688=VECTOR('',#8578,10.);
#2689=VECTOR('',#8581,10.);
#2690=VECTOR('',#8584,10.);
#2691=VECTOR('',#8587,10.);
#2692=VECTOR('',#8594,10.);
#2693=VECTOR('',#8599,10.);
#2694=VECTOR('',#8600,10.);
#2695=VECTOR('',#8601,10.);
#2696=VECTOR('',#8604,10.);
#2697=VECTOR('',#8605,10.);
#2698=VECTOR('',#8606,10.);
#2699=VECTOR('',#8617,10.);
#2700=VECTOR('',#8620,10.);
#2701=VECTOR('',#8621,10.);
#2702=VECTOR('',#8622,10.);
#2703=VECTOR('',#8627,10.);
#2704=VECTOR('',#8632,10.);
#2705=VECTOR('',#8633,10.);
#2706=VECTOR('',#8646,10.);
#2707=VECTOR('',#8653,10.);
#2708=VECTOR('',#8656,10.);
#2709=VECTOR('',#8669,10.);
#2710=VECTOR('',#8670,10.);
#2711=VECTOR('',#8683,10.);
#2712=VECTOR('',#8684,10.);
#2713=VECTOR('',#8687,10.);
#2714=VECTOR('',#8688,10.);
#2715=VECTOR('',#8691,10.);
#2716=VECTOR('',#8692,10.);
#2717=VECTOR('',#8695,10.);
#2718=VECTOR('',#8696,10.);
#2719=VECTOR('',#8707,10.);
#2720=VECTOR('',#8708,10.);
#2721=VECTOR('',#8709,10.);
#2722=VECTOR('',#8712,10.);
#2723=VECTOR('',#8715,10.);
#2724=VECTOR('',#8716,10.);
#2725=VECTOR('',#8719,10.);
#2726=VECTOR('',#8728,10.);
#2727=VECTOR('',#8731,10.);
#2728=VECTOR('',#8732,10.);
#2729=VECTOR('',#8735,10.);
#2730=VECTOR('',#8738,10.);
#2731=VECTOR('',#8741,3.1);
#2732=VECTOR('',#8746,3.1);
#2733=VECTOR('',#8751,3.1);
#2734=VECTOR('',#8756,3.1);
#2735=VECTOR('',#8761,3.1);
#2736=VECTOR('',#8766,3.1);
#2737=VECTOR('',#8771,3.1);
#2738=VECTOR('',#8776,3.1);
#2739=VECTOR('',#8781,3.1);
#2740=VECTOR('',#8786,3.1);
#2741=VECTOR('',#8791,3.1);
#2742=VECTOR('',#8796,3.1);
#2743=VECTOR('',#8801,3.1);
#2744=VECTOR('',#8806,3.1);
#2745=VECTOR('',#8811,3.1);
#2746=VECTOR('',#8816,3.1);
#2747=VECTOR('',#8821,3.1);
#2748=VECTOR('',#8826,3.1);
#2749=VECTOR('',#8831,3.1);
#2750=VECTOR('',#8836,3.1);
#2751=VECTOR('',#8841,3.1);
#2752=VECTOR('',#8846,3.1);
#2753=VECTOR('',#8851,3.1);
#2754=VECTOR('',#8856,3.1);
#2755=VECTOR('',#8865,10.);
#2756=VECTOR('',#8866,10.);
#2757=VECTOR('',#8867,10.);
#2758=VECTOR('',#8868,10.);
#2759=VECTOR('',#8871,10.);
#2760=VECTOR('',#8872,10.);
#2761=VECTOR('',#8873,10.);
#2762=VECTOR('',#8876,10.);
#2763=VECTOR('',#8877,10.);
#2764=VECTOR('',#8878,10.);
#2765=VECTOR('',#8881,10.);
#2766=VECTOR('',#8882,10.);
#2767=VECTOR('',#8887,10.);
#2768=VECTOR('',#8888,10.);
#2769=VECTOR('',#8889,10.);
#2770=VECTOR('',#8890,10.);
#2771=VECTOR('',#8893,10.);
#2772=VECTOR('',#8894,10.);
#2773=VECTOR('',#8895,10.);
#2774=VECTOR('',#8898,10.);
#2775=VECTOR('',#8899,10.);
#2776=VECTOR('',#8900,10.);
#2777=VECTOR('',#8903,10.);
#2778=VECTOR('',#8904,10.);
#2779=VECTOR('',#8911,2.1);
#2780=VECTOR('',#8918,2.1);
#2781=VECTOR('',#8925,2.1);
#2782=VECTOR('',#8932,2.1);
#2783=VECTOR('',#8939,2.1);
#2784=VECTOR('',#8946,2.1);
#2785=VECTOR('',#8953,2.1);
#2786=VECTOR('',#8960,2.1);
#2787=VECTOR('',#8967,2.1);
#2788=VECTOR('',#8974,2.1);
#2789=VECTOR('',#8981,2.1);
#2790=VECTOR('',#8988,2.1);
#2791=VECTOR('',#8995,2.1);
#2792=VECTOR('',#9002,2.1);
#2793=VECTOR('',#9009,2.1);
#2794=VECTOR('',#9016,2.1);
#2795=VECTOR('',#9023,2.1);
#2796=VECTOR('',#9030,2.1);
#2797=VECTOR('',#9037,2.1);
#2798=VECTOR('',#9044,2.1);
#2799=VECTOR('',#9051,2.1);
#2800=VECTOR('',#9058,2.1);
#2801=VECTOR('',#9065,2.1);
#2802=VECTOR('',#9072,2.1);
#2803=VECTOR('',#9077,10.);
#2804=VECTOR('',#9078,10.);
#2805=VECTOR('',#9079,10.);
#2806=VECTOR('',#9080,10.);
#2807=VECTOR('',#9083,10.);
#2808=VECTOR('',#9084,10.);
#2809=VECTOR('',#9085,10.);
#2810=VECTOR('',#9088,10.);
#2811=VECTOR('',#9089,10.);
#2812=VECTOR('',#9090,10.);
#2813=VECTOR('',#9093,10.);
#2814=VECTOR('',#9094,10.);
#2815=VECTOR('',#9095,10.);
#2816=VECTOR('',#9098,10.);
#2817=VECTOR('',#9099,10.);
#2818=VECTOR('',#9100,10.);
#2819=VECTOR('',#9103,10.);
#2820=VECTOR('',#9104,10.);
#2821=VECTOR('',#9105,10.);
#2822=VECTOR('',#9108,10.);
#2823=VECTOR('',#9109,10.);
#2824=VECTOR('',#9110,10.);
#2825=VECTOR('',#9113,10.);
#2826=VECTOR('',#9114,10.);
#2827=VECTOR('',#9115,10.);
#2828=VECTOR('',#9118,10.);
#2829=VECTOR('',#9119,10.);
#2830=VECTOR('',#9120,10.);
#2831=VECTOR('',#9123,10.);
#2832=VECTOR('',#9124,10.);
#2833=VECTOR('',#9125,10.);
#2834=VECTOR('',#9128,10.);
#2835=VECTOR('',#9129,10.);
#2836=VECTOR('',#9132,10.);
#2837=VECTOR('',#9143,10.);
#2838=VECTOR('',#9146,10.);
#2839=VECTOR('',#9149,10.);
#2840=VECTOR('',#9150,10.);
#2841=VECTOR('',#9151,10.);
#2842=VECTOR('',#9154,10.);
#2843=VECTOR('',#9157,10.);
#2844=VECTOR('',#9160,10.);
#2845=VECTOR('',#9163,10.);
#2846=VECTOR('',#9164,10.);
#2847=VECTOR('',#9165,10.);
#2848=VECTOR('',#9166,10.);
#2849=VECTOR('',#9169,10.);
#2850=VECTOR('',#9172,10.);
#2851=VECTOR('',#9175,10.);
#2852=VECTOR('',#9176,10.);
#2853=VECTOR('',#9177,10.);
#2854=VECTOR('',#9178,10.);
#2855=VECTOR('',#9201,10.);
#2856=VECTOR('',#9202,10.);
#2857=VECTOR('',#9207,10.);
#2858=VECTOR('',#9208,10.);
#2859=VECTOR('',#9221,10.);
#2860=VECTOR('',#9222,10.);
#2861=VECTOR('',#9225,10.);
#2862=VECTOR('',#9226,10.);
#2863=VECTOR('',#9231,10.);
#2864=VECTOR('',#9232,10.);
#2865=VECTOR('',#9243,10.);
#2866=VECTOR('',#9244,10.);
#2867=VECTOR('',#9247,10.);
#2868=VECTOR('',#9250,10.);
#2869=VECTOR('',#9253,10.);
#2870=VECTOR('',#9254,10.);
#2871=VECTOR('',#9257,10.);
#2872=VECTOR('',#9260,10.);
#2873=VECTOR('',#9261,10.);
#2874=VECTOR('',#9266,10.);
#2875=VECTOR('',#9267,10.);
#2876=VECTOR('',#9272,10.);
#2877=VECTOR('',#9293,10.);
#2878=VECTOR('',#9294,10.);
#2879=VECTOR('',#9299,10.);
#2880=VECTOR('',#9300,10.);
#2881=VECTOR('',#9313,10.);
#2882=VECTOR('',#9314,10.);
#2883=VECTOR('',#9317,10.);
#2884=VECTOR('',#9318,10.);
#2885=VECTOR('',#9323,10.);
#2886=VECTOR('',#9332,10.);
#2887=VECTOR('',#9335,10.);
#2888=VECTOR('',#9340,10.);
#2889=VECTOR('',#9343,10.);
#2890=VECTOR('',#9346,10.);
#2891=VECTOR('',#9347,10.);
#2892=VECTOR('',#9352,10.);
#2893=VECTOR('',#9353,10.);
#2894=VECTOR('',#9358,10.);
#2895=VECTOR('',#9359,10.);
#2896=VECTOR('',#9360,10.);
#2897=VECTOR('',#9363,10.);
#2898=VECTOR('',#9366,10.);
#2899=VERTEX_POINT('',#9381);
#2900=VERTEX_POINT('',#9382);
#2901=VERTEX_POINT('',#9384);
#2902=VERTEX_POINT('',#9386);
#2903=VERTEX_POINT('',#9390);
#2904=VERTEX_POINT('',#9392);
#2905=VERTEX_POINT('',#9396);
#2906=VERTEX_POINT('',#9398);
#2907=VERTEX_POINT('',#9405);
#2908=VERTEX_POINT('',#9407);
#2909=VERTEX_POINT('',#9411);
#2910=VERTEX_POINT('',#9415);
#2911=VERTEX_POINT('',#9421);
#2912=VERTEX_POINT('',#9423);
#2913=VERTEX_POINT('',#9427);
#2914=VERTEX_POINT('',#9431);
#2915=VERTEX_POINT('',#9432);
#2916=VERTEX_POINT('',#9437);
#2917=VERTEX_POINT('',#9441);
#2918=VERTEX_POINT('',#9447);
#2919=VERTEX_POINT('',#9451);
#2920=VERTEX_POINT('',#9452);
#2921=VERTEX_POINT('',#9454);
#2922=VERTEX_POINT('',#9458);
#2923=VERTEX_POINT('',#9459);
#2924=VERTEX_POINT('',#9464);
#2925=VERTEX_POINT('',#9465);
#2926=VERTEX_POINT('',#9467);
#2927=VERTEX_POINT('',#9474);
#2928=VERTEX_POINT('',#9475);
#2929=VERTEX_POINT('',#9477);
#2930=VERTEX_POINT('',#9481);
#2931=VERTEX_POINT('',#9482);
#2932=VERTEX_POINT('',#9487);
#2933=VERTEX_POINT('',#9488);
#2934=VERTEX_POINT('',#9490);
#2935=VERTEX_POINT('',#9494);
#2936=VERTEX_POINT('',#9495);
#2937=VERTEX_POINT('',#9509);
#2938=VERTEX_POINT('',#9510);
#2939=VERTEX_POINT('',#9521);
#2940=VERTEX_POINT('',#9522);
#2941=VERTEX_POINT('',#9524);
#2942=VERTEX_POINT('',#9526);
#2943=VERTEX_POINT('',#9528);
#2944=VERTEX_POINT('',#9530);
#2945=VERTEX_POINT('',#9532);
#2946=VERTEX_POINT('',#9534);
#2947=VERTEX_POINT('',#9539);
#2948=VERTEX_POINT('',#9540);
#2949=VERTEX_POINT('',#9542);
#2950=VERTEX_POINT('',#9549);
#2951=VERTEX_POINT('',#9550);
#2952=VERTEX_POINT('',#9552);
#2953=VERTEX_POINT('',#9559);
#2954=VERTEX_POINT('',#9560);
#2955=VERTEX_POINT('',#9562);
#2956=VERTEX_POINT('',#9572);
#2957=VERTEX_POINT('',#9573);
#2958=VERTEX_POINT('',#9575);
#2959=VERTEX_POINT('',#9600);
#2960=VERTEX_POINT('',#9601);
#2961=VERTEX_POINT('',#9603);
#2962=VERTEX_POINT('',#9605);
#2963=VERTEX_POINT('',#9609);
#2964=VERTEX_POINT('',#9610);
#2965=VERTEX_POINT('',#9612);
#2966=VERTEX_POINT('',#9614);
#2967=VERTEX_POINT('',#9619);
#2968=VERTEX_POINT('',#9620);
#2969=VERTEX_POINT('',#9623);
#2970=VERTEX_POINT('',#9625);
#2971=VERTEX_POINT('',#9629);
#2972=VERTEX_POINT('',#9630);
#2973=VERTEX_POINT('',#9632);
#2974=VERTEX_POINT('',#9634);
#2975=VERTEX_POINT('',#9641);
#2976=VERTEX_POINT('',#9643);
#2977=VERTEX_POINT('',#9647);
#2978=VERTEX_POINT('',#9651);
#2979=VERTEX_POINT('',#9653);
#2980=VERTEX_POINT('',#9657);
#2981=VERTEX_POINT('',#9661);
#2982=VERTEX_POINT('',#9662);
#2983=VERTEX_POINT('',#9664);
#2984=VERTEX_POINT('',#9666);
#2985=VERTEX_POINT('',#9668);
#2986=VERTEX_POINT('',#9672);
#2987=VERTEX_POINT('',#9673);
#2988=VERTEX_POINT('',#9680);
#2989=VERTEX_POINT('',#9685);
#2990=VERTEX_POINT('',#9686);
#2991=VERTEX_POINT('',#9688);
#2992=VERTEX_POINT('',#9690);
#2993=VERTEX_POINT('',#9700);
#2994=VERTEX_POINT('',#9701);
#2995=VERTEX_POINT('',#9706);
#2996=VERTEX_POINT('',#9708);
#2997=VERTEX_POINT('',#9711);
#2998=VERTEX_POINT('',#9718);
#2999=VERTEX_POINT('',#9719);
#3000=VERTEX_POINT('',#9725);
#3001=VERTEX_POINT('',#9727);
#3002=VERTEX_POINT('',#9729);
#3003=VERTEX_POINT('',#9733);
#3004=VERTEX_POINT('',#9737);
#3005=VERTEX_POINT('',#9741);
#3006=VERTEX_POINT('',#9745);
#3007=VERTEX_POINT('',#9749);
#3008=VERTEX_POINT('',#9755);
#3009=VERTEX_POINT('',#9759);
#3010=VERTEX_POINT('',#9763);
#3011=VERTEX_POINT('',#9767);
#3012=VERTEX_POINT('',#9768);
#3013=VERTEX_POINT('',#9770);
#3014=VERTEX_POINT('',#9772);
#3015=VERTEX_POINT('',#9776);
#3016=VERTEX_POINT('',#9777);
#3017=VERTEX_POINT('',#9779);
#3018=VERTEX_POINT('',#9781);
#3019=VERTEX_POINT('',#9786);
#3020=VERTEX_POINT('',#9787);
#3021=VERTEX_POINT('',#9790);
#3022=VERTEX_POINT('',#9792);
#3023=VERTEX_POINT('',#9796);
#3024=VERTEX_POINT('',#9797);
#3025=VERTEX_POINT('',#9799);
#3026=VERTEX_POINT('',#9801);
#3027=VERTEX_POINT('',#9805);
#3028=VERTEX_POINT('',#9807);
#3029=VERTEX_POINT('',#9814);
#3030=VERTEX_POINT('',#9816);
#3031=VERTEX_POINT('',#9820);
#3032=VERTEX_POINT('',#9822);
#3033=VERTEX_POINT('',#9828);
#3034=VERTEX_POINT('',#9830);
#3035=VERTEX_POINT('',#9832);
#3036=VERTEX_POINT('',#9834);
#3037=VERTEX_POINT('',#9836);
#3038=VERTEX_POINT('',#9840);
#3039=VERTEX_POINT('',#9842);
#3040=VERTEX_POINT('',#9844);
#3041=VERTEX_POINT('',#9848);
#3042=VERTEX_POINT('',#9852);
#3043=VERTEX_POINT('',#9854);
#3044=VERTEX_POINT('',#9858);
#3045=VERTEX_POINT('',#9860);
#3046=VERTEX_POINT('',#9864);
#3047=VERTEX_POINT('',#9866);
#3048=VERTEX_POINT('',#9868);
#3049=VERTEX_POINT('',#9877);
#3050=VERTEX_POINT('',#9878);
#3051=VERTEX_POINT('',#9880);
#3052=VERTEX_POINT('',#9882);
#3053=VERTEX_POINT('',#9886);
#3054=VERTEX_POINT('',#9887);
#3055=VERTEX_POINT('',#9892);
#3056=VERTEX_POINT('',#9894);
#3057=VERTEX_POINT('',#9897);
#3058=VERTEX_POINT('',#9904);
#3059=VERTEX_POINT('',#9912);
#3060=VERTEX_POINT('',#9916);
#3061=VERTEX_POINT('',#9922);
#3062=VERTEX_POINT('',#9924);
#3063=VERTEX_POINT('',#9926);
#3064=VERTEX_POINT('',#9932);
#3065=VERTEX_POINT('',#9938);
#3066=VERTEX_POINT('',#9942);
#3067=VERTEX_POINT('',#9946);
#3068=VERTEX_POINT('',#9953);
#3069=VERTEX_POINT('',#9957);
#3070=VERTEX_POINT('',#9959);
#3071=VERTEX_POINT('',#9963);
#3072=VERTEX_POINT('',#9969);
#3073=VERTEX_POINT('',#9975);
#3074=VERTEX_POINT('',#9976);
#3075=VERTEX_POINT('',#9978);
#3076=VERTEX_POINT('',#9982);
#3077=VERTEX_POINT('',#9984);
#3078=VERTEX_POINT('',#9988);
#3079=VERTEX_POINT('',#9995);
#3080=VERTEX_POINT('',#9996);
#3081=VERTEX_POINT('',#9998);
#3082=VERTEX_POINT('',#10002);
#3083=VERTEX_POINT('',#10004);
#3084=VERTEX_POINT('',#10011);
#3085=VERTEX_POINT('',#10015);
#3086=VERTEX_POINT('',#10016);
#3087=VERTEX_POINT('',#10023);
#3088=VERTEX_POINT('',#10027);
#3089=VERTEX_POINT('',#10028);
#3090=VERTEX_POINT('',#10033);
#3091=VERTEX_POINT('',#10037);
#3092=VERTEX_POINT('',#10038);
#3093=VERTEX_POINT('',#10045);
#3094=VERTEX_POINT('',#10049);
#3095=VERTEX_POINT('',#10050);
#3096=VERTEX_POINT('',#10059);
#3097=VERTEX_POINT('',#10060);
#3098=VERTEX_POINT('',#10062);
#3099=VERTEX_POINT('',#10064);
#3100=VERTEX_POINT('',#10068);
#3101=VERTEX_POINT('',#10069);
#3102=VERTEX_POINT('',#10082);
#3103=VERTEX_POINT('',#10084);
#3104=VERTEX_POINT('',#10091);
#3105=VERTEX_POINT('',#10096);
#3106=VERTEX_POINT('',#10100);
#3107=VERTEX_POINT('',#10111);
#3108=VERTEX_POINT('',#10112);
#3109=VERTEX_POINT('',#10114);
#3110=VERTEX_POINT('',#10116);
#3111=VERTEX_POINT('',#10120);
#3112=VERTEX_POINT('',#10122);
#3113=VERTEX_POINT('',#10124);
#3114=VERTEX_POINT('',#10126);
#3115=VERTEX_POINT('',#10128);
#3116=VERTEX_POINT('',#10130);
#3117=VERTEX_POINT('',#10132);
#3118=VERTEX_POINT('',#10134);
#3119=VERTEX_POINT('',#10146);
#3120=VERTEX_POINT('',#10148);
#3121=VERTEX_POINT('',#10152);
#3122=VERTEX_POINT('',#10156);
#3123=VERTEX_POINT('',#10162);
#3124=VERTEX_POINT('',#10164);
#3125=VERTEX_POINT('',#10168);
#3126=VERTEX_POINT('',#10170);
#3127=VERTEX_POINT('',#10172);
#3128=VERTEX_POINT('',#10182);
#3129=VERTEX_POINT('',#10184);
#3130=VERTEX_POINT('',#10186);
#3131=VERTEX_POINT('',#10188);
#3132=VERTEX_POINT('',#10190);
#3133=VERTEX_POINT('',#10192);
#3134=VERTEX_POINT('',#10194);
#3135=VERTEX_POINT('',#10198);
#3136=VERTEX_POINT('',#10200);
#3137=VERTEX_POINT('',#10202);
#3138=VERTEX_POINT('',#10204);
#3139=VERTEX_POINT('',#10206);
#3140=VERTEX_POINT('',#10208);
#3141=VERTEX_POINT('',#10210);
#3142=VERTEX_POINT('',#10212);
#3143=VERTEX_POINT('',#10217);
#3144=VERTEX_POINT('',#10219);
#3145=VERTEX_POINT('',#10223);
#3146=VERTEX_POINT('',#10224);
#3147=VERTEX_POINT('',#10226);
#3148=VERTEX_POINT('',#10228);
#3149=VERTEX_POINT('',#10232);
#3150=VERTEX_POINT('',#10234);
#3151=VERTEX_POINT('',#10238);
#3152=VERTEX_POINT('',#10239);
#3153=VERTEX_POINT('',#10241);
#3154=VERTEX_POINT('',#10243);
#3155=VERTEX_POINT('',#10247);
#3156=VERTEX_POINT('',#10249);
#3157=VERTEX_POINT('',#10253);
#3158=VERTEX_POINT('',#10255);
#3159=VERTEX_POINT('',#10263);
#3160=VERTEX_POINT('',#10265);
#3161=VERTEX_POINT('',#10273);
#3162=VERTEX_POINT('',#10275);
#3163=VERTEX_POINT('',#10279);
#3164=VERTEX_POINT('',#10280);
#3165=VERTEX_POINT('',#10282);
#3166=VERTEX_POINT('',#10284);
#3167=VERTEX_POINT('',#10288);
#3168=VERTEX_POINT('',#10289);
#3169=VERTEX_POINT('',#10291);
#3170=VERTEX_POINT('',#10293);
#3171=VERTEX_POINT('',#10297);
#3172=VERTEX_POINT('',#10298);
#3173=VERTEX_POINT('',#10300);
#3174=VERTEX_POINT('',#10302);
#3175=VERTEX_POINT('',#10325);
#3176=VERTEX_POINT('',#10327);
#3177=VERTEX_POINT('',#10331);
#3178=VERTEX_POINT('',#10333);
#3179=VERTEX_POINT('',#10338);
#3180=VERTEX_POINT('',#10339);
#3181=VERTEX_POINT('',#10348);
#3182=VERTEX_POINT('',#10352);
#3183=VERTEX_POINT('',#10369);
#3184=VERTEX_POINT('',#10370);
#3185=VERTEX_POINT('',#10372);
#3186=VERTEX_POINT('',#10374);
#3187=VERTEX_POINT('',#10378);
#3188=VERTEX_POINT('',#10380);
#3189=VERTEX_POINT('',#10384);
#3190=VERTEX_POINT('',#10385);
#3191=VERTEX_POINT('',#10387);
#3192=VERTEX_POINT('',#10389);
#3193=VERTEX_POINT('',#10393);
#3194=VERTEX_POINT('',#10395);
#3195=VERTEX_POINT('',#10399);
#3196=VERTEX_POINT('',#10400);
#3197=VERTEX_POINT('',#10402);
#3198=VERTEX_POINT('',#10404);
#3199=VERTEX_POINT('',#10408);
#3200=VERTEX_POINT('',#10410);
#3201=VERTEX_POINT('',#10414);
#3202=VERTEX_POINT('',#10415);
#3203=VERTEX_POINT('',#10417);
#3204=VERTEX_POINT('',#10419);
#3205=VERTEX_POINT('',#10423);
#3206=VERTEX_POINT('',#10425);
#3207=VERTEX_POINT('',#10432);
#3208=VERTEX_POINT('',#10434);
#3209=VERTEX_POINT('',#10438);
#3210=VERTEX_POINT('',#10439);
#3211=VERTEX_POINT('',#10441);
#3212=VERTEX_POINT('',#10443);
#3213=VERTEX_POINT('',#10447);
#3214=VERTEX_POINT('',#10449);
#3215=VERTEX_POINT('',#10451);
#3216=VERTEX_POINT('',#10455);
#3217=VERTEX_POINT('',#10457);
#3218=VERTEX_POINT('',#10462);
#3219=VERTEX_POINT('',#10467);
#3220=VERTEX_POINT('',#10469);
#3221=VERTEX_POINT('',#10471);
#3222=VERTEX_POINT('',#10473);
#3223=VERTEX_POINT('',#10475);
#3224=VERTEX_POINT('',#10477);
#3225=VERTEX_POINT('',#10479);
#3226=VERTEX_POINT('',#10481);
#3227=VERTEX_POINT('',#10485);
#3228=VERTEX_POINT('',#10487);
#3229=VERTEX_POINT('',#10489);
#3230=VERTEX_POINT('',#10662);
#3231=VERTEX_POINT('',#10664);
#3232=VERTEX_POINT('',#10816);
#3233=VERTEX_POINT('',#10818);
#3234=VERTEX_POINT('',#10820);
#3235=VERTEX_POINT('',#10824);
#3236=VERTEX_POINT('',#10826);
#3237=VERTEX_POINT('',#10829);
#3238=VERTEX_POINT('',#10831);
#3239=VERTEX_POINT('',#10833);
#3240=VERTEX_POINT('',#10835);
#3241=VERTEX_POINT('',#10837);
#3242=VERTEX_POINT('',#10839);
#3243=VERTEX_POINT('',#10841);
#3244=VERTEX_POINT('',#10843);
#3245=VERTEX_POINT('',#10845);
#3246=VERTEX_POINT('',#10848);
#3247=VERTEX_POINT('',#10850);
#3248=VERTEX_POINT('',#10852);
#3249=VERTEX_POINT('',#10854);
#3250=VERTEX_POINT('',#10856);
#3251=VERTEX_POINT('',#10858);
#3252=VERTEX_POINT('',#10861);
#3253=VERTEX_POINT('',#10863);
#3254=VERTEX_POINT('',#10867);
#3255=VERTEX_POINT('',#10869);
#3256=VERTEX_POINT('',#10871);
#3257=VERTEX_POINT('',#10873);
#3258=VERTEX_POINT('',#10875);
#3259=VERTEX_POINT('',#10877);
#3260=VERTEX_POINT('',#10879);
#3261=VERTEX_POINT('',#10881);
#3262=VERTEX_POINT('',#10883);
#3263=VERTEX_POINT('',#10885);
#3264=VERTEX_POINT('',#10887);
#3265=VERTEX_POINT('',#10889);
#3266=VERTEX_POINT('',#10891);
#3267=VERTEX_POINT('',#10893);
#3268=VERTEX_POINT('',#10895);
#3269=VERTEX_POINT('',#10897);
#3270=VERTEX_POINT('',#10899);
#3271=VERTEX_POINT('',#10901);
#3272=VERTEX_POINT('',#10903);
#3273=VERTEX_POINT('',#10905);
#3274=VERTEX_POINT('',#10907);
#3275=VERTEX_POINT('',#10909);
#3276=VERTEX_POINT('',#10911);
#3277=VERTEX_POINT('',#10913);
#3278=VERTEX_POINT('',#10915);
#3279=VERTEX_POINT('',#10917);
#3280=VERTEX_POINT('',#10921);
#3281=VERTEX_POINT('',#10923);
#3282=VERTEX_POINT('',#10927);
#3283=VERTEX_POINT('',#10929);
#3284=VERTEX_POINT('',#10938);
#3285=VERTEX_POINT('',#10940);
#3286=VERTEX_POINT('',#10944);
#3287=VERTEX_POINT('',#10946);
#3288=VERTEX_POINT('',#10950);
#3289=VERTEX_POINT('',#10952);
#3290=VERTEX_POINT('',#10958);
#3291=VERTEX_POINT('',#10960);
#3292=VERTEX_POINT('',#10964);
#3293=VERTEX_POINT('',#10966);
#3294=VERTEX_POINT('',#10970);
#3295=VERTEX_POINT('',#10972);
#3296=VERTEX_POINT('',#11134);
#3297=VERTEX_POINT('',#11136);
#3298=VERTEX_POINT('',#11303);
#3299=VERTEX_POINT('',#11304);
#3300=VERTEX_POINT('',#11349);
#3301=VERTEX_POINT('',#11350);
#3302=VERTEX_POINT('',#11352);
#3303=VERTEX_POINT('',#11354);
#3304=VERTEX_POINT('',#11361);
#3305=VERTEX_POINT('',#11362);
#3306=VERTEX_POINT('',#11364);
#3307=VERTEX_POINT('',#11366);
#3308=VERTEX_POINT('',#11386);
#3309=VERTEX_POINT('',#11388);
#3310=VERTEX_POINT('',#11394);
#3311=VERTEX_POINT('',#11398);
#3312=VERTEX_POINT('',#11406);
#3313=VERTEX_POINT('',#11414);
#3314=VERTEX_POINT('',#11418);
#3315=VERTEX_POINT('',#11422);
#3316=VERTEX_POINT('',#11426);
#3317=VERTEX_POINT('',#11430);
#3318=VERTEX_POINT('',#11434);
#3319=VERTEX_POINT('',#11438);
#3320=VERTEX_POINT('',#11442);
#3321=VERTEX_POINT('',#11446);
#3322=VERTEX_POINT('',#11450);
#3323=VERTEX_POINT('',#11454);
#3324=VERTEX_POINT('',#11458);
#3325=VERTEX_POINT('',#11462);
#3326=VERTEX_POINT('',#11466);
#3327=VERTEX_POINT('',#11470);
#3328=VERTEX_POINT('',#11474);
#3329=VERTEX_POINT('',#11478);
#3330=VERTEX_POINT('',#11482);
#3331=VERTEX_POINT('',#11486);
#3332=VERTEX_POINT('',#11490);
#3333=VERTEX_POINT('',#11494);
#3334=VERTEX_POINT('',#11498);
#3335=VERTEX_POINT('',#11502);
#3336=VERTEX_POINT('',#11506);
#3337=VERTEX_POINT('',#11512);
#3338=VERTEX_POINT('',#11513);
#3339=VERTEX_POINT('',#11515);
#3340=VERTEX_POINT('',#11517);
#3341=VERTEX_POINT('',#11521);
#3342=VERTEX_POINT('',#11523);
#3343=VERTEX_POINT('',#11527);
#3344=VERTEX_POINT('',#11529);
#3345=VERTEX_POINT('',#11537);
#3346=VERTEX_POINT('',#11538);
#3347=VERTEX_POINT('',#11540);
#3348=VERTEX_POINT('',#11542);
#3349=VERTEX_POINT('',#11546);
#3350=VERTEX_POINT('',#11548);
#3351=VERTEX_POINT('',#11552);
#3352=VERTEX_POINT('',#11554);
#3353=VERTEX_POINT('',#11562);
#3354=VERTEX_POINT('',#11564);
#3355=VERTEX_POINT('',#11568);
#3356=VERTEX_POINT('',#11570);
#3357=VERTEX_POINT('',#11574);
#3358=VERTEX_POINT('',#11576);
#3359=VERTEX_POINT('',#11580);
#3360=VERTEX_POINT('',#11582);
#3361=VERTEX_POINT('',#11586);
#3362=VERTEX_POINT('',#11588);
#3363=VERTEX_POINT('',#11592);
#3364=VERTEX_POINT('',#11594);
#3365=VERTEX_POINT('',#11598);
#3366=VERTEX_POINT('',#11600);
#3367=VERTEX_POINT('',#11604);
#3368=VERTEX_POINT('',#11606);
#3369=VERTEX_POINT('',#11610);
#3370=VERTEX_POINT('',#11612);
#3371=VERTEX_POINT('',#11616);
#3372=VERTEX_POINT('',#11618);
#3373=VERTEX_POINT('',#11622);
#3374=VERTEX_POINT('',#11624);
#3375=VERTEX_POINT('',#11628);
#3376=VERTEX_POINT('',#11630);
#3377=VERTEX_POINT('',#11634);
#3378=VERTEX_POINT('',#11636);
#3379=VERTEX_POINT('',#11640);
#3380=VERTEX_POINT('',#11642);
#3381=VERTEX_POINT('',#11646);
#3382=VERTEX_POINT('',#11648);
#3383=VERTEX_POINT('',#11652);
#3384=VERTEX_POINT('',#11654);
#3385=VERTEX_POINT('',#11658);
#3386=VERTEX_POINT('',#11660);
#3387=VERTEX_POINT('',#11664);
#3388=VERTEX_POINT('',#11666);
#3389=VERTEX_POINT('',#11670);
#3390=VERTEX_POINT('',#11672);
#3391=VERTEX_POINT('',#11676);
#3392=VERTEX_POINT('',#11678);
#3393=VERTEX_POINT('',#11682);
#3394=VERTEX_POINT('',#11684);
#3395=VERTEX_POINT('',#11688);
#3396=VERTEX_POINT('',#11690);
#3397=VERTEX_POINT('',#11694);
#3398=VERTEX_POINT('',#11696);
#3399=VERTEX_POINT('',#11700);
#3400=VERTEX_POINT('',#11702);
#3401=VERTEX_POINT('',#11706);
#3402=VERTEX_POINT('',#11707);
#3403=VERTEX_POINT('',#11709);
#3404=VERTEX_POINT('',#11711);
#3405=VERTEX_POINT('',#11715);
#3406=VERTEX_POINT('',#11716);
#3407=VERTEX_POINT('',#11721);
#3408=VERTEX_POINT('',#11723);
#3409=VERTEX_POINT('',#11727);
#3410=VERTEX_POINT('',#11729);
#3411=VERTEX_POINT('',#11733);
#3412=VERTEX_POINT('',#11735);
#3413=VERTEX_POINT('',#11739);
#3414=VERTEX_POINT('',#11741);
#3415=VERTEX_POINT('',#11745);
#3416=VERTEX_POINT('',#11747);
#3417=VERTEX_POINT('',#11751);
#3418=VERTEX_POINT('',#11753);
#3419=VERTEX_POINT('',#11757);
#3420=VERTEX_POINT('',#11759);
#3421=VERTEX_POINT('',#11763);
#3422=VERTEX_POINT('',#11768);
#3423=VERTEX_POINT('',#11777);
#3424=VERTEX_POINT('',#11778);
#3425=VERTEX_POINT('',#11780);
#3426=VERTEX_POINT('',#11782);
#3427=VERTEX_POINT('',#11786);
#3428=VERTEX_POINT('',#11788);
#3429=VERTEX_POINT('',#11792);
#3430=VERTEX_POINT('',#11794);
#3431=VERTEX_POINT('',#11796);
#3432=VERTEX_POINT('',#11798);
#3433=VERTEX_POINT('',#11800);
#3434=VERTEX_POINT('',#11802);
#3435=VERTEX_POINT('',#11804);
#3436=VERTEX_POINT('',#11806);
#3437=VERTEX_POINT('',#11808);
#3438=VERTEX_POINT('',#11812);
#3439=VERTEX_POINT('',#11814);
#3440=VERTEX_POINT('',#11818);
#3441=VERTEX_POINT('',#11820);
#3442=VERTEX_POINT('',#11822);
#3443=VERTEX_POINT('',#11824);
#3444=VERTEX_POINT('',#11828);
#3445=VERTEX_POINT('',#11829);
#3446=VERTEX_POINT('',#11831);
#3447=VERTEX_POINT('',#11835);
#3448=VERTEX_POINT('',#11836);
#3449=VERTEX_POINT('',#11838);
#3450=VERTEX_POINT('',#11842);
#3451=VERTEX_POINT('',#11843);
#3452=VERTEX_POINT('',#11848);
#3453=VERTEX_POINT('',#11849);
#3454=VERTEX_POINT('',#11854);
#3455=VERTEX_POINT('',#11855);
#3456=VERTEX_POINT('',#11860);
#3457=VERTEX_POINT('',#11861);
#3458=VERTEX_POINT('',#11869);
#3459=VERTEX_POINT('',#11870);
#3460=VERTEX_POINT('',#11875);
#3461=VERTEX_POINT('',#11876);
#3462=VERTEX_POINT('',#11884);
#3463=VERTEX_POINT('',#11886);
#3464=VERTEX_POINT('',#11899);
#3465=VERTEX_POINT('',#11906);
#3466=VERTEX_POINT('',#11908);
#3467=VERTEX_POINT('',#11912);
#3468=VERTEX_POINT('',#11913);
#3469=VERTEX_POINT('',#11915);
#3470=VERTEX_POINT('',#11919);
#3471=VERTEX_POINT('',#11920);
#3472=VERTEX_POINT('',#11925);
#3473=VERTEX_POINT('',#11926);
#3474=VERTEX_POINT('',#11931);
#3475=VERTEX_POINT('',#11932);
#3476=VERTEX_POINT('',#11937);
#3477=VERTEX_POINT('',#11938);
#3478=VERTEX_POINT('',#11946);
#3479=VERTEX_POINT('',#11950);
#3480=VERTEX_POINT('',#11956);
#3481=VERTEX_POINT('',#11972);
#3482=VERTEX_POINT('',#11974);
#3483=EDGE_CURVE('',#2899,#2900,#1509,.T.);
#3484=EDGE_CURVE('',#2900,#2901,#1469,.T.);
#3485=EDGE_CURVE('',#2902,#2901,#1510,.T.);
#3486=EDGE_CURVE('',#2899,#2902,#1470,.T.);
#3487=EDGE_CURVE('',#2903,#2899,#1511,.T.);
#3488=EDGE_CURVE('',#2904,#2902,#1512,.T.);
#3489=EDGE_CURVE('',#2904,#2903,#1471,.T.);
#3490=EDGE_CURVE('',#2905,#2903,#1513,.T.);
#3491=EDGE_CURVE('',#2906,#2904,#1514,.T.);
#3492=EDGE_CURVE('',#2906,#2905,#1472,.T.);
#3493=EDGE_CURVE('',#2900,#2905,#1515,.T.);
#3494=EDGE_CURVE('',#2901,#2906,#1516,.T.);
#3495=EDGE_CURVE('',#2907,#2900,#1517,.T.);
#3496=EDGE_CURVE('',#2907,#2908,#1518,.T.);
#3497=EDGE_CURVE('',#2905,#2908,#1519,.T.);
#3498=EDGE_CURVE('',#2909,#2899,#1520,.T.);
#3499=EDGE_CURVE('',#2909,#2907,#1521,.T.);
#3500=EDGE_CURVE('',#2903,#2910,#1522,.T.);
#3501=EDGE_CURVE('',#2910,#2909,#1523,.T.);
#3502=EDGE_CURVE('',#2908,#2910,#1524,.T.);
#3503=EDGE_CURVE('',#2911,#2909,#1525,.T.);
#3504=EDGE_CURVE('',#2912,#2911,#1526,.T.);
#3505=EDGE_CURVE('',#2912,#2907,#1527,.T.);
#3506=EDGE_CURVE('',#2913,#2910,#1528,.T.);
#3507=EDGE_CURVE('',#2911,#2913,#1529,.T.);
#3508=EDGE_CURVE('',#2914,#2915,#1530,.T.);
#3509=EDGE_CURVE('',#2914,#2904,#1531,.T.);
#3510=EDGE_CURVE('',#2915,#2902,#1532,.T.);
#3511=EDGE_CURVE('',#2916,#2914,#1533,.T.);
#3512=EDGE_CURVE('',#2916,#2906,#1534,.T.);
#3513=EDGE_CURVE('',#2917,#2916,#1535,.T.);
#3514=EDGE_CURVE('',#2917,#2901,#1536,.T.);
#3515=EDGE_CURVE('',#2915,#2917,#1537,.T.);
#3516=EDGE_CURVE('',#2918,#2912,#1538,.T.);
#3517=EDGE_CURVE('',#2918,#2908,#1539,.T.);
#3518=EDGE_CURVE('',#2919,#2920,#1540,.T.);
#3519=EDGE_CURVE('',#2921,#2919,#1541,.T.);
#3520=EDGE_CURVE('',#2920,#2921,#1542,.T.);
#3521=EDGE_CURVE('',#2922,#2923,#1543,.T.);
#3522=EDGE_CURVE('',#2923,#2921,#1544,.T.);
#3523=EDGE_CURVE('',#2919,#2922,#1545,.T.);
#3524=EDGE_CURVE('',#2924,#2925,#1546,.T.);
#3525=EDGE_CURVE('',#2926,#2924,#1547,.T.);
#3526=EDGE_CURVE('',#2925,#2926,#1548,.T.);
#3527=EDGE_CURVE('',#2920,#2926,#1549,.T.);
#3528=EDGE_CURVE('',#2924,#2919,#1550,.T.);
#3529=EDGE_CURVE('',#2927,#2928,#1551,.T.);
#3530=EDGE_CURVE('',#2929,#2927,#1552,.T.);
#3531=EDGE_CURVE('',#2928,#2929,#1553,.T.);
#3532=EDGE_CURVE('',#2930,#2931,#1554,.T.);
#3533=EDGE_CURVE('',#2931,#2929,#1555,.T.);
#3534=EDGE_CURVE('',#2927,#2930,#1556,.T.);
#3535=EDGE_CURVE('',#2932,#2933,#1557,.T.);
#3536=EDGE_CURVE('',#2934,#2932,#1558,.T.);
#3537=EDGE_CURVE('',#2933,#2934,#1559,.T.);
#3538=EDGE_CURVE('',#2935,#2936,#1560,.T.);
#3539=EDGE_CURVE('',#2936,#2934,#1561,.T.);
#3540=EDGE_CURVE('',#2932,#2935,#1562,.T.);
#3541=EDGE_CURVE('',#2926,#2933,#1563,.T.);
#3542=EDGE_CURVE('',#2934,#2925,#1564,.T.);
#3543=EDGE_CURVE('',#2933,#2928,#1565,.T.);
#3544=EDGE_CURVE('',#2929,#2932,#1566,.T.);
#3545=EDGE_CURVE('',#2928,#2920,#1567,.T.);
#3546=EDGE_CURVE('',#2921,#2927,#1568,.T.);
#3547=EDGE_CURVE('',#2937,#2938,#1569,.T.);
#3548=EDGE_CURVE('',#2938,#2924,#1570,.T.);
#3549=EDGE_CURVE('',#2925,#2937,#1571,.T.);
#3550=EDGE_CURVE('',#2922,#2938,#1572,.T.);
#3551=EDGE_CURVE('',#2937,#2936,#1573,.T.);
#3552=EDGE_CURVE('',#2935,#2931,#1574,.T.);
#3553=EDGE_CURVE('',#2930,#2923,#1575,.T.);
#3554=EDGE_CURVE('',#2939,#2940,#1576,.F.);
#3555=EDGE_CURVE('',#2941,#2939,#1577,.F.);
#3556=EDGE_CURVE('',#2942,#2941,#1578,.F.);
#3557=EDGE_CURVE('',#2943,#2942,#1579,.F.);
#3558=EDGE_CURVE('',#2944,#2943,#1580,.F.);
#3559=EDGE_CURVE('',#2945,#2944,#1581,.F.);
#3560=EDGE_CURVE('',#2946,#2945,#1582,.F.);
#3561=EDGE_CURVE('',#2940,#2946,#1583,.F.);
#3562=EDGE_CURVE('',#2947,#2948,#1584,.T.);
#3563=EDGE_CURVE('',#2949,#2947,#1585,.T.);
#3564=EDGE_CURVE('',#2948,#2949,#1586,.T.);
#3565=EDGE_CURVE('',#2939,#2949,#1587,.T.);
#3566=EDGE_CURVE('',#2947,#2941,#1588,.T.);
#3567=EDGE_CURVE('',#2950,#2951,#1589,.T.);
#3568=EDGE_CURVE('',#2952,#2950,#1590,.T.);
#3569=EDGE_CURVE('',#2951,#2952,#1591,.T.);
#3570=EDGE_CURVE('',#2946,#2952,#1592,.T.);
#3571=EDGE_CURVE('',#2950,#2940,#1593,.T.);
#3572=EDGE_CURVE('',#2953,#2954,#1594,.T.);
#3573=EDGE_CURVE('',#2955,#2953,#1595,.T.);
#3574=EDGE_CURVE('',#2954,#2955,#1596,.T.);
#3575=EDGE_CURVE('',#2942,#2955,#1597,.T.);
#3576=EDGE_CURVE('',#2953,#2943,#1598,.T.);
#3577=EDGE_CURVE('',#2948,#2954,#1599,.T.);
#3578=EDGE_CURVE('',#2955,#2947,#1600,.T.);
#3579=EDGE_CURVE('',#2956,#2957,#1601,.T.);
#3580=EDGE_CURVE('',#2958,#2956,#1602,.T.);
#3581=EDGE_CURVE('',#2957,#2958,#1603,.T.);
#3582=EDGE_CURVE('',#2944,#2958,#1604,.T.);
#3583=EDGE_CURVE('',#2956,#2945,#1605,.T.);
#3584=EDGE_CURVE('',#2954,#2957,#1606,.T.);
#3585=EDGE_CURVE('',#2958,#2953,#1607,.T.);
#3586=EDGE_CURVE('',#2957,#2951,#1608,.T.);
#3587=EDGE_CURVE('',#2952,#2956,#1609,.T.);
#3588=EDGE_CURVE('',#2951,#2948,#1610,.T.);
#3589=EDGE_CURVE('',#2949,#2950,#1611,.T.);
#3590=EDGE_CURVE('',#2913,#2918,#1612,.T.);
#3591=EDGE_CURVE('',#2959,#2960,#63,.F.);
#3592=EDGE_CURVE('',#2960,#2961,#1613,.T.);
#3593=EDGE_CURVE('',#2962,#2961,#64,.T.);
#3594=EDGE_CURVE('',#2962,#2959,#1614,.T.);
#3595=EDGE_CURVE('',#2963,#2964,#1473,.T.);
#3596=EDGE_CURVE('',#2963,#2965,#1615,.T.);
#3597=EDGE_CURVE('',#2965,#2966,#1616,.T.);
#3598=EDGE_CURVE('',#2966,#2962,#1617,.T.);
#3599=EDGE_CURVE('',#2964,#2962,#1618,.T.);
#3600=EDGE_CURVE('',#2967,#2968,#1474,.T.);
#3601=EDGE_CURVE('',#2959,#2967,#1619,.T.);
#3602=EDGE_CURVE('',#2959,#2969,#1620,.T.);
#3603=EDGE_CURVE('',#2969,#2970,#1621,.T.);
#3604=EDGE_CURVE('',#2970,#2968,#1622,.T.);
#3605=EDGE_CURVE('',#2971,#2972,#1623,.T.);
#3606=EDGE_CURVE('',#2972,#2973,#1475,.T.);
#3607=EDGE_CURVE('',#2973,#2974,#1624,.T.);
#3608=EDGE_CURVE('',#2974,#2971,#1476,.T.);
#3609=EDGE_CURVE('',#2972,#2963,#1625,.T.);
#3610=EDGE_CURVE('',#2964,#2973,#1626,.T.);
#3611=EDGE_CURVE('',#2974,#2975,#1627,.T.);
#3612=EDGE_CURVE('',#2975,#2976,#65,.F.);
#3613=EDGE_CURVE('',#2976,#2971,#1628,.T.);
#3614=EDGE_CURVE('',#2977,#2972,#1629,.T.);
#3615=EDGE_CURVE('',#2965,#2977,#1630,.T.);
#3616=EDGE_CURVE('',#2971,#2978,#1631,.T.);
#3617=EDGE_CURVE('',#2979,#2978,#1632,.T.);
#3618=EDGE_CURVE('',#2977,#2979,#1633,.T.);
#3619=EDGE_CURVE('',#2980,#2976,#1634,.T.);
#3620=EDGE_CURVE('',#2980,#2978,#1635,.T.);
#3621=EDGE_CURVE('',#2981,#2982,#1636,.T.);
#3622=EDGE_CURVE('',#2982,#2983,#1477,.T.);
#3623=EDGE_CURVE('',#2983,#2984,#1478,.T.);
#3624=EDGE_CURVE('',#2984,#2985,#1637,.T.);
#3625=EDGE_CURVE('',#2985,#2981,#1479,.T.);
#3626=EDGE_CURVE('',#2986,#2987,#51,.T.);
#3627=EDGE_CURVE('',#2987,#2988,#1480,.T.);
#3628=EDGE_CURVE('',#2988,#2981,#1638,.T.);
#3629=EDGE_CURVE('',#2985,#2986,#1639,.T.);
#3630=EDGE_CURVE('',#2989,#2990,#1481,.T.);
#3631=EDGE_CURVE('',#2990,#2991,#1640,.T.);
#3632=EDGE_CURVE('',#2991,#2992,#66,.T.);
#3633=EDGE_CURVE('',#2992,#2988,#1641,.T.);
#3634=EDGE_CURVE('',#2987,#2989,#52,.T.);
#3635=EDGE_CURVE('',#2993,#2994,#53,.T.);
#3636=EDGE_CURVE('',#2994,#2995,#67,.T.);
#3637=EDGE_CURVE('',#2995,#2996,#68,.T.);
#3638=EDGE_CURVE('',#2996,#2992,#69,.T.);
#3639=EDGE_CURVE('',#2991,#2997,#70,.T.);
#3640=EDGE_CURVE('',#2997,#2993,#54,.T.);
#3641=EDGE_CURVE('',#2998,#2999,#71,.F.);
#3642=EDGE_CURVE('',#2999,#2996,#1642,.T.);
#3643=EDGE_CURVE('',#2995,#2998,#1643,.T.);
#3644=EDGE_CURVE('',#2982,#2967,#1644,.T.);
#3645=EDGE_CURVE('',#2968,#3000,#1645,.T.);
#3646=EDGE_CURVE('',#3000,#3001,#1482,.T.);
#3647=EDGE_CURVE('',#3001,#3002,#1483,.T.);
#3648=EDGE_CURVE('',#3002,#2983,#1646,.T.);
#3649=EDGE_CURVE('',#3003,#2988,#1647,.T.);
#3650=EDGE_CURVE('',#2960,#3003,#1648,.T.);
#3651=EDGE_CURVE('',#3004,#2992,#1649,.T.);
#3652=EDGE_CURVE('',#3004,#3003,#1650,.F.);
#3653=EDGE_CURVE('',#2996,#3005,#1651,.T.);
#3654=EDGE_CURVE('',#3005,#3004,#72,.F.);
#3655=EDGE_CURVE('',#3006,#2999,#1652,.T.);
#3656=EDGE_CURVE('',#3005,#3006,#1653,.T.);
#3657=EDGE_CURVE('',#3007,#2994,#1654,.T.);
#3658=EDGE_CURVE('',#2998,#3007,#1655,.T.);
#3659=EDGE_CURVE('',#2990,#2997,#1656,.T.);
#3660=EDGE_CURVE('',#2984,#3008,#1657,.T.);
#3661=EDGE_CURVE('',#3008,#2985,#1658,.T.);
#3662=EDGE_CURVE('',#3002,#3009,#1659,.T.);
#3663=EDGE_CURVE('',#3009,#3008,#1660,.T.);
#3664=EDGE_CURVE('',#3010,#3001,#1661,.T.);
#3665=EDGE_CURVE('',#3009,#3010,#1662,.T.);
#3666=EDGE_CURVE('',#3011,#3012,#73,.F.);
#3667=EDGE_CURVE('',#3012,#3013,#1663,.T.);
#3668=EDGE_CURVE('',#3014,#3013,#74,.T.);
#3669=EDGE_CURVE('',#3014,#3011,#1664,.T.);
#3670=EDGE_CURVE('',#3015,#3016,#1484,.T.);
#3671=EDGE_CURVE('',#3015,#3017,#1665,.T.);
#3672=EDGE_CURVE('',#3017,#3018,#1666,.T.);
#3673=EDGE_CURVE('',#3018,#3014,#1667,.T.);
#3674=EDGE_CURVE('',#3016,#3014,#1668,.T.);
#3675=EDGE_CURVE('',#3019,#3020,#1485,.T.);
#3676=EDGE_CURVE('',#3011,#3019,#1669,.T.);
#3677=EDGE_CURVE('',#3011,#3021,#1670,.T.);
#3678=EDGE_CURVE('',#3021,#3022,#1671,.T.);
#3679=EDGE_CURVE('',#3022,#3020,#1672,.T.);
#3680=EDGE_CURVE('',#3023,#3024,#1673,.T.);
#3681=EDGE_CURVE('',#3024,#3025,#1486,.T.);
#3682=EDGE_CURVE('',#3025,#3026,#1674,.T.);
#3683=EDGE_CURVE('',#3026,#3023,#1487,.T.);
#3684=EDGE_CURVE('',#3024,#3027,#1675,.T.);
#3685=EDGE_CURVE('',#3027,#3028,#75,.F.);
#3686=EDGE_CURVE('',#3028,#3025,#1676,.T.);
#3687=EDGE_CURVE('',#3026,#3019,#1677,.T.);
#3688=EDGE_CURVE('',#3020,#3023,#1678,.T.);
#3689=EDGE_CURVE('',#3029,#3024,#1679,.T.);
#3690=EDGE_CURVE('',#3029,#3030,#1680,.T.);
#3691=EDGE_CURVE('',#3027,#3030,#1681,.F.);
#3692=EDGE_CURVE('',#3023,#3031,#1682,.T.);
#3693=EDGE_CURVE('',#3031,#3032,#1683,.T.);
#3694=EDGE_CURVE('',#3032,#3029,#1684,.T.);
#3695=EDGE_CURVE('',#3031,#3022,#1685,.T.);
#3696=EDGE_CURVE('',#3016,#3033,#1686,.T.);
#3697=EDGE_CURVE('',#3033,#3034,#1488,.T.);
#3698=EDGE_CURVE('',#3034,#3035,#1687,.T.);
#3699=EDGE_CURVE('',#3035,#3036,#1489,.T.);
#3700=EDGE_CURVE('',#3036,#3037,#1490,.T.);
#3701=EDGE_CURVE('',#3037,#3015,#1688,.T.);
#3702=EDGE_CURVE('',#3036,#3038,#1689,.T.);
#3703=EDGE_CURVE('',#3038,#3039,#1690,.T.);
#3704=EDGE_CURVE('',#3039,#3040,#1691,.T.);
#3705=EDGE_CURVE('',#3040,#3037,#1692,.T.);
#3706=EDGE_CURVE('',#3041,#3035,#1693,.T.);
#3707=EDGE_CURVE('',#3038,#3041,#1694,.T.);
#3708=EDGE_CURVE('',#3042,#3034,#1491,.T.);
#3709=EDGE_CURVE('',#3042,#3043,#1695,.T.);
#3710=EDGE_CURVE('',#3043,#3041,#1696,.T.);
#3711=EDGE_CURVE('',#3033,#3044,#1697,.T.);
#3712=EDGE_CURVE('',#3044,#3045,#1492,.T.);
#3713=EDGE_CURVE('',#3045,#3042,#1698,.T.);
#3714=EDGE_CURVE('',#3044,#3046,#1699,.T.);
#3715=EDGE_CURVE('',#3046,#3047,#1493,.T.);
#3716=EDGE_CURVE('',#3047,#3048,#55,.T.);
#3717=EDGE_CURVE('',#3048,#3045,#1700,.T.);
#3718=EDGE_CURVE('',#3049,#3050,#76,.T.);
#3719=EDGE_CURVE('',#3050,#3051,#1701,.T.);
#3720=EDGE_CURVE('',#3051,#3052,#77,.F.);
#3721=EDGE_CURVE('',#3052,#3049,#1702,.T.);
#3722=EDGE_CURVE('',#3053,#3054,#56,.T.);
#3723=EDGE_CURVE('',#3054,#3055,#78,.T.);
#3724=EDGE_CURVE('',#3055,#3056,#79,.T.);
#3725=EDGE_CURVE('',#3056,#3050,#80,.T.);
#3726=EDGE_CURVE('',#3049,#3057,#81,.T.);
#3727=EDGE_CURVE('',#3057,#3053,#57,.T.);
#3728=EDGE_CURVE('',#3058,#3047,#58,.T.);
#3729=EDGE_CURVE('',#3046,#3056,#1703,.T.);
#3730=EDGE_CURVE('',#3055,#3059,#1704,.T.);
#3731=EDGE_CURVE('',#3059,#3058,#1494,.T.);
#3732=EDGE_CURVE('',#3013,#3060,#1705,.T.);
#3733=EDGE_CURVE('',#3060,#3046,#1706,.T.);
#3734=EDGE_CURVE('',#3045,#3043,#1707,.T.);
#3735=EDGE_CURVE('',#3058,#3061,#1708,.T.);
#3736=EDGE_CURVE('',#3062,#3061,#82,.T.);
#3737=EDGE_CURVE('',#3063,#3062,#1709,.T.);
#3738=EDGE_CURVE('',#3048,#3063,#83,.T.);
#3739=EDGE_CURVE('',#3059,#3054,#1710,.T.);
#3740=EDGE_CURVE('',#3064,#3052,#1711,.F.);
#3741=EDGE_CURVE('',#3064,#3057,#1712,.T.);
#3742=EDGE_CURVE('',#3043,#3063,#1713,.T.);
#3743=EDGE_CURVE('',#3053,#3065,#1714,.T.);
#3744=EDGE_CURVE('',#3061,#3065,#1715,.T.);
#3745=EDGE_CURVE('',#3008,#3066,#1716,.T.);
#3746=EDGE_CURVE('',#2986,#3066,#84,.T.);
#3747=EDGE_CURVE('',#3067,#3006,#1717,.T.);
#3748=EDGE_CURVE('',#2961,#3067,#1718,.T.);
#3749=EDGE_CURVE('',#2975,#3067,#1719,.T.);
#3750=EDGE_CURVE('',#3017,#2970,#1720,.T.);
#3751=EDGE_CURVE('',#3068,#3040,#1721,.T.);
#3752=EDGE_CURVE('',#3000,#3068,#1722,.T.);
#3753=EDGE_CURVE('',#3056,#3069,#1723,.T.);
#3754=EDGE_CURVE('',#3069,#3070,#85,.F.);
#3755=EDGE_CURVE('',#3070,#3050,#1724,.T.);
#3756=EDGE_CURVE('',#3070,#3071,#1725,.T.);
#3757=EDGE_CURVE('',#3071,#3051,#1726,.T.);
#3758=EDGE_CURVE('',#3060,#3069,#1727,.F.);
#3759=EDGE_CURVE('',#3028,#3072,#1728,.T.);
#3760=EDGE_CURVE('',#3012,#3072,#1729,.T.);
#3761=EDGE_CURVE('',#3072,#3071,#1730,.T.);
#3762=EDGE_CURVE('',#3073,#3074,#1731,.T.);
#3763=EDGE_CURVE('',#3075,#3073,#1732,.T.);
#3764=EDGE_CURVE('',#3074,#3075,#1733,.T.);
#3765=EDGE_CURVE('',#3076,#3074,#1734,.T.);
#3766=EDGE_CURVE('',#3075,#3077,#1735,.T.);
#3767=EDGE_CURVE('',#3077,#3076,#1736,.T.);
#3768=EDGE_CURVE('',#3078,#3039,#1737,.T.);
#3769=EDGE_CURVE('',#3040,#3078,#1738,.T.);
#3770=EDGE_CURVE('',#3039,#3075,#1739,.T.);
#3771=EDGE_CURVE('',#3073,#3078,#1740,.T.);
#3772=EDGE_CURVE('',#3079,#3080,#1741,.T.);
#3773=EDGE_CURVE('',#3081,#3079,#1742,.T.);
#3774=EDGE_CURVE('',#3080,#3081,#1743,.T.);
#3775=EDGE_CURVE('',#3082,#3068,#1744,.T.);
#3776=EDGE_CURVE('',#3083,#3082,#1745,.T.);
#3777=EDGE_CURVE('',#3068,#3083,#1746,.T.);
#3778=EDGE_CURVE('',#3082,#3081,#1747,.T.);
#3779=EDGE_CURVE('',#3079,#3083,#1748,.T.);
#3780=EDGE_CURVE('',#3084,#3021,#1749,.T.);
#3781=EDGE_CURVE('',#3022,#3084,#1750,.T.);
#3782=EDGE_CURVE('',#3085,#3086,#1751,.T.);
#3783=EDGE_CURVE('',#3086,#3084,#1752,.T.);
#3784=EDGE_CURVE('',#3021,#3085,#1753,.T.);
#3785=EDGE_CURVE('',#3084,#3032,#1754,.T.);
#3786=EDGE_CURVE('',#3087,#3017,#1755,.T.);
#3787=EDGE_CURVE('',#3018,#3087,#1756,.T.);
#3788=EDGE_CURVE('',#3088,#3089,#1757,.T.);
#3789=EDGE_CURVE('',#3089,#3018,#1758,.T.);
#3790=EDGE_CURVE('',#3087,#3088,#1759,.T.);
#3791=EDGE_CURVE('',#3090,#2969,#1760,.T.);
#3792=EDGE_CURVE('',#2970,#3090,#1761,.T.);
#3793=EDGE_CURVE('',#3091,#3092,#1762,.T.);
#3794=EDGE_CURVE('',#3092,#3090,#1763,.T.);
#3795=EDGE_CURVE('',#2969,#3091,#1764,.T.);
#3796=EDGE_CURVE('',#3090,#3087,#1765,.T.);
#3797=EDGE_CURVE('',#3093,#2965,#1766,.T.);
#3798=EDGE_CURVE('',#2966,#3093,#1767,.T.);
#3799=EDGE_CURVE('',#3094,#3095,#1768,.T.);
#3800=EDGE_CURVE('',#3095,#2966,#1769,.T.);
#3801=EDGE_CURVE('',#3093,#3094,#1770,.T.);
#3802=EDGE_CURVE('',#2979,#3093,#1771,.T.);
#3803=EDGE_CURVE('',#3083,#3010,#1772,.T.);
#3804=EDGE_CURVE('',#3096,#3097,#1773,.T.);
#3805=EDGE_CURVE('',#3096,#3098,#1774,.T.);
#3806=EDGE_CURVE('',#3098,#3099,#1775,.T.);
#3807=EDGE_CURVE('',#3099,#3097,#1776,.T.);
#3808=EDGE_CURVE('',#3100,#3101,#1777,.T.);
#3809=EDGE_CURVE('',#3101,#3099,#86,.T.);
#3810=EDGE_CURVE('',#3098,#3100,#87,.T.);
#3811=EDGE_CURVE('',#3100,#3009,#1778,.T.);
#3812=EDGE_CURVE('',#3010,#3101,#1779,.T.);
#3813=EDGE_CURVE('',#3078,#3082,#1780,.T.);
#3814=EDGE_CURVE('',#3081,#3073,#1781,.T.);
#3815=EDGE_CURVE('',#3074,#3080,#1782,.T.);
#3816=EDGE_CURVE('',#3102,#3079,#1783,.T.);
#3817=EDGE_CURVE('',#3080,#3103,#1784,.T.);
#3818=EDGE_CURVE('',#3103,#3102,#1785,.T.);
#3819=EDGE_CURVE('',#3077,#3102,#1786,.T.);
#3820=EDGE_CURVE('',#3103,#3076,#1787,.T.);
#3821=EDGE_CURVE('',#3062,#3104,#1788,.T.);
#3822=EDGE_CURVE('',#3104,#3038,#1789,.T.);
#3823=EDGE_CURVE('',#3041,#3062,#1790,.T.);
#3824=EDGE_CURVE('',#3061,#3105,#1791,.T.);
#3825=EDGE_CURVE('',#3105,#3104,#88,.T.);
#3826=EDGE_CURVE('',#3106,#3065,#1792,.T.);
#3827=EDGE_CURVE('',#3106,#3105,#1793,.T.);
#3828=EDGE_CURVE('',#3085,#3089,#1794,.T.);
#3829=EDGE_CURVE('',#3088,#3092,#1795,.T.);
#3830=EDGE_CURVE('',#3095,#3091,#1796,.T.);
#3831=EDGE_CURVE('',#3086,#3094,#1797,.T.);
#3832=EDGE_CURVE('',#3107,#3108,#1798,.T.);
#3833=EDGE_CURVE('',#3109,#3107,#1799,.T.);
#3834=EDGE_CURVE('',#3110,#3109,#1800,.T.);
#3835=EDGE_CURVE('',#3108,#3110,#1801,.T.);
#3836=EDGE_CURVE('',#2979,#3111,#1802,.T.);
#3837=EDGE_CURVE('',#3112,#3111,#1803,.T.);
#3838=EDGE_CURVE('',#3113,#3112,#1804,.T.);
#3839=EDGE_CURVE('',#3113,#3114,#1805,.F.);
#3840=EDGE_CURVE('',#3115,#3114,#1806,.T.);
#3841=EDGE_CURVE('',#3115,#3116,#1807,.F.);
#3842=EDGE_CURVE('',#3116,#3117,#1808,.T.);
#3843=EDGE_CURVE('',#3117,#3118,#1809,.T.);
#3844=EDGE_CURVE('',#3032,#3118,#1810,.T.);
#3845=EDGE_CURVE('',#3066,#3100,#1811,.T.);
#3846=EDGE_CURVE('',#2989,#3098,#1812,.T.);
#3847=EDGE_CURVE('',#3096,#2993,#1813,.T.);
#3848=EDGE_CURVE('',#3108,#3119,#1814,.T.);
#3849=EDGE_CURVE('',#3119,#3120,#1815,.T.);
#3850=EDGE_CURVE('',#3107,#3120,#1816,.T.);
#3851=EDGE_CURVE('',#3110,#3121,#1817,.T.);
#3852=EDGE_CURVE('',#3121,#3119,#1818,.T.);
#3853=EDGE_CURVE('',#3120,#3122,#1819,.T.);
#3854=EDGE_CURVE('',#3122,#3109,#1820,.T.);
#3855=EDGE_CURVE('',#3122,#3121,#1821,.T.);
#3856=EDGE_CURVE('',#3120,#3123,#1822,.T.);
#3857=EDGE_CURVE('',#3123,#3124,#1823,.T.);
#3858=EDGE_CURVE('',#3124,#3122,#1824,.T.);
#3859=EDGE_CURVE('',#3125,#3123,#1825,.T.);
#3860=EDGE_CURVE('',#3126,#3119,#1826,.T.);
#3861=EDGE_CURVE('',#3126,#3127,#1827,.T.);
#3862=EDGE_CURVE('',#3125,#3127,#1828,.T.);
#3863=EDGE_CURVE('',#3106,#3077,#1829,.T.);
#3864=EDGE_CURVE('',#3102,#3097,#1830,.T.);
#3865=EDGE_CURVE('',#3064,#3007,#1831,.T.);
#3866=EDGE_CURVE('',#3124,#3128,#1832,.T.);
#3867=EDGE_CURVE('',#3128,#3129,#1833,.T.);
#3868=EDGE_CURVE('',#3130,#3129,#1834,.T.);
#3869=EDGE_CURVE('',#3130,#3131,#1835,.T.);
#3870=EDGE_CURVE('',#3132,#3131,#1836,.F.);
#3871=EDGE_CURVE('',#3133,#3132,#1837,.T.);
#3872=EDGE_CURVE('',#3134,#3133,#1838,.T.);
#3873=EDGE_CURVE('',#2978,#3134,#1839,.T.);
#3874=EDGE_CURVE('',#3030,#2980,#1840,.T.);
#3875=EDGE_CURVE('',#3135,#3029,#1841,.T.);
#3876=EDGE_CURVE('',#3136,#3135,#1842,.T.);
#3877=EDGE_CURVE('',#3137,#3136,#1843,.T.);
#3878=EDGE_CURVE('',#3137,#3138,#1844,.F.);
#3879=EDGE_CURVE('',#3138,#3139,#1845,.T.);
#3880=EDGE_CURVE('',#3140,#3139,#1846,.T.);
#3881=EDGE_CURVE('',#3140,#3141,#1847,.T.);
#3882=EDGE_CURVE('',#3141,#3142,#1848,.T.);
#3883=EDGE_CURVE('',#3121,#3142,#1849,.T.);
#3884=EDGE_CURVE('',#3143,#3137,#1850,.T.);
#3885=EDGE_CURVE('',#3143,#3144,#1851,.T.);
#3886=EDGE_CURVE('',#3144,#3138,#1852,.T.);
#3887=EDGE_CURVE('',#3145,#3146,#1853,.T.);
#3888=EDGE_CURVE('',#3145,#3147,#1854,.T.);
#3889=EDGE_CURVE('',#3148,#3147,#1855,.F.);
#3890=EDGE_CURVE('',#3146,#3148,#1856,.F.);
#3891=EDGE_CURVE('',#3146,#3149,#1857,.T.);
#3892=EDGE_CURVE('',#3150,#3148,#1858,.T.);
#3893=EDGE_CURVE('',#3149,#3150,#1859,.T.);
#3894=EDGE_CURVE('',#3151,#3152,#1860,.T.);
#3895=EDGE_CURVE('',#3151,#3153,#1861,.T.);
#3896=EDGE_CURVE('',#3153,#3154,#1862,.F.);
#3897=EDGE_CURVE('',#3152,#3154,#1863,.T.);
#3898=EDGE_CURVE('',#3152,#3155,#1864,.T.);
#3899=EDGE_CURVE('',#3154,#3156,#1865,.T.);
#3900=EDGE_CURVE('',#3155,#3156,#1866,.F.);
#3901=EDGE_CURVE('',#3149,#3157,#1867,.T.);
#3902=EDGE_CURVE('',#3158,#3150,#1868,.T.);
#3903=EDGE_CURVE('',#3157,#3158,#1869,.T.);
#3904=EDGE_CURVE('',#3157,#3145,#1870,.T.);
#3905=EDGE_CURVE('',#3147,#3158,#1871,.F.);
#3906=EDGE_CURVE('',#3155,#3159,#1872,.T.);
#3907=EDGE_CURVE('',#3156,#3160,#1873,.T.);
#3908=EDGE_CURVE('',#3159,#3160,#1874,.F.);
#3909=EDGE_CURVE('',#3159,#3151,#1875,.T.);
#3910=EDGE_CURVE('',#3160,#3153,#1876,.F.);
#3911=EDGE_CURVE('',#3161,#3143,#1877,.T.);
#3912=EDGE_CURVE('',#3161,#3162,#1878,.T.);
#3913=EDGE_CURVE('',#3144,#3162,#1879,.T.);
#3914=EDGE_CURVE('',#3163,#3164,#1880,.T.);
#3915=EDGE_CURVE('',#3165,#3163,#1881,.F.);
#3916=EDGE_CURVE('',#3166,#3165,#1882,.T.);
#3917=EDGE_CURVE('',#3164,#3166,#1883,.T.);
#3918=EDGE_CURVE('',#3167,#3168,#1884,.T.);
#3919=EDGE_CURVE('',#3169,#3167,#1885,.T.);
#3920=EDGE_CURVE('',#3170,#3169,#1886,.T.);
#3921=EDGE_CURVE('',#3168,#3170,#1887,.T.);
#3922=EDGE_CURVE('',#3171,#3172,#1888,.T.);
#3923=EDGE_CURVE('',#3173,#3171,#1889,.F.);
#3924=EDGE_CURVE('',#3174,#3173,#1890,.T.);
#3925=EDGE_CURVE('',#3174,#3172,#1891,.T.);
#3926=EDGE_CURVE('',#3161,#3136,#1892,.T.);
#3927=EDGE_CURVE('',#3139,#3162,#1893,.T.);
#3928=EDGE_CURVE('',#3168,#3131,#1894,.T.);
#3929=EDGE_CURVE('',#3167,#3130,#1895,.T.);
#3930=EDGE_CURVE('',#3170,#3132,#1896,.T.);
#3931=EDGE_CURVE('',#3133,#3169,#1897,.T.);
#3932=EDGE_CURVE('',#3111,#3134,#1898,.T.);
#3933=EDGE_CURVE('',#3113,#3173,#1899,.T.);
#3934=EDGE_CURVE('',#3174,#3112,#1900,.T.);
#3935=EDGE_CURVE('',#3117,#3164,#1901,.T.);
#3936=EDGE_CURVE('',#3116,#3163,#1902,.F.);
#3937=EDGE_CURVE('',#3114,#3175,#1903,.T.);
#3938=EDGE_CURVE('',#3176,#3171,#1904,.F.);
#3939=EDGE_CURVE('',#3175,#3176,#1905,.T.);
#3940=EDGE_CURVE('',#3177,#3165,#1906,.T.);
#3941=EDGE_CURVE('',#3178,#3177,#1907,.T.);
#3942=EDGE_CURVE('',#3166,#3178,#1908,.T.);
#3943=EDGE_CURVE('',#3179,#3180,#1909,.T.);
#3944=EDGE_CURVE('',#3178,#3179,#1910,.T.);
#3945=EDGE_CURVE('',#3177,#3180,#1911,.T.);
#3946=EDGE_CURVE('',#3135,#3118,#1912,.T.);
#3947=EDGE_CURVE('',#3180,#3115,#1913,.T.);
#3948=EDGE_CURVE('',#3181,#3172,#1914,.T.);
#3949=EDGE_CURVE('',#3176,#3181,#1915,.T.);
#3950=EDGE_CURVE('',#3129,#3182,#1916,.T.);
#3951=EDGE_CURVE('',#3182,#3181,#1917,.T.);
#3952=EDGE_CURVE('',#3175,#3182,#1918,.T.);
#3953=EDGE_CURVE('',#3125,#3128,#1919,.T.);
#3954=EDGE_CURVE('',#3127,#3141,#1920,.T.);
#3955=EDGE_CURVE('',#3179,#3140,#1921,.T.);
#3956=EDGE_CURVE('',#3142,#3126,#1922,.T.);
#3957=EDGE_CURVE('',#3183,#3184,#89,.T.);
#3958=EDGE_CURVE('',#3184,#3185,#1923,.T.);
#3959=EDGE_CURVE('',#3185,#3186,#90,.T.);
#3960=EDGE_CURVE('',#3186,#3183,#1924,.T.);
#3961=EDGE_CURVE('',#3184,#3187,#1925,.T.);
#3962=EDGE_CURVE('',#3187,#3188,#1926,.T.);
#3963=EDGE_CURVE('',#3185,#3188,#1927,.T.);
#3964=EDGE_CURVE('',#3189,#3190,#91,.T.);
#3965=EDGE_CURVE('',#3190,#3191,#1928,.T.);
#3966=EDGE_CURVE('',#3191,#3192,#92,.T.);
#3967=EDGE_CURVE('',#3192,#3189,#1929,.T.);
#3968=EDGE_CURVE('',#3190,#3193,#1930,.T.);
#3969=EDGE_CURVE('',#3194,#3193,#1931,.T.);
#3970=EDGE_CURVE('',#3191,#3194,#1932,.T.);
#3971=EDGE_CURVE('',#3195,#3196,#93,.T.);
#3972=EDGE_CURVE('',#3196,#3197,#1933,.T.);
#3973=EDGE_CURVE('',#3197,#3198,#94,.T.);
#3974=EDGE_CURVE('',#3198,#3195,#1934,.T.);
#3975=EDGE_CURVE('',#3199,#3196,#1935,.T.);
#3976=EDGE_CURVE('',#3199,#3200,#1936,.T.);
#3977=EDGE_CURVE('',#3197,#3200,#1937,.T.);
#3978=EDGE_CURVE('',#3201,#3202,#1938,.T.);
#3979=EDGE_CURVE('',#3203,#3201,#1939,.T.);
#3980=EDGE_CURVE('',#3203,#3204,#1940,.T.);
#3981=EDGE_CURVE('',#3202,#3204,#1941,.T.);
#3982=EDGE_CURVE('',#3200,#3205,#95,.T.);
#3983=EDGE_CURVE('',#3206,#3199,#96,.T.);
#3984=EDGE_CURVE('',#3206,#3205,#1942,.T.);
#3985=EDGE_CURVE('',#3188,#3201,#97,.T.);
#3986=EDGE_CURVE('',#3187,#3203,#98,.T.);
#3987=EDGE_CURVE('',#3205,#3207,#1943,.T.);
#3988=EDGE_CURVE('',#3208,#3206,#1944,.T.);
#3989=EDGE_CURVE('',#3208,#3207,#1945,.T.);
#3990=EDGE_CURVE('',#3209,#3210,#1495,.T.);
#3991=EDGE_CURVE('',#3211,#3209,#1946,.T.);
#3992=EDGE_CURVE('',#3212,#3211,#1496,.T.);
#3993=EDGE_CURVE('',#3210,#3212,#1947,.T.);
#3994=EDGE_CURVE('',#3213,#3210,#1948,.T.);
#3995=EDGE_CURVE('',#3214,#3213,#1949,.T.);
#3996=EDGE_CURVE('',#3214,#3215,#1950,.T.);
#3997=EDGE_CURVE('',#3215,#3209,#1951,.T.);
#3998=EDGE_CURVE('',#3216,#3215,#99,.T.);
#3999=EDGE_CURVE('',#3217,#3214,#100,.T.);
#4000=EDGE_CURVE('',#3217,#3216,#1952,.T.);
#4001=EDGE_CURVE('',#3211,#3216,#1953,.T.);
#4002=EDGE_CURVE('',#3218,#3217,#1954,.T.);
#4003=EDGE_CURVE('',#3218,#3212,#1955,.F.);
#4004=EDGE_CURVE('',#3213,#3219,#1956,.T.);
#4005=EDGE_CURVE('',#3219,#3220,#1957,.T.);
#4006=EDGE_CURVE('',#3221,#3220,#1958,.F.);
#4007=EDGE_CURVE('',#3221,#3222,#1959,.F.);
#4008=EDGE_CURVE('',#3222,#3223,#1960,.T.);
#4009=EDGE_CURVE('',#3223,#3224,#1961,.T.);
#4010=EDGE_CURVE('',#3224,#3225,#101,.T.);
#4011=EDGE_CURVE('',#3225,#3226,#1962,.T.);
#4012=EDGE_CURVE('',#3226,#3218,#1963,.T.);
#4013=EDGE_CURVE('',#3227,#3219,#1964,.F.);
#4014=EDGE_CURVE('',#3228,#3227,#1965,.T.);
#4015=EDGE_CURVE('',#3229,#3228,#59,.T.);
#4016=EDGE_CURVE('',#3230,#3229,#1966,.T.);
#4017=EDGE_CURVE('',#3231,#3230,#60,.T.);
#4018=EDGE_CURVE('',#3232,#3231,#1967,.T.);
#4019=EDGE_CURVE('',#3233,#3232,#1968,.F.);
#4020=EDGE_CURVE('',#3234,#3233,#1969,.T.);
#4021=EDGE_CURVE('',#3220,#3234,#1970,.F.);
#4022=EDGE_CURVE('',#3235,#3202,#1971,.T.);
#4023=EDGE_CURVE('',#3236,#3235,#1972,.T.);
#4024=EDGE_CURVE('',#3193,#3236,#102,.T.);
#4025=EDGE_CURVE('',#3189,#3237,#1973,.T.);
#4026=EDGE_CURVE('',#3237,#3238,#1974,.F.);
#4027=EDGE_CURVE('',#3238,#3239,#1975,.F.);
#4028=EDGE_CURVE('',#3240,#3239,#1976,.T.);
#4029=EDGE_CURVE('',#3241,#3240,#1977,.T.);
#4030=EDGE_CURVE('',#3241,#3242,#1978,.F.);
#4031=EDGE_CURVE('',#3242,#3243,#1979,.F.);
#4032=EDGE_CURVE('',#3244,#3243,#1980,.T.);
#4033=EDGE_CURVE('',#3245,#3244,#1981,.T.);
#4034=EDGE_CURVE('',#3245,#3233,#1982,.F.);
#4035=EDGE_CURVE('',#3246,#3232,#103,.T.);
#4036=EDGE_CURVE('',#3246,#3247,#1983,.T.);
#4037=EDGE_CURVE('',#3248,#3247,#104,.T.);
#4038=EDGE_CURVE('',#3248,#3249,#1984,.T.);
#4039=EDGE_CURVE('',#3250,#3249,#105,.T.);
#4040=EDGE_CURVE('',#3250,#3251,#1985,.T.);
#4041=EDGE_CURVE('',#3227,#3251,#106,.T.);
#4042=EDGE_CURVE('',#3226,#3252,#1986,.T.);
#4043=EDGE_CURVE('',#3253,#3252,#1987,.T.);
#4044=EDGE_CURVE('',#3223,#3253,#1988,.F.);
#4045=EDGE_CURVE('',#3222,#3186,#1989,.T.);
#4046=EDGE_CURVE('',#3254,#3254,#107,.T.);
#4047=EDGE_CURVE('',#3255,#3255,#108,.T.);
#4048=EDGE_CURVE('',#3256,#3256,#109,.T.);
#4049=EDGE_CURVE('',#3257,#3257,#110,.T.);
#4050=EDGE_CURVE('',#3258,#3258,#111,.T.);
#4051=EDGE_CURVE('',#3259,#3259,#112,.T.);
#4052=EDGE_CURVE('',#3260,#3260,#113,.T.);
#4053=EDGE_CURVE('',#3261,#3261,#114,.T.);
#4054=EDGE_CURVE('',#3262,#3262,#115,.T.);
#4055=EDGE_CURVE('',#3263,#3263,#116,.T.);
#4056=EDGE_CURVE('',#3264,#3264,#117,.T.);
#4057=EDGE_CURVE('',#3265,#3265,#118,.T.);
#4058=EDGE_CURVE('',#3266,#3266,#119,.T.);
#4059=EDGE_CURVE('',#3267,#3267,#120,.T.);
#4060=EDGE_CURVE('',#3268,#3268,#121,.T.);
#4061=EDGE_CURVE('',#3269,#3269,#122,.T.);
#4062=EDGE_CURVE('',#3270,#3270,#123,.T.);
#4063=EDGE_CURVE('',#3271,#3271,#124,.T.);
#4064=EDGE_CURVE('',#3272,#3272,#125,.T.);
#4065=EDGE_CURVE('',#3273,#3273,#126,.T.);
#4066=EDGE_CURVE('',#3274,#3274,#127,.T.);
#4067=EDGE_CURVE('',#3275,#3275,#128,.T.);
#4068=EDGE_CURVE('',#3276,#3276,#129,.T.);
#4069=EDGE_CURVE('',#3277,#3277,#130,.T.);
#4070=EDGE_CURVE('',#3278,#3207,#1990,.T.);
#4071=EDGE_CURVE('',#3279,#3278,#131,.T.);
#4072=EDGE_CURVE('',#3198,#3279,#1991,.T.);
#4073=EDGE_CURVE('',#3280,#3253,#1497,.T.);
#4074=EDGE_CURVE('',#3252,#3281,#1498,.T.);
#4075=EDGE_CURVE('',#3281,#3280,#1992,.T.);
#4076=EDGE_CURVE('',#3282,#3281,#1993,.T.);
#4077=EDGE_CURVE('',#3283,#3282,#132,.T.);
#4078=EDGE_CURVE('',#3280,#3283,#1994,.T.);
#4079=EDGE_CURVE('',#3225,#3282,#1995,.T.);
#4080=EDGE_CURVE('',#3224,#3283,#1996,.T.);
#4081=EDGE_CURVE('',#3239,#3284,#1499,.T.);
#4082=EDGE_CURVE('',#3284,#3285,#1997,.T.);
#4083=EDGE_CURVE('',#3285,#3240,#1500,.T.);
#4084=EDGE_CURVE('',#3286,#3238,#1998,.T.);
#4085=EDGE_CURVE('',#3286,#3287,#1999,.T.);
#4086=EDGE_CURVE('',#3284,#3287,#2000,.T.);
#4087=EDGE_CURVE('',#3288,#3285,#2001,.T.);
#4088=EDGE_CURVE('',#3289,#3288,#2002,.T.);
#4089=EDGE_CURVE('',#3241,#3289,#2003,.T.);
#4090=EDGE_CURVE('',#3287,#3288,#133,.T.);
#4091=EDGE_CURVE('',#3290,#3244,#1501,.T.);
#4092=EDGE_CURVE('',#3243,#3291,#1502,.T.);
#4093=EDGE_CURVE('',#3291,#3290,#2004,.T.);
#4094=EDGE_CURVE('',#3292,#3290,#2005,.T.);
#4095=EDGE_CURVE('',#3293,#3292,#2006,.T.);
#4096=EDGE_CURVE('',#3245,#3293,#2007,.T.);
#4097=EDGE_CURVE('',#3294,#3292,#134,.T.);
#4098=EDGE_CURVE('',#3295,#3294,#2008,.T.);
#4099=EDGE_CURVE('',#3293,#3295,#135,.T.);
#4100=EDGE_CURVE('',#3295,#3242,#2009,.T.);
#4101=EDGE_CURVE('',#3291,#3294,#2010,.T.);
#4102=EDGE_CURVE('',#3289,#3286,#136,.T.);
#4103=EDGE_CURVE('',#3296,#3228,#137,.T.);
#4104=EDGE_CURVE('',#3297,#3296,#61,.F.);
#4105=EDGE_CURVE('',#3229,#3297,#138,.T.);
#4106=EDGE_CURVE('',#3251,#3296,#2011,.T.);
#4107=EDGE_CURVE('',#3298,#3299,#62,.F.);
#4108=EDGE_CURVE('',#3231,#3298,#139,.T.);
#4109=EDGE_CURVE('',#3299,#3230,#140,.T.);
#4110=EDGE_CURVE('',#3298,#3246,#2012,.T.);
#4111=EDGE_CURVE('',#3297,#3299,#2013,.T.);
#4112=EDGE_CURVE('',#3300,#3301,#141,.T.);
#4113=EDGE_CURVE('',#3302,#3300,#142,.F.);
#4114=EDGE_CURVE('',#3303,#3302,#143,.T.);
#4115=EDGE_CURVE('',#3303,#3301,#144,.T.);
#4116=EDGE_CURVE('',#3249,#3302,#2014,.T.);
#4117=EDGE_CURVE('',#3300,#3250,#2015,.T.);
#4118=EDGE_CURVE('',#3304,#3305,#145,.T.);
#4119=EDGE_CURVE('',#3306,#3304,#146,.F.);
#4120=EDGE_CURVE('',#3307,#3306,#147,.T.);
#4121=EDGE_CURVE('',#3307,#3305,#148,.T.);
#4122=EDGE_CURVE('',#3247,#3306,#2016,.T.);
#4123=EDGE_CURVE('',#3304,#3248,#2017,.T.);
#4124=EDGE_CURVE('',#3299,#3307,#2018,.T.);
#4125=EDGE_CURVE('',#3306,#3298,#2019,.T.);
#4126=EDGE_CURVE('',#3305,#3303,#2020,.T.);
#4127=EDGE_CURVE('',#3302,#3304,#2021,.T.);
#4128=EDGE_CURVE('',#3301,#3297,#2022,.T.);
#4129=EDGE_CURVE('',#3296,#3300,#2023,.T.);
#4130=EDGE_CURVE('',#3235,#3308,#2024,.T.);
#4131=EDGE_CURVE('',#3309,#3308,#2025,.T.);
#4132=EDGE_CURVE('',#3309,#3236,#2026,.T.);
#4133=EDGE_CURVE('',#3308,#3204,#2027,.T.);
#4134=EDGE_CURVE('',#3310,#3279,#2028,.T.);
#4135=EDGE_CURVE('',#3310,#3195,#2029,.T.);
#4136=EDGE_CURVE('',#3311,#3278,#2030,.T.);
#4137=EDGE_CURVE('',#3311,#3310,#149,.T.);
#4138=EDGE_CURVE('',#3194,#3309,#150,.T.);
#4139=EDGE_CURVE('',#3208,#3311,#2031,.T.);
#4140=EDGE_CURVE('',#3312,#3192,#2032,.T.);
#4141=EDGE_CURVE('',#3237,#3312,#2033,.F.);
#4142=EDGE_CURVE('',#3183,#3221,#2034,.T.);
#4143=EDGE_CURVE('',#3312,#3234,#2035,.T.);
#4144=EDGE_CURVE('',#3276,#3313,#2036,.T.);
#4145=EDGE_CURVE('',#3313,#3313,#151,.T.);
#4146=EDGE_CURVE('',#3277,#3314,#2037,.T.);
#4147=EDGE_CURVE('',#3314,#3314,#152,.T.);
#4148=EDGE_CURVE('',#3275,#3315,#2038,.T.);
#4149=EDGE_CURVE('',#3315,#3315,#153,.T.);
#4150=EDGE_CURVE('',#3274,#3316,#2039,.T.);
#4151=EDGE_CURVE('',#3316,#3316,#154,.T.);
#4152=EDGE_CURVE('',#3273,#3317,#2040,.T.);
#4153=EDGE_CURVE('',#3317,#3317,#155,.T.);
#4154=EDGE_CURVE('',#3254,#3318,#2041,.T.);
#4155=EDGE_CURVE('',#3318,#3318,#156,.T.);
#4156=EDGE_CURVE('',#3272,#3319,#2042,.T.);
#4157=EDGE_CURVE('',#3319,#3319,#157,.T.);
#4158=EDGE_CURVE('',#3271,#3320,#2043,.T.);
#4159=EDGE_CURVE('',#3320,#3320,#158,.T.);
#4160=EDGE_CURVE('',#3270,#3321,#2044,.T.);
#4161=EDGE_CURVE('',#3321,#3321,#159,.T.);
#4162=EDGE_CURVE('',#3269,#3322,#2045,.T.);
#4163=EDGE_CURVE('',#3322,#3322,#160,.T.);
#4164=EDGE_CURVE('',#3268,#3323,#2046,.T.);
#4165=EDGE_CURVE('',#3323,#3323,#161,.T.);
#4166=EDGE_CURVE('',#3267,#3324,#2047,.T.);
#4167=EDGE_CURVE('',#3324,#3324,#162,.T.);
#4168=EDGE_CURVE('',#3266,#3325,#2048,.T.);
#4169=EDGE_CURVE('',#3325,#3325,#163,.T.);
#4170=EDGE_CURVE('',#3265,#3326,#2049,.T.);
#4171=EDGE_CURVE('',#3326,#3326,#164,.T.);
#4172=EDGE_CURVE('',#3264,#3327,#2050,.T.);
#4173=EDGE_CURVE('',#3327,#3327,#165,.T.);
#4174=EDGE_CURVE('',#3263,#3328,#2051,.T.);
#4175=EDGE_CURVE('',#3328,#3328,#166,.T.);
#4176=EDGE_CURVE('',#3262,#3329,#2052,.T.);
#4177=EDGE_CURVE('',#3329,#3329,#167,.T.);
#4178=EDGE_CURVE('',#3261,#3330,#2053,.T.);
#4179=EDGE_CURVE('',#3330,#3330,#168,.T.);
#4180=EDGE_CURVE('',#3260,#3331,#2054,.T.);
#4181=EDGE_CURVE('',#3331,#3331,#169,.T.);
#4182=EDGE_CURVE('',#3259,#3332,#2055,.T.);
#4183=EDGE_CURVE('',#3332,#3332,#170,.T.);
#4184=EDGE_CURVE('',#3258,#3333,#2056,.T.);
#4185=EDGE_CURVE('',#3333,#3333,#171,.T.);
#4186=EDGE_CURVE('',#3257,#3334,#2057,.T.);
#4187=EDGE_CURVE('',#3334,#3334,#172,.T.);
#4188=EDGE_CURVE('',#3256,#3335,#2058,.T.);
#4189=EDGE_CURVE('',#3335,#3335,#173,.T.);
#4190=EDGE_CURVE('',#3255,#3336,#2059,.T.);
#4191=EDGE_CURVE('',#3336,#3336,#174,.T.);
#4192=EDGE_CURVE('',#3337,#3338,#2060,.T.);
#4193=EDGE_CURVE('',#3337,#3339,#2061,.T.);
#4194=EDGE_CURVE('',#3339,#3340,#2062,.T.);
#4195=EDGE_CURVE('',#3338,#3340,#2063,.T.);
#4196=EDGE_CURVE('',#3341,#3337,#2064,.T.);
#4197=EDGE_CURVE('',#3341,#3342,#2065,.F.);
#4198=EDGE_CURVE('',#3342,#3339,#2066,.T.);
#4199=EDGE_CURVE('',#3343,#3341,#2067,.T.);
#4200=EDGE_CURVE('',#3343,#3344,#2068,.F.);
#4201=EDGE_CURVE('',#3344,#3342,#2069,.T.);
#4202=EDGE_CURVE('',#3338,#3343,#2070,.T.);
#4203=EDGE_CURVE('',#3340,#3344,#2071,.T.);
#4204=EDGE_CURVE('',#3345,#3346,#2072,.T.);
#4205=EDGE_CURVE('',#3345,#3347,#2073,.F.);
#4206=EDGE_CURVE('',#3348,#3347,#2074,.T.);
#4207=EDGE_CURVE('',#3346,#3348,#2075,.F.);
#4208=EDGE_CURVE('',#3346,#3349,#2076,.T.);
#4209=EDGE_CURVE('',#3350,#3348,#2077,.T.);
#4210=EDGE_CURVE('',#3349,#3350,#2078,.T.);
#4211=EDGE_CURVE('',#3349,#3351,#2079,.T.);
#4212=EDGE_CURVE('',#3352,#3350,#2080,.T.);
#4213=EDGE_CURVE('',#3351,#3352,#2081,.T.);
#4214=EDGE_CURVE('',#3351,#3345,#2082,.T.);
#4215=EDGE_CURVE('',#3347,#3352,#2083,.T.);
#4216=EDGE_CURVE('',#3353,#3353,#175,.T.);
#4217=EDGE_CURVE('',#3353,#3354,#2084,.T.);
#4218=EDGE_CURVE('',#3354,#3354,#176,.T.);
#4219=EDGE_CURVE('',#3355,#3355,#177,.T.);
#4220=EDGE_CURVE('',#3355,#3356,#2085,.T.);
#4221=EDGE_CURVE('',#3356,#3356,#178,.T.);
#4222=EDGE_CURVE('',#3357,#3357,#179,.T.);
#4223=EDGE_CURVE('',#3357,#3358,#2086,.T.);
#4224=EDGE_CURVE('',#3358,#3358,#180,.T.);
#4225=EDGE_CURVE('',#3359,#3359,#181,.T.);
#4226=EDGE_CURVE('',#3359,#3360,#2087,.T.);
#4227=EDGE_CURVE('',#3360,#3360,#182,.T.);
#4228=EDGE_CURVE('',#3361,#3361,#183,.T.);
#4229=EDGE_CURVE('',#3361,#3362,#2088,.T.);
#4230=EDGE_CURVE('',#3362,#3362,#184,.T.);
#4231=EDGE_CURVE('',#3363,#3363,#185,.T.);
#4232=EDGE_CURVE('',#3363,#3364,#2089,.T.);
#4233=EDGE_CURVE('',#3364,#3364,#186,.T.);
#4234=EDGE_CURVE('',#3365,#3365,#187,.T.);
#4235=EDGE_CURVE('',#3365,#3366,#2090,.T.);
#4236=EDGE_CURVE('',#3366,#3366,#188,.T.);
#4237=EDGE_CURVE('',#3367,#3367,#189,.T.);
#4238=EDGE_CURVE('',#3367,#3368,#2091,.T.);
#4239=EDGE_CURVE('',#3368,#3368,#190,.T.);
#4240=EDGE_CURVE('',#3369,#3369,#191,.T.);
#4241=EDGE_CURVE('',#3369,#3370,#2092,.T.);
#4242=EDGE_CURVE('',#3370,#3370,#192,.T.);
#4243=EDGE_CURVE('',#3371,#3371,#193,.T.);
#4244=EDGE_CURVE('',#3371,#3372,#2093,.T.);
#4245=EDGE_CURVE('',#3372,#3372,#194,.T.);
#4246=EDGE_CURVE('',#3373,#3373,#195,.T.);
#4247=EDGE_CURVE('',#3373,#3374,#2094,.T.);
#4248=EDGE_CURVE('',#3374,#3374,#196,.T.);
#4249=EDGE_CURVE('',#3375,#3375,#197,.T.);
#4250=EDGE_CURVE('',#3375,#3376,#2095,.T.);
#4251=EDGE_CURVE('',#3376,#3376,#198,.T.);
#4252=EDGE_CURVE('',#3377,#3377,#199,.T.);
#4253=EDGE_CURVE('',#3377,#3378,#2096,.T.);
#4254=EDGE_CURVE('',#3378,#3378,#200,.T.);
#4255=EDGE_CURVE('',#3379,#3379,#201,.T.);
#4256=EDGE_CURVE('',#3379,#3380,#2097,.T.);
#4257=EDGE_CURVE('',#3380,#3380,#202,.T.);
#4258=EDGE_CURVE('',#3381,#3381,#203,.T.);
#4259=EDGE_CURVE('',#3381,#3382,#2098,.T.);
#4260=EDGE_CURVE('',#3382,#3382,#204,.T.);
#4261=EDGE_CURVE('',#3383,#3383,#205,.T.);
#4262=EDGE_CURVE('',#3383,#3384,#2099,.T.);
#4263=EDGE_CURVE('',#3384,#3384,#206,.T.);
#4264=EDGE_CURVE('',#3385,#3385,#207,.T.);
#4265=EDGE_CURVE('',#3385,#3386,#2100,.T.);
#4266=EDGE_CURVE('',#3386,#3386,#208,.T.);
#4267=EDGE_CURVE('',#3387,#3387,#209,.T.);
#4268=EDGE_CURVE('',#3387,#3388,#2101,.T.);
#4269=EDGE_CURVE('',#3388,#3388,#210,.T.);
#4270=EDGE_CURVE('',#3389,#3389,#211,.T.);
#4271=EDGE_CURVE('',#3389,#3390,#2102,.T.);
#4272=EDGE_CURVE('',#3390,#3390,#212,.T.);
#4273=EDGE_CURVE('',#3391,#3391,#213,.T.);
#4274=EDGE_CURVE('',#3391,#3392,#2103,.T.);
#4275=EDGE_CURVE('',#3392,#3392,#214,.T.);
#4276=EDGE_CURVE('',#3393,#3393,#215,.T.);
#4277=EDGE_CURVE('',#3393,#3394,#2104,.T.);
#4278=EDGE_CURVE('',#3394,#3394,#216,.T.);
#4279=EDGE_CURVE('',#3395,#3395,#217,.T.);
#4280=EDGE_CURVE('',#3395,#3396,#2105,.T.);
#4281=EDGE_CURVE('',#3396,#3396,#218,.T.);
#4282=EDGE_CURVE('',#3397,#3397,#219,.T.);
#4283=EDGE_CURVE('',#3397,#3398,#2106,.T.);
#4284=EDGE_CURVE('',#3398,#3398,#220,.T.);
#4285=EDGE_CURVE('',#3399,#3399,#221,.T.);
#4286=EDGE_CURVE('',#3399,#3400,#2107,.T.);
#4287=EDGE_CURVE('',#3400,#3400,#222,.T.);
#4288=EDGE_CURVE('',#3401,#3402,#2108,.T.);
#4289=EDGE_CURVE('',#3402,#3403,#2109,.T.);
#4290=EDGE_CURVE('',#3404,#3403,#2110,.T.);
#4291=EDGE_CURVE('',#3401,#3404,#2111,.T.);
#4292=EDGE_CURVE('',#3405,#3406,#2112,.T.);
#4293=EDGE_CURVE('',#3404,#3405,#2113,.T.);
#4294=EDGE_CURVE('',#3406,#3403,#2114,.T.);
#4295=EDGE_CURVE('',#3405,#3407,#2115,.T.);
#4296=EDGE_CURVE('',#3408,#3407,#2116,.T.);
#4297=EDGE_CURVE('',#3404,#3408,#2117,.T.);
#4298=EDGE_CURVE('',#3409,#3408,#2118,.T.);
#4299=EDGE_CURVE('',#3410,#3409,#2119,.T.);
#4300=EDGE_CURVE('',#3410,#3401,#2120,.T.);
#4301=EDGE_CURVE('',#3411,#3409,#2121,.T.);
#4302=EDGE_CURVE('',#3412,#3411,#2122,.T.);
#4303=EDGE_CURVE('',#3412,#3410,#2123,.T.);
#4304=EDGE_CURVE('',#3413,#3411,#2124,.T.);
#4305=EDGE_CURVE('',#3414,#3413,#2125,.T.);
#4306=EDGE_CURVE('',#3414,#3412,#2126,.T.);
#4307=EDGE_CURVE('',#3415,#3413,#2127,.T.);
#4308=EDGE_CURVE('',#3416,#3415,#2128,.T.);
#4309=EDGE_CURVE('',#3414,#3416,#2129,.T.);
#4310=EDGE_CURVE('',#3417,#3415,#2130,.T.);
#4311=EDGE_CURVE('',#3418,#3417,#2131,.T.);
#4312=EDGE_CURVE('',#3416,#3418,#2132,.T.);
#4313=EDGE_CURVE('',#3419,#3417,#2133,.T.);
#4314=EDGE_CURVE('',#3420,#3419,#2134,.T.);
#4315=EDGE_CURVE('',#3418,#3420,#2135,.T.);
#4316=EDGE_CURVE('',#3421,#3419,#2136,.T.);
#4317=EDGE_CURVE('',#3403,#3421,#2137,.T.);
#4318=EDGE_CURVE('',#3420,#3402,#2138,.T.);
#4319=EDGE_CURVE('',#3422,#3421,#2139,.T.);
#4320=EDGE_CURVE('',#3406,#3422,#2140,.T.);
#4321=EDGE_CURVE('',#3407,#3422,#2141,.T.);
#4322=EDGE_CURVE('',#3423,#3424,#223,.T.);
#4323=EDGE_CURVE('',#3424,#3425,#2142,.T.);
#4324=EDGE_CURVE('',#3425,#3426,#1503,.F.);
#4325=EDGE_CURVE('',#3426,#3423,#2143,.T.);
#4326=EDGE_CURVE('',#3424,#3427,#2144,.T.);
#4327=EDGE_CURVE('',#3427,#3428,#2145,.T.);
#4328=EDGE_CURVE('',#3425,#3428,#2146,.T.);
#4329=EDGE_CURVE('',#3429,#3423,#2147,.T.);
#4330=EDGE_CURVE('',#3429,#3430,#224,.T.);
#4331=EDGE_CURVE('',#3430,#3431,#2148,.T.);
#4332=EDGE_CURVE('',#3432,#3431,#225,.T.);
#4333=EDGE_CURVE('',#3432,#3433,#2149,.T.);
#4334=EDGE_CURVE('',#3434,#3433,#226,.T.);
#4335=EDGE_CURVE('',#3434,#3435,#2150,.T.);
#4336=EDGE_CURVE('',#3435,#3436,#2151,.T.);
#4337=EDGE_CURVE('',#3437,#3436,#2152,.T.);
#4338=EDGE_CURVE('',#3427,#3437,#2153,.T.);
#4339=EDGE_CURVE('',#3433,#3438,#2154,.T.);
#4340=EDGE_CURVE('',#3438,#3439,#1504,.F.);
#4341=EDGE_CURVE('',#3439,#3434,#2155,.T.);
#4342=EDGE_CURVE('',#3438,#3440,#2156,.T.);
#4343=EDGE_CURVE('',#3441,#3432,#2157,.T.);
#4344=EDGE_CURVE('',#3442,#3441,#2158,.T.);
#4345=EDGE_CURVE('',#3443,#3442,#2159,.T.);
#4346=EDGE_CURVE('',#3440,#3443,#227,.T.);
#4347=EDGE_CURVE('',#3444,#3445,#228,.F.);
#4348=EDGE_CURVE('',#3445,#3446,#229,.F.);
#4349=EDGE_CURVE('',#3446,#3444,#230,.F.);
#4350=EDGE_CURVE('',#3447,#3448,#231,.F.);
#4351=EDGE_CURVE('',#3448,#3449,#232,.F.);
#4352=EDGE_CURVE('',#3449,#3447,#233,.F.);
#4353=EDGE_CURVE('',#3450,#3451,#234,.F.);
#4354=EDGE_CURVE('',#3447,#3450,#2160,.T.);
#4355=EDGE_CURVE('',#3451,#3449,#2161,.T.);
#4356=EDGE_CURVE('',#3452,#3453,#235,.T.);
#4357=EDGE_CURVE('',#3449,#3452,#2162,.T.);
#4358=EDGE_CURVE('',#3453,#3448,#2163,.T.);
#4359=EDGE_CURVE('',#3454,#3455,#236,.T.);
#4360=EDGE_CURVE('',#3452,#3454,#237,.T.);
#4361=EDGE_CURVE('',#3455,#3453,#238,.T.);
#4362=EDGE_CURVE('',#3456,#3457,#1505,.T.);
#4363=EDGE_CURVE('',#3454,#3457,#2164,.T.);
#4364=EDGE_CURVE('',#3456,#3455,#2165,.T.);
#4365=EDGE_CURVE('',#3448,#3446,#2166,.T.);
#4366=EDGE_CURVE('',#3444,#3447,#2167,.T.);
#4367=EDGE_CURVE('',#3458,#3459,#239,.T.);
#4368=EDGE_CURVE('',#3446,#3458,#2168,.T.);
#4369=EDGE_CURVE('',#3459,#3445,#2169,.T.);
#4370=EDGE_CURVE('',#3460,#3461,#240,.T.);
#4371=EDGE_CURVE('',#3458,#3460,#241,.T.);
#4372=EDGE_CURVE('',#3461,#3459,#242,.T.);
#4373=EDGE_CURVE('',#3460,#3425,#2170,.T.);
#4374=EDGE_CURVE('',#3426,#3461,#2171,.T.);
#4375=EDGE_CURVE('',#3462,#3444,#2172,.T.);
#4376=EDGE_CURVE('',#3463,#3462,#1506,.T.);
#4377=EDGE_CURVE('',#3445,#3463,#2173,.T.);
#4378=EDGE_CURVE('',#3463,#3429,#2174,.T.);
#4379=EDGE_CURVE('',#3430,#3462,#2175,.T.);
#4380=EDGE_CURVE('',#3457,#3451,#2176,.T.);
#4381=EDGE_CURVE('',#3458,#3453,#2177,.T.);
#4382=EDGE_CURVE('',#3455,#3460,#2178,.T.);
#4383=EDGE_CURVE('',#3464,#3456,#2179,.T.);
#4384=EDGE_CURVE('',#3428,#3464,#2180,.T.);
#4385=EDGE_CURVE('',#3437,#3464,#2181,.T.);
#4386=EDGE_CURVE('',#3465,#3442,#243,.F.);
#4387=EDGE_CURVE('',#3466,#3465,#244,.F.);
#4388=EDGE_CURVE('',#3442,#3466,#245,.F.);
#4389=EDGE_CURVE('',#3467,#3468,#246,.F.);
#4390=EDGE_CURVE('',#3469,#3467,#247,.F.);
#4391=EDGE_CURVE('',#3468,#3469,#248,.F.);
#4392=EDGE_CURVE('',#3470,#3471,#249,.F.);
#4393=EDGE_CURVE('',#3471,#3469,#2182,.T.);
#4394=EDGE_CURVE('',#3467,#3470,#2183,.T.);
#4395=EDGE_CURVE('',#3472,#3473,#250,.T.);
#4396=EDGE_CURVE('',#3473,#3468,#2184,.T.);
#4397=EDGE_CURVE('',#3469,#3472,#2185,.T.);
#4398=EDGE_CURVE('',#3474,#3475,#251,.T.);
#4399=EDGE_CURVE('',#3475,#3473,#252,.T.);
#4400=EDGE_CURVE('',#3472,#3474,#253,.T.);
#4401=EDGE_CURVE('',#3476,#3477,#1507,.T.);
#4402=EDGE_CURVE('',#3476,#3475,#2186,.T.);
#4403=EDGE_CURVE('',#3474,#3477,#2187,.T.);
#4404=EDGE_CURVE('',#3465,#3467,#2188,.T.);
#4405=EDGE_CURVE('',#3468,#3466,#2189,.T.);
#4406=EDGE_CURVE('',#3478,#3443,#254,.T.);
#4407=EDGE_CURVE('',#3466,#3478,#2190,.T.);
#4408=EDGE_CURVE('',#3479,#3440,#255,.T.);
#4409=EDGE_CURVE('',#3478,#3479,#256,.T.);
#4410=EDGE_CURVE('',#3479,#3439,#2191,.T.);
#4411=EDGE_CURVE('',#3480,#3465,#2192,.T.);
#4412=EDGE_CURVE('',#3441,#3480,#1508,.T.);
#4413=EDGE_CURVE('',#3431,#3480,#2193,.T.);
#4414=EDGE_CURVE('',#3477,#3471,#2194,.T.);
#4415=EDGE_CURVE('',#3470,#3450,#2195,.T.);
#4416=EDGE_CURVE('',#3462,#3480,#2196,.T.);
#4417=EDGE_CURVE('',#3475,#3479,#2197,.T.);
#4418=EDGE_CURVE('',#3478,#3473,#2198,.T.);
#4419=EDGE_CURVE('',#3481,#3476,#2199,.T.);
#4420=EDGE_CURVE('',#3482,#3481,#2200,.T.);
#4421=EDGE_CURVE('',#3439,#3482,#2201,.T.);
#4422=EDGE_CURVE('',#3435,#3482,#2202,.T.);
#4423=EDGE_CURVE('',#3436,#3481,#2203,.T.);
#4424=ORIENTED_EDGE('',*,*,#3483,.T.);
#4425=ORIENTED_EDGE('',*,*,#3484,.T.);
#4426=ORIENTED_EDGE('',*,*,#3485,.F.);
#4427=ORIENTED_EDGE('',*,*,#3486,.F.);
#4428=ORIENTED_EDGE('',*,*,#3487,.T.);
#4429=ORIENTED_EDGE('',*,*,#3486,.T.);
#4430=ORIENTED_EDGE('',*,*,#3488,.F.);
#4431=ORIENTED_EDGE('',*,*,#3489,.T.);
#4432=ORIENTED_EDGE('',*,*,#3490,.T.);
#4433=ORIENTED_EDGE('',*,*,#3489,.F.);
#4434=ORIENTED_EDGE('',*,*,#3491,.F.);
#4435=ORIENTED_EDGE('',*,*,#3492,.T.);
#4436=ORIENTED_EDGE('',*,*,#3493,.T.);
#4437=ORIENTED_EDGE('',*,*,#3492,.F.);
#4438=ORIENTED_EDGE('',*,*,#3494,.F.);
#4439=ORIENTED_EDGE('',*,*,#3484,.F.);
#4440=ORIENTED_EDGE('',*,*,#3493,.F.);
#4441=ORIENTED_EDGE('',*,*,#3495,.F.);
#4442=ORIENTED_EDGE('',*,*,#3496,.T.);
#4443=ORIENTED_EDGE('',*,*,#3497,.F.);
#4444=ORIENTED_EDGE('',*,*,#3483,.F.);
#4445=ORIENTED_EDGE('',*,*,#3498,.F.);
#4446=ORIENTED_EDGE('',*,*,#3499,.T.);
#4447=ORIENTED_EDGE('',*,*,#3495,.T.);
#4448=ORIENTED_EDGE('',*,*,#3487,.F.);
#4449=ORIENTED_EDGE('',*,*,#3500,.T.);
#4450=ORIENTED_EDGE('',*,*,#3501,.T.);
#4451=ORIENTED_EDGE('',*,*,#3498,.T.);
#4452=ORIENTED_EDGE('',*,*,#3490,.F.);
#4453=ORIENTED_EDGE('',*,*,#3497,.T.);
#4454=ORIENTED_EDGE('',*,*,#3502,.T.);
#4455=ORIENTED_EDGE('',*,*,#3500,.F.);
#4456=ORIENTED_EDGE('',*,*,#3499,.F.);
#4457=ORIENTED_EDGE('',*,*,#3503,.F.);
#4458=ORIENTED_EDGE('',*,*,#3504,.F.);
#4459=ORIENTED_EDGE('',*,*,#3505,.T.);
#4460=ORIENTED_EDGE('',*,*,#3501,.F.);
#4461=ORIENTED_EDGE('',*,*,#3506,.F.);
#4462=ORIENTED_EDGE('',*,*,#3507,.F.);
#4463=ORIENTED_EDGE('',*,*,#3503,.T.);
#4464=ORIENTED_EDGE('',*,*,#3508,.F.);
#4465=ORIENTED_EDGE('',*,*,#3509,.T.);
#4466=ORIENTED_EDGE('',*,*,#3488,.T.);
#4467=ORIENTED_EDGE('',*,*,#3510,.F.);
#4468=ORIENTED_EDGE('',*,*,#3511,.F.);
#4469=ORIENTED_EDGE('',*,*,#3512,.T.);
#4470=ORIENTED_EDGE('',*,*,#3491,.T.);
#4471=ORIENTED_EDGE('',*,*,#3509,.F.);
#4472=ORIENTED_EDGE('',*,*,#3513,.F.);
#4473=ORIENTED_EDGE('',*,*,#3514,.T.);
#4474=ORIENTED_EDGE('',*,*,#3494,.T.);
#4475=ORIENTED_EDGE('',*,*,#3512,.F.);
#4476=ORIENTED_EDGE('',*,*,#3515,.F.);
#4477=ORIENTED_EDGE('',*,*,#3510,.T.);
#4478=ORIENTED_EDGE('',*,*,#3485,.T.);
#4479=ORIENTED_EDGE('',*,*,#3514,.F.);
#4480=ORIENTED_EDGE('',*,*,#3496,.F.);
#4481=ORIENTED_EDGE('',*,*,#3505,.F.);
#4482=ORIENTED_EDGE('',*,*,#3516,.F.);
#4483=ORIENTED_EDGE('',*,*,#3517,.T.);
#4484=ORIENTED_EDGE('',*,*,#3518,.F.);
#4485=ORIENTED_EDGE('',*,*,#3519,.F.);
#4486=ORIENTED_EDGE('',*,*,#3520,.F.);
#4487=ORIENTED_EDGE('',*,*,#3521,.T.);
#4488=ORIENTED_EDGE('',*,*,#3522,.T.);
#4489=ORIENTED_EDGE('',*,*,#3519,.T.);
#4490=ORIENTED_EDGE('',*,*,#3523,.T.);
#4491=ORIENTED_EDGE('',*,*,#3524,.F.);
#4492=ORIENTED_EDGE('',*,*,#3525,.F.);
#4493=ORIENTED_EDGE('',*,*,#3526,.F.);
#4494=ORIENTED_EDGE('',*,*,#3518,.T.);
#4495=ORIENTED_EDGE('',*,*,#3527,.T.);
#4496=ORIENTED_EDGE('',*,*,#3525,.T.);
#4497=ORIENTED_EDGE('',*,*,#3528,.T.);
#4498=ORIENTED_EDGE('',*,*,#3529,.F.);
#4499=ORIENTED_EDGE('',*,*,#3530,.F.);
#4500=ORIENTED_EDGE('',*,*,#3531,.F.);
#4501=ORIENTED_EDGE('',*,*,#3532,.T.);
#4502=ORIENTED_EDGE('',*,*,#3533,.T.);
#4503=ORIENTED_EDGE('',*,*,#3530,.T.);
#4504=ORIENTED_EDGE('',*,*,#3534,.T.);
#4505=ORIENTED_EDGE('',*,*,#3535,.F.);
#4506=ORIENTED_EDGE('',*,*,#3536,.F.);
#4507=ORIENTED_EDGE('',*,*,#3537,.F.);
#4508=ORIENTED_EDGE('',*,*,#3538,.T.);
#4509=ORIENTED_EDGE('',*,*,#3539,.T.);
#4510=ORIENTED_EDGE('',*,*,#3536,.T.);
#4511=ORIENTED_EDGE('',*,*,#3540,.T.);
#4512=ORIENTED_EDGE('',*,*,#3526,.T.);
#4513=ORIENTED_EDGE('',*,*,#3541,.T.);
#4514=ORIENTED_EDGE('',*,*,#3537,.T.);
#4515=ORIENTED_EDGE('',*,*,#3542,.T.);
#4516=ORIENTED_EDGE('',*,*,#3535,.T.);
#4517=ORIENTED_EDGE('',*,*,#3543,.T.);
#4518=ORIENTED_EDGE('',*,*,#3531,.T.);
#4519=ORIENTED_EDGE('',*,*,#3544,.T.);
#4520=ORIENTED_EDGE('',*,*,#3529,.T.);
#4521=ORIENTED_EDGE('',*,*,#3545,.T.);
#4522=ORIENTED_EDGE('',*,*,#3520,.T.);
#4523=ORIENTED_EDGE('',*,*,#3546,.T.);
#4524=ORIENTED_EDGE('',*,*,#3547,.T.);
#4525=ORIENTED_EDGE('',*,*,#3548,.T.);
#4526=ORIENTED_EDGE('',*,*,#3524,.T.);
#4527=ORIENTED_EDGE('',*,*,#3549,.T.);
#4528=ORIENTED_EDGE('',*,*,#3523,.F.);
#4529=ORIENTED_EDGE('',*,*,#3528,.F.);
#4530=ORIENTED_EDGE('',*,*,#3548,.F.);
#4531=ORIENTED_EDGE('',*,*,#3550,.F.);
#4532=ORIENTED_EDGE('',*,*,#3549,.F.);
#4533=ORIENTED_EDGE('',*,*,#3542,.F.);
#4534=ORIENTED_EDGE('',*,*,#3539,.F.);
#4535=ORIENTED_EDGE('',*,*,#3551,.F.);
#4536=ORIENTED_EDGE('',*,*,#3521,.F.);
#4537=ORIENTED_EDGE('',*,*,#3550,.T.);
#4538=ORIENTED_EDGE('',*,*,#3547,.F.);
#4539=ORIENTED_EDGE('',*,*,#3551,.T.);
#4540=ORIENTED_EDGE('',*,*,#3538,.F.);
#4541=ORIENTED_EDGE('',*,*,#3552,.T.);
#4542=ORIENTED_EDGE('',*,*,#3532,.F.);
#4543=ORIENTED_EDGE('',*,*,#3553,.T.);
#4544=ORIENTED_EDGE('',*,*,#3554,.F.);
#4545=ORIENTED_EDGE('',*,*,#3555,.F.);
#4546=ORIENTED_EDGE('',*,*,#3556,.F.);
#4547=ORIENTED_EDGE('',*,*,#3557,.F.);
#4548=ORIENTED_EDGE('',*,*,#3558,.F.);
#4549=ORIENTED_EDGE('',*,*,#3559,.F.);
#4550=ORIENTED_EDGE('',*,*,#3560,.F.);
#4551=ORIENTED_EDGE('',*,*,#3561,.F.);
#4552=ORIENTED_EDGE('',*,*,#3527,.F.);
#4553=ORIENTED_EDGE('',*,*,#3545,.F.);
#4554=ORIENTED_EDGE('',*,*,#3543,.F.);
#4555=ORIENTED_EDGE('',*,*,#3541,.F.);
#4556=ORIENTED_EDGE('',*,*,#3508,.T.);
#4557=ORIENTED_EDGE('',*,*,#3515,.T.);
#4558=ORIENTED_EDGE('',*,*,#3513,.T.);
#4559=ORIENTED_EDGE('',*,*,#3511,.T.);
#4560=ORIENTED_EDGE('',*,*,#3562,.F.);
#4561=ORIENTED_EDGE('',*,*,#3563,.F.);
#4562=ORIENTED_EDGE('',*,*,#3564,.F.);
#4563=ORIENTED_EDGE('',*,*,#3555,.T.);
#4564=ORIENTED_EDGE('',*,*,#3565,.T.);
#4565=ORIENTED_EDGE('',*,*,#3563,.T.);
#4566=ORIENTED_EDGE('',*,*,#3566,.T.);
#4567=ORIENTED_EDGE('',*,*,#3567,.F.);
#4568=ORIENTED_EDGE('',*,*,#3568,.F.);
#4569=ORIENTED_EDGE('',*,*,#3569,.F.);
#4570=ORIENTED_EDGE('',*,*,#3561,.T.);
#4571=ORIENTED_EDGE('',*,*,#3570,.T.);
#4572=ORIENTED_EDGE('',*,*,#3568,.T.);
#4573=ORIENTED_EDGE('',*,*,#3571,.T.);
#4574=ORIENTED_EDGE('',*,*,#3572,.F.);
#4575=ORIENTED_EDGE('',*,*,#3573,.F.);
#4576=ORIENTED_EDGE('',*,*,#3574,.F.);
#4577=ORIENTED_EDGE('',*,*,#3557,.T.);
#4578=ORIENTED_EDGE('',*,*,#3575,.T.);
#4579=ORIENTED_EDGE('',*,*,#3573,.T.);
#4580=ORIENTED_EDGE('',*,*,#3576,.T.);
#4581=ORIENTED_EDGE('',*,*,#3562,.T.);
#4582=ORIENTED_EDGE('',*,*,#3577,.T.);
#4583=ORIENTED_EDGE('',*,*,#3574,.T.);
#4584=ORIENTED_EDGE('',*,*,#3578,.T.);
#4585=ORIENTED_EDGE('',*,*,#3579,.F.);
#4586=ORIENTED_EDGE('',*,*,#3580,.F.);
#4587=ORIENTED_EDGE('',*,*,#3581,.F.);
#4588=ORIENTED_EDGE('',*,*,#3559,.T.);
#4589=ORIENTED_EDGE('',*,*,#3582,.T.);
#4590=ORIENTED_EDGE('',*,*,#3580,.T.);
#4591=ORIENTED_EDGE('',*,*,#3583,.T.);
#4592=ORIENTED_EDGE('',*,*,#3572,.T.);
#4593=ORIENTED_EDGE('',*,*,#3584,.T.);
#4594=ORIENTED_EDGE('',*,*,#3581,.T.);
#4595=ORIENTED_EDGE('',*,*,#3585,.T.);
#4596=ORIENTED_EDGE('',*,*,#3579,.T.);
#4597=ORIENTED_EDGE('',*,*,#3586,.T.);
#4598=ORIENTED_EDGE('',*,*,#3569,.T.);
#4599=ORIENTED_EDGE('',*,*,#3587,.T.);
#4600=ORIENTED_EDGE('',*,*,#3567,.T.);
#4601=ORIENTED_EDGE('',*,*,#3588,.T.);
#4602=ORIENTED_EDGE('',*,*,#3564,.T.);
#4603=ORIENTED_EDGE('',*,*,#3589,.T.);
#4604=ORIENTED_EDGE('',*,*,#3566,.F.);
#4605=ORIENTED_EDGE('',*,*,#3578,.F.);
#4606=ORIENTED_EDGE('',*,*,#3575,.F.);
#4607=ORIENTED_EDGE('',*,*,#3556,.T.);
#4608=ORIENTED_EDGE('',*,*,#3576,.F.);
#4609=ORIENTED_EDGE('',*,*,#3585,.F.);
#4610=ORIENTED_EDGE('',*,*,#3582,.F.);
#4611=ORIENTED_EDGE('',*,*,#3558,.T.);
#4612=ORIENTED_EDGE('',*,*,#3577,.F.);
#4613=ORIENTED_EDGE('',*,*,#3588,.F.);
#4614=ORIENTED_EDGE('',*,*,#3586,.F.);
#4615=ORIENTED_EDGE('',*,*,#3584,.F.);
#4616=ORIENTED_EDGE('',*,*,#3507,.T.);
#4617=ORIENTED_EDGE('',*,*,#3590,.T.);
#4618=ORIENTED_EDGE('',*,*,#3516,.T.);
#4619=ORIENTED_EDGE('',*,*,#3504,.T.);
#4620=ORIENTED_EDGE('',*,*,#3522,.F.);
#4621=ORIENTED_EDGE('',*,*,#3553,.F.);
#4622=ORIENTED_EDGE('',*,*,#3534,.F.);
#4623=ORIENTED_EDGE('',*,*,#3546,.F.);
#4624=ORIENTED_EDGE('',*,*,#3533,.F.);
#4625=ORIENTED_EDGE('',*,*,#3552,.F.);
#4626=ORIENTED_EDGE('',*,*,#3540,.F.);
#4627=ORIENTED_EDGE('',*,*,#3544,.F.);
#4628=ORIENTED_EDGE('',*,*,#3502,.F.);
#4629=ORIENTED_EDGE('',*,*,#3517,.F.);
#4630=ORIENTED_EDGE('',*,*,#3590,.F.);
#4631=ORIENTED_EDGE('',*,*,#3506,.T.);
#4632=ORIENTED_EDGE('',*,*,#3570,.F.);
#4633=ORIENTED_EDGE('',*,*,#3560,.T.);
#4634=ORIENTED_EDGE('',*,*,#3583,.F.);
#4635=ORIENTED_EDGE('',*,*,#3587,.F.);
#4636=ORIENTED_EDGE('',*,*,#3565,.F.);
#4637=ORIENTED_EDGE('',*,*,#3554,.T.);
#4638=ORIENTED_EDGE('',*,*,#3571,.F.);
#4639=ORIENTED_EDGE('',*,*,#3589,.F.);
#4640=ORIENTED_EDGE('',*,*,#3591,.T.);
#4641=ORIENTED_EDGE('',*,*,#3592,.T.);
#4642=ORIENTED_EDGE('',*,*,#3593,.F.);
#4643=ORIENTED_EDGE('',*,*,#3594,.T.);
#4644=ORIENTED_EDGE('',*,*,#3595,.F.);
#4645=ORIENTED_EDGE('',*,*,#3596,.T.);
#4646=ORIENTED_EDGE('',*,*,#3597,.T.);
#4647=ORIENTED_EDGE('',*,*,#3598,.T.);
#4648=ORIENTED_EDGE('',*,*,#3599,.F.);
#4649=ORIENTED_EDGE('',*,*,#3600,.F.);
#4650=ORIENTED_EDGE('',*,*,#3601,.F.);
#4651=ORIENTED_EDGE('',*,*,#3602,.T.);
#4652=ORIENTED_EDGE('',*,*,#3603,.T.);
#4653=ORIENTED_EDGE('',*,*,#3604,.T.);
#4654=ORIENTED_EDGE('',*,*,#3605,.T.);
#4655=ORIENTED_EDGE('',*,*,#3606,.T.);
#4656=ORIENTED_EDGE('',*,*,#3607,.T.);
#4657=ORIENTED_EDGE('',*,*,#3608,.T.);
#4658=ORIENTED_EDGE('',*,*,#3609,.T.);
#4659=ORIENTED_EDGE('',*,*,#3595,.T.);
#4660=ORIENTED_EDGE('',*,*,#3610,.T.);
#4661=ORIENTED_EDGE('',*,*,#3606,.F.);
#4662=ORIENTED_EDGE('',*,*,#3611,.T.);
#4663=ORIENTED_EDGE('',*,*,#3612,.T.);
#4664=ORIENTED_EDGE('',*,*,#3613,.T.);
#4665=ORIENTED_EDGE('',*,*,#3608,.F.);
#4666=ORIENTED_EDGE('',*,*,#3609,.F.);
#4667=ORIENTED_EDGE('',*,*,#3614,.F.);
#4668=ORIENTED_EDGE('',*,*,#3615,.F.);
#4669=ORIENTED_EDGE('',*,*,#3596,.F.);
#4670=ORIENTED_EDGE('',*,*,#3605,.F.);
#4671=ORIENTED_EDGE('',*,*,#3616,.T.);
#4672=ORIENTED_EDGE('',*,*,#3617,.F.);
#4673=ORIENTED_EDGE('',*,*,#3618,.F.);
#4674=ORIENTED_EDGE('',*,*,#3614,.T.);
#4675=ORIENTED_EDGE('',*,*,#3613,.F.);
#4676=ORIENTED_EDGE('',*,*,#3619,.F.);
#4677=ORIENTED_EDGE('',*,*,#3620,.T.);
#4678=ORIENTED_EDGE('',*,*,#3616,.F.);
#4679=ORIENTED_EDGE('',*,*,#3621,.T.);
#4680=ORIENTED_EDGE('',*,*,#3622,.T.);
#4681=ORIENTED_EDGE('',*,*,#3623,.T.);
#4682=ORIENTED_EDGE('',*,*,#3624,.T.);
#4683=ORIENTED_EDGE('',*,*,#3625,.T.);
#4684=ORIENTED_EDGE('',*,*,#3626,.T.);
#4685=ORIENTED_EDGE('',*,*,#3627,.T.);
#4686=ORIENTED_EDGE('',*,*,#3628,.T.);
#4687=ORIENTED_EDGE('',*,*,#3625,.F.);
#4688=ORIENTED_EDGE('',*,*,#3629,.T.);
#4689=ORIENTED_EDGE('',*,*,#3630,.T.);
#4690=ORIENTED_EDGE('',*,*,#3631,.T.);
#4691=ORIENTED_EDGE('',*,*,#3632,.T.);
#4692=ORIENTED_EDGE('',*,*,#3633,.T.);
#4693=ORIENTED_EDGE('',*,*,#3627,.F.);
#4694=ORIENTED_EDGE('',*,*,#3634,.T.);
#4695=ORIENTED_EDGE('',*,*,#3635,.T.);
#4696=ORIENTED_EDGE('',*,*,#3636,.T.);
#4697=ORIENTED_EDGE('',*,*,#3637,.T.);
#4698=ORIENTED_EDGE('',*,*,#3638,.T.);
#4699=ORIENTED_EDGE('',*,*,#3632,.F.);
#4700=ORIENTED_EDGE('',*,*,#3639,.T.);
#4701=ORIENTED_EDGE('',*,*,#3640,.T.);
#4702=ORIENTED_EDGE('',*,*,#3641,.T.);
#4703=ORIENTED_EDGE('',*,*,#3642,.T.);
#4704=ORIENTED_EDGE('',*,*,#3637,.F.);
#4705=ORIENTED_EDGE('',*,*,#3643,.T.);
#4706=ORIENTED_EDGE('',*,*,#3622,.F.);
#4707=ORIENTED_EDGE('',*,*,#3644,.T.);
#4708=ORIENTED_EDGE('',*,*,#3600,.T.);
#4709=ORIENTED_EDGE('',*,*,#3645,.T.);
#4710=ORIENTED_EDGE('',*,*,#3646,.T.);
#4711=ORIENTED_EDGE('',*,*,#3647,.T.);
#4712=ORIENTED_EDGE('',*,*,#3648,.T.);
#4713=ORIENTED_EDGE('',*,*,#3621,.F.);
#4714=ORIENTED_EDGE('',*,*,#3628,.F.);
#4715=ORIENTED_EDGE('',*,*,#3649,.F.);
#4716=ORIENTED_EDGE('',*,*,#3650,.F.);
#4717=ORIENTED_EDGE('',*,*,#3591,.F.);
#4718=ORIENTED_EDGE('',*,*,#3601,.T.);
#4719=ORIENTED_EDGE('',*,*,#3644,.F.);
#4720=ORIENTED_EDGE('',*,*,#3633,.F.);
#4721=ORIENTED_EDGE('',*,*,#3651,.F.);
#4722=ORIENTED_EDGE('',*,*,#3652,.T.);
#4723=ORIENTED_EDGE('',*,*,#3649,.T.);
#4724=ORIENTED_EDGE('',*,*,#3638,.F.);
#4725=ORIENTED_EDGE('',*,*,#3653,.T.);
#4726=ORIENTED_EDGE('',*,*,#3654,.T.);
#4727=ORIENTED_EDGE('',*,*,#3651,.T.);
#4728=ORIENTED_EDGE('',*,*,#3642,.F.);
#4729=ORIENTED_EDGE('',*,*,#3655,.F.);
#4730=ORIENTED_EDGE('',*,*,#3656,.F.);
#4731=ORIENTED_EDGE('',*,*,#3653,.F.);
#4732=ORIENTED_EDGE('',*,*,#3643,.F.);
#4733=ORIENTED_EDGE('',*,*,#3636,.F.);
#4734=ORIENTED_EDGE('',*,*,#3657,.F.);
#4735=ORIENTED_EDGE('',*,*,#3658,.F.);
#4736=ORIENTED_EDGE('',*,*,#3631,.F.);
#4737=ORIENTED_EDGE('',*,*,#3659,.T.);
#4738=ORIENTED_EDGE('',*,*,#3639,.F.);
#4739=ORIENTED_EDGE('',*,*,#3624,.F.);
#4740=ORIENTED_EDGE('',*,*,#3660,.T.);
#4741=ORIENTED_EDGE('',*,*,#3661,.T.);
#4742=ORIENTED_EDGE('',*,*,#3623,.F.);
#4743=ORIENTED_EDGE('',*,*,#3648,.F.);
#4744=ORIENTED_EDGE('',*,*,#3662,.T.);
#4745=ORIENTED_EDGE('',*,*,#3663,.T.);
#4746=ORIENTED_EDGE('',*,*,#3660,.F.);
#4747=ORIENTED_EDGE('',*,*,#3647,.F.);
#4748=ORIENTED_EDGE('',*,*,#3664,.F.);
#4749=ORIENTED_EDGE('',*,*,#3665,.F.);
#4750=ORIENTED_EDGE('',*,*,#3662,.F.);
#4751=ORIENTED_EDGE('',*,*,#3666,.T.);
#4752=ORIENTED_EDGE('',*,*,#3667,.T.);
#4753=ORIENTED_EDGE('',*,*,#3668,.F.);
#4754=ORIENTED_EDGE('',*,*,#3669,.T.);
#4755=ORIENTED_EDGE('',*,*,#3670,.F.);
#4756=ORIENTED_EDGE('',*,*,#3671,.T.);
#4757=ORIENTED_EDGE('',*,*,#3672,.T.);
#4758=ORIENTED_EDGE('',*,*,#3673,.T.);
#4759=ORIENTED_EDGE('',*,*,#3674,.F.);
#4760=ORIENTED_EDGE('',*,*,#3675,.F.);
#4761=ORIENTED_EDGE('',*,*,#3676,.F.);
#4762=ORIENTED_EDGE('',*,*,#3677,.T.);
#4763=ORIENTED_EDGE('',*,*,#3678,.T.);
#4764=ORIENTED_EDGE('',*,*,#3679,.T.);
#4765=ORIENTED_EDGE('',*,*,#3680,.T.);
#4766=ORIENTED_EDGE('',*,*,#3681,.T.);
#4767=ORIENTED_EDGE('',*,*,#3682,.T.);
#4768=ORIENTED_EDGE('',*,*,#3683,.T.);
#4769=ORIENTED_EDGE('',*,*,#3684,.T.);
#4770=ORIENTED_EDGE('',*,*,#3685,.T.);
#4771=ORIENTED_EDGE('',*,*,#3686,.T.);
#4772=ORIENTED_EDGE('',*,*,#3681,.F.);
#4773=ORIENTED_EDGE('',*,*,#3687,.T.);
#4774=ORIENTED_EDGE('',*,*,#3675,.T.);
#4775=ORIENTED_EDGE('',*,*,#3688,.T.);
#4776=ORIENTED_EDGE('',*,*,#3683,.F.);
#4777=ORIENTED_EDGE('',*,*,#3684,.F.);
#4778=ORIENTED_EDGE('',*,*,#3689,.F.);
#4779=ORIENTED_EDGE('',*,*,#3690,.T.);
#4780=ORIENTED_EDGE('',*,*,#3691,.F.);
#4781=ORIENTED_EDGE('',*,*,#3680,.F.);
#4782=ORIENTED_EDGE('',*,*,#3692,.T.);
#4783=ORIENTED_EDGE('',*,*,#3693,.T.);
#4784=ORIENTED_EDGE('',*,*,#3694,.T.);
#4785=ORIENTED_EDGE('',*,*,#3689,.T.);
#4786=ORIENTED_EDGE('',*,*,#3688,.F.);
#4787=ORIENTED_EDGE('',*,*,#3679,.F.);
#4788=ORIENTED_EDGE('',*,*,#3695,.F.);
#4789=ORIENTED_EDGE('',*,*,#3692,.F.);
#4790=ORIENTED_EDGE('',*,*,#3696,.T.);
#4791=ORIENTED_EDGE('',*,*,#3697,.T.);
#4792=ORIENTED_EDGE('',*,*,#3698,.T.);
#4793=ORIENTED_EDGE('',*,*,#3699,.T.);
#4794=ORIENTED_EDGE('',*,*,#3700,.T.);
#4795=ORIENTED_EDGE('',*,*,#3701,.T.);
#4796=ORIENTED_EDGE('',*,*,#3670,.T.);
#4797=ORIENTED_EDGE('',*,*,#3700,.F.);
#4798=ORIENTED_EDGE('',*,*,#3702,.T.);
#4799=ORIENTED_EDGE('',*,*,#3703,.T.);
#4800=ORIENTED_EDGE('',*,*,#3704,.T.);
#4801=ORIENTED_EDGE('',*,*,#3705,.T.);
#4802=ORIENTED_EDGE('',*,*,#3699,.F.);
#4803=ORIENTED_EDGE('',*,*,#3706,.F.);
#4804=ORIENTED_EDGE('',*,*,#3707,.F.);
#4805=ORIENTED_EDGE('',*,*,#3702,.F.);
#4806=ORIENTED_EDGE('',*,*,#3698,.F.);
#4807=ORIENTED_EDGE('',*,*,#3708,.F.);
#4808=ORIENTED_EDGE('',*,*,#3709,.T.);
#4809=ORIENTED_EDGE('',*,*,#3710,.T.);
#4810=ORIENTED_EDGE('',*,*,#3706,.T.);
#4811=ORIENTED_EDGE('',*,*,#3697,.F.);
#4812=ORIENTED_EDGE('',*,*,#3711,.T.);
#4813=ORIENTED_EDGE('',*,*,#3712,.T.);
#4814=ORIENTED_EDGE('',*,*,#3713,.T.);
#4815=ORIENTED_EDGE('',*,*,#3708,.T.);
#4816=ORIENTED_EDGE('',*,*,#3714,.T.);
#4817=ORIENTED_EDGE('',*,*,#3715,.T.);
#4818=ORIENTED_EDGE('',*,*,#3716,.T.);
#4819=ORIENTED_EDGE('',*,*,#3717,.T.);
#4820=ORIENTED_EDGE('',*,*,#3712,.F.);
#4821=ORIENTED_EDGE('',*,*,#3718,.T.);
#4822=ORIENTED_EDGE('',*,*,#3719,.T.);
#4823=ORIENTED_EDGE('',*,*,#3720,.T.);
#4824=ORIENTED_EDGE('',*,*,#3721,.T.);
#4825=ORIENTED_EDGE('',*,*,#3722,.T.);
#4826=ORIENTED_EDGE('',*,*,#3723,.T.);
#4827=ORIENTED_EDGE('',*,*,#3724,.T.);
#4828=ORIENTED_EDGE('',*,*,#3725,.T.);
#4829=ORIENTED_EDGE('',*,*,#3718,.F.);
#4830=ORIENTED_EDGE('',*,*,#3726,.T.);
#4831=ORIENTED_EDGE('',*,*,#3727,.T.);
#4832=ORIENTED_EDGE('',*,*,#3728,.T.);
#4833=ORIENTED_EDGE('',*,*,#3715,.F.);
#4834=ORIENTED_EDGE('',*,*,#3729,.T.);
#4835=ORIENTED_EDGE('',*,*,#3724,.F.);
#4836=ORIENTED_EDGE('',*,*,#3730,.T.);
#4837=ORIENTED_EDGE('',*,*,#3731,.T.);
#4838=ORIENTED_EDGE('',*,*,#3696,.F.);
#4839=ORIENTED_EDGE('',*,*,#3674,.T.);
#4840=ORIENTED_EDGE('',*,*,#3668,.T.);
#4841=ORIENTED_EDGE('',*,*,#3732,.T.);
#4842=ORIENTED_EDGE('',*,*,#3733,.T.);
#4843=ORIENTED_EDGE('',*,*,#3714,.F.);
#4844=ORIENTED_EDGE('',*,*,#3711,.F.);
#4845=ORIENTED_EDGE('',*,*,#3713,.F.);
#4846=ORIENTED_EDGE('',*,*,#3734,.T.);
#4847=ORIENTED_EDGE('',*,*,#3709,.F.);
#4848=ORIENTED_EDGE('',*,*,#3716,.F.);
#4849=ORIENTED_EDGE('',*,*,#3728,.F.);
#4850=ORIENTED_EDGE('',*,*,#3735,.T.);
#4851=ORIENTED_EDGE('',*,*,#3736,.F.);
#4852=ORIENTED_EDGE('',*,*,#3737,.F.);
#4853=ORIENTED_EDGE('',*,*,#3738,.F.);
#4854=ORIENTED_EDGE('',*,*,#3730,.F.);
#4855=ORIENTED_EDGE('',*,*,#3723,.F.);
#4856=ORIENTED_EDGE('',*,*,#3739,.F.);
#4857=ORIENTED_EDGE('',*,*,#3721,.F.);
#4858=ORIENTED_EDGE('',*,*,#3740,.F.);
#4859=ORIENTED_EDGE('',*,*,#3741,.T.);
#4860=ORIENTED_EDGE('',*,*,#3726,.F.);
#4861=ORIENTED_EDGE('',*,*,#3717,.F.);
#4862=ORIENTED_EDGE('',*,*,#3738,.T.);
#4863=ORIENTED_EDGE('',*,*,#3742,.F.);
#4864=ORIENTED_EDGE('',*,*,#3734,.F.);
#4865=ORIENTED_EDGE('',*,*,#3731,.F.);
#4866=ORIENTED_EDGE('',*,*,#3739,.T.);
#4867=ORIENTED_EDGE('',*,*,#3722,.F.);
#4868=ORIENTED_EDGE('',*,*,#3743,.T.);
#4869=ORIENTED_EDGE('',*,*,#3744,.F.);
#4870=ORIENTED_EDGE('',*,*,#3735,.F.);
#4871=ORIENTED_EDGE('',*,*,#3629,.F.);
#4872=ORIENTED_EDGE('',*,*,#3661,.F.);
#4873=ORIENTED_EDGE('',*,*,#3745,.T.);
#4874=ORIENTED_EDGE('',*,*,#3746,.F.);
#4875=ORIENTED_EDGE('',*,*,#3592,.F.);
#4876=ORIENTED_EDGE('',*,*,#3650,.T.);
#4877=ORIENTED_EDGE('',*,*,#3652,.F.);
#4878=ORIENTED_EDGE('',*,*,#3654,.F.);
#4879=ORIENTED_EDGE('',*,*,#3656,.T.);
#4880=ORIENTED_EDGE('',*,*,#3747,.F.);
#4881=ORIENTED_EDGE('',*,*,#3748,.F.);
#4882=ORIENTED_EDGE('',*,*,#3610,.F.);
#4883=ORIENTED_EDGE('',*,*,#3599,.T.);
#4884=ORIENTED_EDGE('',*,*,#3593,.T.);
#4885=ORIENTED_EDGE('',*,*,#3748,.T.);
#4886=ORIENTED_EDGE('',*,*,#3749,.F.);
#4887=ORIENTED_EDGE('',*,*,#3611,.F.);
#4888=ORIENTED_EDGE('',*,*,#3607,.F.);
#4889=ORIENTED_EDGE('',*,*,#3645,.F.);
#4890=ORIENTED_EDGE('',*,*,#3604,.F.);
#4891=ORIENTED_EDGE('',*,*,#3750,.F.);
#4892=ORIENTED_EDGE('',*,*,#3671,.F.);
#4893=ORIENTED_EDGE('',*,*,#3701,.F.);
#4894=ORIENTED_EDGE('',*,*,#3705,.F.);
#4895=ORIENTED_EDGE('',*,*,#3751,.F.);
#4896=ORIENTED_EDGE('',*,*,#3752,.F.);
#4897=ORIENTED_EDGE('',*,*,#3725,.F.);
#4898=ORIENTED_EDGE('',*,*,#3753,.T.);
#4899=ORIENTED_EDGE('',*,*,#3754,.T.);
#4900=ORIENTED_EDGE('',*,*,#3755,.T.);
#4901=ORIENTED_EDGE('',*,*,#3719,.F.);
#4902=ORIENTED_EDGE('',*,*,#3755,.F.);
#4903=ORIENTED_EDGE('',*,*,#3756,.T.);
#4904=ORIENTED_EDGE('',*,*,#3757,.T.);
#4905=ORIENTED_EDGE('',*,*,#3729,.F.);
#4906=ORIENTED_EDGE('',*,*,#3733,.F.);
#4907=ORIENTED_EDGE('',*,*,#3758,.T.);
#4908=ORIENTED_EDGE('',*,*,#3753,.F.);
#4909=ORIENTED_EDGE('',*,*,#3686,.F.);
#4910=ORIENTED_EDGE('',*,*,#3759,.T.);
#4911=ORIENTED_EDGE('',*,*,#3760,.F.);
#4912=ORIENTED_EDGE('',*,*,#3666,.F.);
#4913=ORIENTED_EDGE('',*,*,#3676,.T.);
#4914=ORIENTED_EDGE('',*,*,#3687,.F.);
#4915=ORIENTED_EDGE('',*,*,#3682,.F.);
#4916=ORIENTED_EDGE('',*,*,#3667,.F.);
#4917=ORIENTED_EDGE('',*,*,#3760,.T.);
#4918=ORIENTED_EDGE('',*,*,#3761,.T.);
#4919=ORIENTED_EDGE('',*,*,#3756,.F.);
#4920=ORIENTED_EDGE('',*,*,#3754,.F.);
#4921=ORIENTED_EDGE('',*,*,#3758,.F.);
#4922=ORIENTED_EDGE('',*,*,#3732,.F.);
#4923=ORIENTED_EDGE('',*,*,#3762,.F.);
#4924=ORIENTED_EDGE('',*,*,#3763,.F.);
#4925=ORIENTED_EDGE('',*,*,#3764,.F.);
#4926=ORIENTED_EDGE('',*,*,#3765,.T.);
#4927=ORIENTED_EDGE('',*,*,#3764,.T.);
#4928=ORIENTED_EDGE('',*,*,#3766,.T.);
#4929=ORIENTED_EDGE('',*,*,#3767,.T.);
#4930=ORIENTED_EDGE('',*,*,#3704,.F.);
#4931=ORIENTED_EDGE('',*,*,#3768,.F.);
#4932=ORIENTED_EDGE('',*,*,#3769,.F.);
#4933=ORIENTED_EDGE('',*,*,#3768,.T.);
#4934=ORIENTED_EDGE('',*,*,#3770,.T.);
#4935=ORIENTED_EDGE('',*,*,#3763,.T.);
#4936=ORIENTED_EDGE('',*,*,#3771,.T.);
#4937=ORIENTED_EDGE('',*,*,#3772,.F.);
#4938=ORIENTED_EDGE('',*,*,#3773,.F.);
#4939=ORIENTED_EDGE('',*,*,#3774,.F.);
#4940=ORIENTED_EDGE('',*,*,#3775,.F.);
#4941=ORIENTED_EDGE('',*,*,#3776,.F.);
#4942=ORIENTED_EDGE('',*,*,#3777,.F.);
#4943=ORIENTED_EDGE('',*,*,#3776,.T.);
#4944=ORIENTED_EDGE('',*,*,#3778,.T.);
#4945=ORIENTED_EDGE('',*,*,#3773,.T.);
#4946=ORIENTED_EDGE('',*,*,#3779,.T.);
#4947=ORIENTED_EDGE('',*,*,#3678,.F.);
#4948=ORIENTED_EDGE('',*,*,#3780,.F.);
#4949=ORIENTED_EDGE('',*,*,#3781,.F.);
#4950=ORIENTED_EDGE('',*,*,#3782,.T.);
#4951=ORIENTED_EDGE('',*,*,#3783,.T.);
#4952=ORIENTED_EDGE('',*,*,#3780,.T.);
#4953=ORIENTED_EDGE('',*,*,#3784,.T.);
#4954=ORIENTED_EDGE('',*,*,#3695,.T.);
#4955=ORIENTED_EDGE('',*,*,#3781,.T.);
#4956=ORIENTED_EDGE('',*,*,#3785,.T.);
#4957=ORIENTED_EDGE('',*,*,#3693,.F.);
#4958=ORIENTED_EDGE('',*,*,#3786,.F.);
#4959=ORIENTED_EDGE('',*,*,#3787,.F.);
#4960=ORIENTED_EDGE('',*,*,#3672,.F.);
#4961=ORIENTED_EDGE('',*,*,#3788,.T.);
#4962=ORIENTED_EDGE('',*,*,#3789,.T.);
#4963=ORIENTED_EDGE('',*,*,#3787,.T.);
#4964=ORIENTED_EDGE('',*,*,#3790,.T.);
#4965=ORIENTED_EDGE('',*,*,#3603,.F.);
#4966=ORIENTED_EDGE('',*,*,#3791,.F.);
#4967=ORIENTED_EDGE('',*,*,#3792,.F.);
#4968=ORIENTED_EDGE('',*,*,#3793,.T.);
#4969=ORIENTED_EDGE('',*,*,#3794,.T.);
#4970=ORIENTED_EDGE('',*,*,#3791,.T.);
#4971=ORIENTED_EDGE('',*,*,#3795,.T.);
#4972=ORIENTED_EDGE('',*,*,#3786,.T.);
#4973=ORIENTED_EDGE('',*,*,#3750,.T.);
#4974=ORIENTED_EDGE('',*,*,#3792,.T.);
#4975=ORIENTED_EDGE('',*,*,#3796,.T.);
#4976=ORIENTED_EDGE('',*,*,#3797,.F.);
#4977=ORIENTED_EDGE('',*,*,#3798,.F.);
#4978=ORIENTED_EDGE('',*,*,#3597,.F.);
#4979=ORIENTED_EDGE('',*,*,#3799,.T.);
#4980=ORIENTED_EDGE('',*,*,#3800,.T.);
#4981=ORIENTED_EDGE('',*,*,#3798,.T.);
#4982=ORIENTED_EDGE('',*,*,#3801,.T.);
#4983=ORIENTED_EDGE('',*,*,#3802,.T.);
#4984=ORIENTED_EDGE('',*,*,#3797,.T.);
#4985=ORIENTED_EDGE('',*,*,#3615,.T.);
#4986=ORIENTED_EDGE('',*,*,#3618,.T.);
#4987=ORIENTED_EDGE('',*,*,#3646,.F.);
#4988=ORIENTED_EDGE('',*,*,#3752,.T.);
#4989=ORIENTED_EDGE('',*,*,#3777,.T.);
#4990=ORIENTED_EDGE('',*,*,#3803,.T.);
#4991=ORIENTED_EDGE('',*,*,#3664,.T.);
#4992=ORIENTED_EDGE('',*,*,#3804,.F.);
#4993=ORIENTED_EDGE('',*,*,#3805,.T.);
#4994=ORIENTED_EDGE('',*,*,#3806,.T.);
#4995=ORIENTED_EDGE('',*,*,#3807,.T.);
#4996=ORIENTED_EDGE('',*,*,#3808,.T.);
#4997=ORIENTED_EDGE('',*,*,#3809,.T.);
#4998=ORIENTED_EDGE('',*,*,#3806,.F.);
#4999=ORIENTED_EDGE('',*,*,#3810,.T.);
#5000=ORIENTED_EDGE('',*,*,#3808,.F.);
#5001=ORIENTED_EDGE('',*,*,#3811,.T.);
#5002=ORIENTED_EDGE('',*,*,#3665,.T.);
#5003=ORIENTED_EDGE('',*,*,#3812,.T.);
#5004=ORIENTED_EDGE('',*,*,#3775,.T.);
#5005=ORIENTED_EDGE('',*,*,#3751,.T.);
#5006=ORIENTED_EDGE('',*,*,#3769,.T.);
#5007=ORIENTED_EDGE('',*,*,#3813,.T.);
#5008=ORIENTED_EDGE('',*,*,#3774,.T.);
#5009=ORIENTED_EDGE('',*,*,#3814,.T.);
#5010=ORIENTED_EDGE('',*,*,#3762,.T.);
#5011=ORIENTED_EDGE('',*,*,#3815,.T.);
#5012=ORIENTED_EDGE('',*,*,#3816,.T.);
#5013=ORIENTED_EDGE('',*,*,#3772,.T.);
#5014=ORIENTED_EDGE('',*,*,#3817,.T.);
#5015=ORIENTED_EDGE('',*,*,#3818,.T.);
#5016=ORIENTED_EDGE('',*,*,#3819,.T.);
#5017=ORIENTED_EDGE('',*,*,#3818,.F.);
#5018=ORIENTED_EDGE('',*,*,#3820,.T.);
#5019=ORIENTED_EDGE('',*,*,#3767,.F.);
#5020=ORIENTED_EDGE('',*,*,#3821,.T.);
#5021=ORIENTED_EDGE('',*,*,#3822,.T.);
#5022=ORIENTED_EDGE('',*,*,#3707,.T.);
#5023=ORIENTED_EDGE('',*,*,#3823,.T.);
#5024=ORIENTED_EDGE('',*,*,#3824,.T.);
#5025=ORIENTED_EDGE('',*,*,#3825,.T.);
#5026=ORIENTED_EDGE('',*,*,#3821,.F.);
#5027=ORIENTED_EDGE('',*,*,#3736,.T.);
#5028=ORIENTED_EDGE('',*,*,#3826,.F.);
#5029=ORIENTED_EDGE('',*,*,#3827,.T.);
#5030=ORIENTED_EDGE('',*,*,#3824,.F.);
#5031=ORIENTED_EDGE('',*,*,#3744,.T.);
#5032=ORIENTED_EDGE('',*,*,#3784,.F.);
#5033=ORIENTED_EDGE('',*,*,#3677,.F.);
#5034=ORIENTED_EDGE('',*,*,#3669,.F.);
#5035=ORIENTED_EDGE('',*,*,#3673,.F.);
#5036=ORIENTED_EDGE('',*,*,#3789,.F.);
#5037=ORIENTED_EDGE('',*,*,#3828,.F.);
#5038=ORIENTED_EDGE('',*,*,#3790,.F.);
#5039=ORIENTED_EDGE('',*,*,#3796,.F.);
#5040=ORIENTED_EDGE('',*,*,#3794,.F.);
#5041=ORIENTED_EDGE('',*,*,#3829,.F.);
#5042=ORIENTED_EDGE('',*,*,#3795,.F.);
#5043=ORIENTED_EDGE('',*,*,#3602,.F.);
#5044=ORIENTED_EDGE('',*,*,#3594,.F.);
#5045=ORIENTED_EDGE('',*,*,#3598,.F.);
#5046=ORIENTED_EDGE('',*,*,#3800,.F.);
#5047=ORIENTED_EDGE('',*,*,#3830,.T.);
#5048=ORIENTED_EDGE('',*,*,#3782,.F.);
#5049=ORIENTED_EDGE('',*,*,#3828,.T.);
#5050=ORIENTED_EDGE('',*,*,#3788,.F.);
#5051=ORIENTED_EDGE('',*,*,#3829,.T.);
#5052=ORIENTED_EDGE('',*,*,#3793,.F.);
#5053=ORIENTED_EDGE('',*,*,#3830,.F.);
#5054=ORIENTED_EDGE('',*,*,#3799,.F.);
#5055=ORIENTED_EDGE('',*,*,#3831,.F.);
#5056=ORIENTED_EDGE('',*,*,#3832,.F.);
#5057=ORIENTED_EDGE('',*,*,#3833,.F.);
#5058=ORIENTED_EDGE('',*,*,#3834,.F.);
#5059=ORIENTED_EDGE('',*,*,#3835,.F.);
#5060=ORIENTED_EDGE('',*,*,#3785,.F.);
#5061=ORIENTED_EDGE('',*,*,#3783,.F.);
#5062=ORIENTED_EDGE('',*,*,#3831,.T.);
#5063=ORIENTED_EDGE('',*,*,#3801,.F.);
#5064=ORIENTED_EDGE('',*,*,#3802,.F.);
#5065=ORIENTED_EDGE('',*,*,#3836,.T.);
#5066=ORIENTED_EDGE('',*,*,#3837,.F.);
#5067=ORIENTED_EDGE('',*,*,#3838,.F.);
#5068=ORIENTED_EDGE('',*,*,#3839,.T.);
#5069=ORIENTED_EDGE('',*,*,#3840,.F.);
#5070=ORIENTED_EDGE('',*,*,#3841,.T.);
#5071=ORIENTED_EDGE('',*,*,#3842,.T.);
#5072=ORIENTED_EDGE('',*,*,#3843,.T.);
#5073=ORIENTED_EDGE('',*,*,#3844,.F.);
#5074=ORIENTED_EDGE('',*,*,#3663,.F.);
#5075=ORIENTED_EDGE('',*,*,#3811,.F.);
#5076=ORIENTED_EDGE('',*,*,#3845,.F.);
#5077=ORIENTED_EDGE('',*,*,#3745,.F.);
#5078=ORIENTED_EDGE('',*,*,#3626,.F.);
#5079=ORIENTED_EDGE('',*,*,#3746,.T.);
#5080=ORIENTED_EDGE('',*,*,#3845,.T.);
#5081=ORIENTED_EDGE('',*,*,#3810,.F.);
#5082=ORIENTED_EDGE('',*,*,#3846,.F.);
#5083=ORIENTED_EDGE('',*,*,#3634,.F.);
#5084=ORIENTED_EDGE('',*,*,#3630,.F.);
#5085=ORIENTED_EDGE('',*,*,#3846,.T.);
#5086=ORIENTED_EDGE('',*,*,#3805,.F.);
#5087=ORIENTED_EDGE('',*,*,#3847,.T.);
#5088=ORIENTED_EDGE('',*,*,#3640,.F.);
#5089=ORIENTED_EDGE('',*,*,#3659,.F.);
#5090=ORIENTED_EDGE('',*,*,#3765,.F.);
#5091=ORIENTED_EDGE('',*,*,#3820,.F.);
#5092=ORIENTED_EDGE('',*,*,#3817,.F.);
#5093=ORIENTED_EDGE('',*,*,#3815,.F.);
#5094=ORIENTED_EDGE('',*,*,#3778,.F.);
#5095=ORIENTED_EDGE('',*,*,#3813,.F.);
#5096=ORIENTED_EDGE('',*,*,#3771,.F.);
#5097=ORIENTED_EDGE('',*,*,#3814,.F.);
#5098=ORIENTED_EDGE('',*,*,#3832,.T.);
#5099=ORIENTED_EDGE('',*,*,#3848,.T.);
#5100=ORIENTED_EDGE('',*,*,#3849,.T.);
#5101=ORIENTED_EDGE('',*,*,#3850,.F.);
#5102=ORIENTED_EDGE('',*,*,#3835,.T.);
#5103=ORIENTED_EDGE('',*,*,#3851,.T.);
#5104=ORIENTED_EDGE('',*,*,#3852,.T.);
#5105=ORIENTED_EDGE('',*,*,#3848,.F.);
#5106=ORIENTED_EDGE('',*,*,#3853,.T.);
#5107=ORIENTED_EDGE('',*,*,#3854,.T.);
#5108=ORIENTED_EDGE('',*,*,#3833,.T.);
#5109=ORIENTED_EDGE('',*,*,#3850,.T.);
#5110=ORIENTED_EDGE('',*,*,#3834,.T.);
#5111=ORIENTED_EDGE('',*,*,#3854,.F.);
#5112=ORIENTED_EDGE('',*,*,#3855,.T.);
#5113=ORIENTED_EDGE('',*,*,#3851,.F.);
#5114=ORIENTED_EDGE('',*,*,#3853,.F.);
#5115=ORIENTED_EDGE('',*,*,#3856,.T.);
#5116=ORIENTED_EDGE('',*,*,#3857,.T.);
#5117=ORIENTED_EDGE('',*,*,#3858,.T.);
#5118=ORIENTED_EDGE('',*,*,#3859,.T.);
#5119=ORIENTED_EDGE('',*,*,#3856,.F.);
#5120=ORIENTED_EDGE('',*,*,#3849,.F.);
#5121=ORIENTED_EDGE('',*,*,#3860,.F.);
#5122=ORIENTED_EDGE('',*,*,#3861,.T.);
#5123=ORIENTED_EDGE('',*,*,#3862,.F.);
#5124=ORIENTED_EDGE('',*,*,#3827,.F.);
#5125=ORIENTED_EDGE('',*,*,#3863,.T.);
#5126=ORIENTED_EDGE('',*,*,#3766,.F.);
#5127=ORIENTED_EDGE('',*,*,#3770,.F.);
#5128=ORIENTED_EDGE('',*,*,#3703,.F.);
#5129=ORIENTED_EDGE('',*,*,#3822,.F.);
#5130=ORIENTED_EDGE('',*,*,#3825,.F.);
#5131=ORIENTED_EDGE('',*,*,#3635,.F.);
#5132=ORIENTED_EDGE('',*,*,#3847,.F.);
#5133=ORIENTED_EDGE('',*,*,#3804,.T.);
#5134=ORIENTED_EDGE('',*,*,#3864,.F.);
#5135=ORIENTED_EDGE('',*,*,#3819,.F.);
#5136=ORIENTED_EDGE('',*,*,#3863,.F.);
#5137=ORIENTED_EDGE('',*,*,#3826,.T.);
#5138=ORIENTED_EDGE('',*,*,#3743,.F.);
#5139=ORIENTED_EDGE('',*,*,#3727,.F.);
#5140=ORIENTED_EDGE('',*,*,#3741,.F.);
#5141=ORIENTED_EDGE('',*,*,#3865,.T.);
#5142=ORIENTED_EDGE('',*,*,#3657,.T.);
#5143=ORIENTED_EDGE('',*,*,#3816,.F.);
#5144=ORIENTED_EDGE('',*,*,#3864,.T.);
#5145=ORIENTED_EDGE('',*,*,#3807,.F.);
#5146=ORIENTED_EDGE('',*,*,#3809,.F.);
#5147=ORIENTED_EDGE('',*,*,#3812,.F.);
#5148=ORIENTED_EDGE('',*,*,#3803,.F.);
#5149=ORIENTED_EDGE('',*,*,#3779,.F.);
#5150=ORIENTED_EDGE('',*,*,#3855,.F.);
#5151=ORIENTED_EDGE('',*,*,#3858,.F.);
#5152=ORIENTED_EDGE('',*,*,#3866,.T.);
#5153=ORIENTED_EDGE('',*,*,#3867,.T.);
#5154=ORIENTED_EDGE('',*,*,#3868,.F.);
#5155=ORIENTED_EDGE('',*,*,#3869,.T.);
#5156=ORIENTED_EDGE('',*,*,#3870,.F.);
#5157=ORIENTED_EDGE('',*,*,#3871,.F.);
#5158=ORIENTED_EDGE('',*,*,#3872,.F.);
#5159=ORIENTED_EDGE('',*,*,#3873,.F.);
#5160=ORIENTED_EDGE('',*,*,#3620,.F.);
#5161=ORIENTED_EDGE('',*,*,#3874,.F.);
#5162=ORIENTED_EDGE('',*,*,#3690,.F.);
#5163=ORIENTED_EDGE('',*,*,#3875,.F.);
#5164=ORIENTED_EDGE('',*,*,#3876,.F.);
#5165=ORIENTED_EDGE('',*,*,#3877,.F.);
#5166=ORIENTED_EDGE('',*,*,#3878,.T.);
#5167=ORIENTED_EDGE('',*,*,#3879,.T.);
#5168=ORIENTED_EDGE('',*,*,#3880,.F.);
#5169=ORIENTED_EDGE('',*,*,#3881,.T.);
#5170=ORIENTED_EDGE('',*,*,#3882,.T.);
#5171=ORIENTED_EDGE('',*,*,#3883,.F.);
#5172=ORIENTED_EDGE('',*,*,#3710,.F.);
#5173=ORIENTED_EDGE('',*,*,#3742,.T.);
#5174=ORIENTED_EDGE('',*,*,#3737,.T.);
#5175=ORIENTED_EDGE('',*,*,#3823,.F.);
#5176=ORIENTED_EDGE('',*,*,#3878,.F.);
#5177=ORIENTED_EDGE('',*,*,#3884,.F.);
#5178=ORIENTED_EDGE('',*,*,#3885,.T.);
#5179=ORIENTED_EDGE('',*,*,#3886,.T.);
#5180=ORIENTED_EDGE('',*,*,#3887,.F.);
#5181=ORIENTED_EDGE('',*,*,#3888,.T.);
#5182=ORIENTED_EDGE('',*,*,#3889,.F.);
#5183=ORIENTED_EDGE('',*,*,#3890,.F.);
#5184=ORIENTED_EDGE('',*,*,#3891,.F.);
#5185=ORIENTED_EDGE('',*,*,#3890,.T.);
#5186=ORIENTED_EDGE('',*,*,#3892,.F.);
#5187=ORIENTED_EDGE('',*,*,#3893,.F.);
#5188=ORIENTED_EDGE('',*,*,#3894,.F.);
#5189=ORIENTED_EDGE('',*,*,#3895,.T.);
#5190=ORIENTED_EDGE('',*,*,#3896,.T.);
#5191=ORIENTED_EDGE('',*,*,#3897,.F.);
#5192=ORIENTED_EDGE('',*,*,#3898,.F.);
#5193=ORIENTED_EDGE('',*,*,#3897,.T.);
#5194=ORIENTED_EDGE('',*,*,#3899,.T.);
#5195=ORIENTED_EDGE('',*,*,#3900,.F.);
#5196=ORIENTED_EDGE('',*,*,#3901,.F.);
#5197=ORIENTED_EDGE('',*,*,#3893,.T.);
#5198=ORIENTED_EDGE('',*,*,#3902,.F.);
#5199=ORIENTED_EDGE('',*,*,#3903,.F.);
#5200=ORIENTED_EDGE('',*,*,#3904,.F.);
#5201=ORIENTED_EDGE('',*,*,#3903,.T.);
#5202=ORIENTED_EDGE('',*,*,#3905,.F.);
#5203=ORIENTED_EDGE('',*,*,#3888,.F.);
#5204=ORIENTED_EDGE('',*,*,#3892,.T.);
#5205=ORIENTED_EDGE('',*,*,#3889,.T.);
#5206=ORIENTED_EDGE('',*,*,#3905,.T.);
#5207=ORIENTED_EDGE('',*,*,#3902,.T.);
#5208=ORIENTED_EDGE('',*,*,#3906,.F.);
#5209=ORIENTED_EDGE('',*,*,#3900,.T.);
#5210=ORIENTED_EDGE('',*,*,#3907,.T.);
#5211=ORIENTED_EDGE('',*,*,#3908,.F.);
#5212=ORIENTED_EDGE('',*,*,#3909,.F.);
#5213=ORIENTED_EDGE('',*,*,#3908,.T.);
#5214=ORIENTED_EDGE('',*,*,#3910,.T.);
#5215=ORIENTED_EDGE('',*,*,#3895,.F.);
#5216=ORIENTED_EDGE('',*,*,#3910,.F.);
#5217=ORIENTED_EDGE('',*,*,#3907,.F.);
#5218=ORIENTED_EDGE('',*,*,#3899,.F.);
#5219=ORIENTED_EDGE('',*,*,#3896,.F.);
#5220=ORIENTED_EDGE('',*,*,#3911,.F.);
#5221=ORIENTED_EDGE('',*,*,#3912,.T.);
#5222=ORIENTED_EDGE('',*,*,#3913,.F.);
#5223=ORIENTED_EDGE('',*,*,#3885,.F.);
#5224=ORIENTED_EDGE('',*,*,#3914,.F.);
#5225=ORIENTED_EDGE('',*,*,#3915,.F.);
#5226=ORIENTED_EDGE('',*,*,#3916,.F.);
#5227=ORIENTED_EDGE('',*,*,#3917,.F.);
#5228=ORIENTED_EDGE('',*,*,#3918,.F.);
#5229=ORIENTED_EDGE('',*,*,#3919,.F.);
#5230=ORIENTED_EDGE('',*,*,#3920,.F.);
#5231=ORIENTED_EDGE('',*,*,#3921,.F.);
#5232=ORIENTED_EDGE('',*,*,#3922,.F.);
#5233=ORIENTED_EDGE('',*,*,#3923,.F.);
#5234=ORIENTED_EDGE('',*,*,#3924,.F.);
#5235=ORIENTED_EDGE('',*,*,#3925,.T.);
#5236=ORIENTED_EDGE('',*,*,#3911,.T.);
#5237=ORIENTED_EDGE('',*,*,#3884,.T.);
#5238=ORIENTED_EDGE('',*,*,#3877,.T.);
#5239=ORIENTED_EDGE('',*,*,#3926,.F.);
#5240=ORIENTED_EDGE('',*,*,#3913,.T.);
#5241=ORIENTED_EDGE('',*,*,#3927,.F.);
#5242=ORIENTED_EDGE('',*,*,#3879,.F.);
#5243=ORIENTED_EDGE('',*,*,#3886,.F.);
#5244=ORIENTED_EDGE('',*,*,#3918,.T.);
#5245=ORIENTED_EDGE('',*,*,#3928,.T.);
#5246=ORIENTED_EDGE('',*,*,#3869,.F.);
#5247=ORIENTED_EDGE('',*,*,#3929,.F.);
#5248=ORIENTED_EDGE('',*,*,#3930,.T.);
#5249=ORIENTED_EDGE('',*,*,#3870,.T.);
#5250=ORIENTED_EDGE('',*,*,#3928,.F.);
#5251=ORIENTED_EDGE('',*,*,#3921,.T.);
#5252=ORIENTED_EDGE('',*,*,#3920,.T.);
#5253=ORIENTED_EDGE('',*,*,#3931,.F.);
#5254=ORIENTED_EDGE('',*,*,#3871,.T.);
#5255=ORIENTED_EDGE('',*,*,#3930,.F.);
#5256=ORIENTED_EDGE('',*,*,#3873,.T.);
#5257=ORIENTED_EDGE('',*,*,#3932,.F.);
#5258=ORIENTED_EDGE('',*,*,#3836,.F.);
#5259=ORIENTED_EDGE('',*,*,#3617,.T.);
#5260=ORIENTED_EDGE('',*,*,#3924,.T.);
#5261=ORIENTED_EDGE('',*,*,#3933,.F.);
#5262=ORIENTED_EDGE('',*,*,#3838,.T.);
#5263=ORIENTED_EDGE('',*,*,#3934,.F.);
#5264=ORIENTED_EDGE('',*,*,#3914,.T.);
#5265=ORIENTED_EDGE('',*,*,#3935,.F.);
#5266=ORIENTED_EDGE('',*,*,#3842,.F.);
#5267=ORIENTED_EDGE('',*,*,#3936,.T.);
#5268=ORIENTED_EDGE('',*,*,#3937,.F.);
#5269=ORIENTED_EDGE('',*,*,#3839,.F.);
#5270=ORIENTED_EDGE('',*,*,#3933,.T.);
#5271=ORIENTED_EDGE('',*,*,#3923,.T.);
#5272=ORIENTED_EDGE('',*,*,#3938,.F.);
#5273=ORIENTED_EDGE('',*,*,#3939,.F.);
#5274=ORIENTED_EDGE('',*,*,#3916,.T.);
#5275=ORIENTED_EDGE('',*,*,#3940,.F.);
#5276=ORIENTED_EDGE('',*,*,#3941,.F.);
#5277=ORIENTED_EDGE('',*,*,#3942,.F.);
#5278=ORIENTED_EDGE('',*,*,#3740,.T.);
#5279=ORIENTED_EDGE('',*,*,#3720,.F.);
#5280=ORIENTED_EDGE('',*,*,#3757,.F.);
#5281=ORIENTED_EDGE('',*,*,#3761,.F.);
#5282=ORIENTED_EDGE('',*,*,#3759,.F.);
#5283=ORIENTED_EDGE('',*,*,#3685,.F.);
#5284=ORIENTED_EDGE('',*,*,#3691,.T.);
#5285=ORIENTED_EDGE('',*,*,#3874,.T.);
#5286=ORIENTED_EDGE('',*,*,#3619,.T.);
#5287=ORIENTED_EDGE('',*,*,#3612,.F.);
#5288=ORIENTED_EDGE('',*,*,#3749,.T.);
#5289=ORIENTED_EDGE('',*,*,#3747,.T.);
#5290=ORIENTED_EDGE('',*,*,#3655,.T.);
#5291=ORIENTED_EDGE('',*,*,#3641,.F.);
#5292=ORIENTED_EDGE('',*,*,#3658,.T.);
#5293=ORIENTED_EDGE('',*,*,#3865,.F.);
#5294=ORIENTED_EDGE('',*,*,#3943,.F.);
#5295=ORIENTED_EDGE('',*,*,#3944,.F.);
#5296=ORIENTED_EDGE('',*,*,#3941,.T.);
#5297=ORIENTED_EDGE('',*,*,#3945,.T.);
#5298=ORIENTED_EDGE('',*,*,#3875,.T.);
#5299=ORIENTED_EDGE('',*,*,#3694,.F.);
#5300=ORIENTED_EDGE('',*,*,#3844,.T.);
#5301=ORIENTED_EDGE('',*,*,#3946,.F.);
#5302=ORIENTED_EDGE('',*,*,#3945,.F.);
#5303=ORIENTED_EDGE('',*,*,#3940,.T.);
#5304=ORIENTED_EDGE('',*,*,#3915,.T.);
#5305=ORIENTED_EDGE('',*,*,#3936,.F.);
#5306=ORIENTED_EDGE('',*,*,#3841,.F.);
#5307=ORIENTED_EDGE('',*,*,#3947,.F.);
#5308=ORIENTED_EDGE('',*,*,#3922,.T.);
#5309=ORIENTED_EDGE('',*,*,#3948,.F.);
#5310=ORIENTED_EDGE('',*,*,#3949,.F.);
#5311=ORIENTED_EDGE('',*,*,#3938,.T.);
#5312=ORIENTED_EDGE('',*,*,#3950,.T.);
#5313=ORIENTED_EDGE('',*,*,#3951,.T.);
#5314=ORIENTED_EDGE('',*,*,#3948,.T.);
#5315=ORIENTED_EDGE('',*,*,#3925,.F.);
#5316=ORIENTED_EDGE('',*,*,#3934,.T.);
#5317=ORIENTED_EDGE('',*,*,#3837,.T.);
#5318=ORIENTED_EDGE('',*,*,#3932,.T.);
#5319=ORIENTED_EDGE('',*,*,#3872,.T.);
#5320=ORIENTED_EDGE('',*,*,#3931,.T.);
#5321=ORIENTED_EDGE('',*,*,#3919,.T.);
#5322=ORIENTED_EDGE('',*,*,#3929,.T.);
#5323=ORIENTED_EDGE('',*,*,#3868,.T.);
#5324=ORIENTED_EDGE('',*,*,#3901,.T.);
#5325=ORIENTED_EDGE('',*,*,#3904,.T.);
#5326=ORIENTED_EDGE('',*,*,#3887,.T.);
#5327=ORIENTED_EDGE('',*,*,#3891,.T.);
#5328=ORIENTED_EDGE('',*,*,#3939,.T.);
#5329=ORIENTED_EDGE('',*,*,#3949,.T.);
#5330=ORIENTED_EDGE('',*,*,#3951,.F.);
#5331=ORIENTED_EDGE('',*,*,#3952,.F.);
#5332=ORIENTED_EDGE('',*,*,#3953,.F.);
#5333=ORIENTED_EDGE('',*,*,#3862,.T.);
#5334=ORIENTED_EDGE('',*,*,#3954,.T.);
#5335=ORIENTED_EDGE('',*,*,#3881,.F.);
#5336=ORIENTED_EDGE('',*,*,#3955,.F.);
#5337=ORIENTED_EDGE('',*,*,#3943,.T.);
#5338=ORIENTED_EDGE('',*,*,#3947,.T.);
#5339=ORIENTED_EDGE('',*,*,#3840,.T.);
#5340=ORIENTED_EDGE('',*,*,#3937,.T.);
#5341=ORIENTED_EDGE('',*,*,#3952,.T.);
#5342=ORIENTED_EDGE('',*,*,#3950,.F.);
#5343=ORIENTED_EDGE('',*,*,#3867,.F.);
#5344=ORIENTED_EDGE('',*,*,#3876,.T.);
#5345=ORIENTED_EDGE('',*,*,#3946,.T.);
#5346=ORIENTED_EDGE('',*,*,#3843,.F.);
#5347=ORIENTED_EDGE('',*,*,#3935,.T.);
#5348=ORIENTED_EDGE('',*,*,#3917,.T.);
#5349=ORIENTED_EDGE('',*,*,#3942,.T.);
#5350=ORIENTED_EDGE('',*,*,#3944,.T.);
#5351=ORIENTED_EDGE('',*,*,#3955,.T.);
#5352=ORIENTED_EDGE('',*,*,#3880,.T.);
#5353=ORIENTED_EDGE('',*,*,#3927,.T.);
#5354=ORIENTED_EDGE('',*,*,#3912,.F.);
#5355=ORIENTED_EDGE('',*,*,#3926,.T.);
#5356=ORIENTED_EDGE('',*,*,#3906,.T.);
#5357=ORIENTED_EDGE('',*,*,#3909,.T.);
#5358=ORIENTED_EDGE('',*,*,#3894,.T.);
#5359=ORIENTED_EDGE('',*,*,#3898,.T.);
#5360=ORIENTED_EDGE('',*,*,#3953,.T.);
#5361=ORIENTED_EDGE('',*,*,#3866,.F.);
#5362=ORIENTED_EDGE('',*,*,#3857,.F.);
#5363=ORIENTED_EDGE('',*,*,#3859,.F.);
#5364=ORIENTED_EDGE('',*,*,#3861,.F.);
#5365=ORIENTED_EDGE('',*,*,#3956,.F.);
#5366=ORIENTED_EDGE('',*,*,#3882,.F.);
#5367=ORIENTED_EDGE('',*,*,#3954,.F.);
#5368=ORIENTED_EDGE('',*,*,#3852,.F.);
#5369=ORIENTED_EDGE('',*,*,#3883,.T.);
#5370=ORIENTED_EDGE('',*,*,#3956,.T.);
#5371=ORIENTED_EDGE('',*,*,#3860,.T.);
#5372=ORIENTED_EDGE('',*,*,#3957,.T.);
#5373=ORIENTED_EDGE('',*,*,#3958,.T.);
#5374=ORIENTED_EDGE('',*,*,#3959,.T.);
#5375=ORIENTED_EDGE('',*,*,#3960,.T.);
#5376=ORIENTED_EDGE('',*,*,#3958,.F.);
#5377=ORIENTED_EDGE('',*,*,#3961,.T.);
#5378=ORIENTED_EDGE('',*,*,#3962,.T.);
#5379=ORIENTED_EDGE('',*,*,#3963,.F.);
#5380=ORIENTED_EDGE('',*,*,#3964,.T.);
#5381=ORIENTED_EDGE('',*,*,#3965,.T.);
#5382=ORIENTED_EDGE('',*,*,#3966,.T.);
#5383=ORIENTED_EDGE('',*,*,#3967,.T.);
#5384=ORIENTED_EDGE('',*,*,#3965,.F.);
#5385=ORIENTED_EDGE('',*,*,#3968,.T.);
#5386=ORIENTED_EDGE('',*,*,#3969,.F.);
#5387=ORIENTED_EDGE('',*,*,#3970,.F.);
#5388=ORIENTED_EDGE('',*,*,#3971,.T.);
#5389=ORIENTED_EDGE('',*,*,#3972,.T.);
#5390=ORIENTED_EDGE('',*,*,#3973,.T.);
#5391=ORIENTED_EDGE('',*,*,#3974,.T.);
#5392=ORIENTED_EDGE('',*,*,#3972,.F.);
#5393=ORIENTED_EDGE('',*,*,#3975,.F.);
#5394=ORIENTED_EDGE('',*,*,#3976,.T.);
#5395=ORIENTED_EDGE('',*,*,#3977,.F.);
#5396=ORIENTED_EDGE('',*,*,#3978,.F.);
#5397=ORIENTED_EDGE('',*,*,#3979,.F.);
#5398=ORIENTED_EDGE('',*,*,#3980,.T.);
#5399=ORIENTED_EDGE('',*,*,#3981,.F.);
#5400=ORIENTED_EDGE('',*,*,#3982,.F.);
#5401=ORIENTED_EDGE('',*,*,#3976,.F.);
#5402=ORIENTED_EDGE('',*,*,#3983,.F.);
#5403=ORIENTED_EDGE('',*,*,#3984,.T.);
#5404=ORIENTED_EDGE('',*,*,#3985,.F.);
#5405=ORIENTED_EDGE('',*,*,#3962,.F.);
#5406=ORIENTED_EDGE('',*,*,#3986,.T.);
#5407=ORIENTED_EDGE('',*,*,#3979,.T.);
#5408=ORIENTED_EDGE('',*,*,#3987,.F.);
#5409=ORIENTED_EDGE('',*,*,#3984,.F.);
#5410=ORIENTED_EDGE('',*,*,#3988,.F.);
#5411=ORIENTED_EDGE('',*,*,#3989,.T.);
#5412=ORIENTED_EDGE('',*,*,#3990,.F.);
#5413=ORIENTED_EDGE('',*,*,#3991,.F.);
#5414=ORIENTED_EDGE('',*,*,#3992,.F.);
#5415=ORIENTED_EDGE('',*,*,#3993,.F.);
#5416=ORIENTED_EDGE('',*,*,#3990,.T.);
#5417=ORIENTED_EDGE('',*,*,#3994,.F.);
#5418=ORIENTED_EDGE('',*,*,#3995,.F.);
#5419=ORIENTED_EDGE('',*,*,#3996,.T.);
#5420=ORIENTED_EDGE('',*,*,#3997,.T.);
#5421=ORIENTED_EDGE('',*,*,#3998,.T.);
#5422=ORIENTED_EDGE('',*,*,#3996,.F.);
#5423=ORIENTED_EDGE('',*,*,#3999,.F.);
#5424=ORIENTED_EDGE('',*,*,#4000,.T.);
#5425=ORIENTED_EDGE('',*,*,#3992,.T.);
#5426=ORIENTED_EDGE('',*,*,#4001,.T.);
#5427=ORIENTED_EDGE('',*,*,#4000,.F.);
#5428=ORIENTED_EDGE('',*,*,#4002,.F.);
#5429=ORIENTED_EDGE('',*,*,#4003,.T.);
#5430=ORIENTED_EDGE('',*,*,#3991,.T.);
#5431=ORIENTED_EDGE('',*,*,#3997,.F.);
#5432=ORIENTED_EDGE('',*,*,#3998,.F.);
#5433=ORIENTED_EDGE('',*,*,#4001,.F.);
#5434=ORIENTED_EDGE('',*,*,#4002,.T.);
#5435=ORIENTED_EDGE('',*,*,#3999,.T.);
#5436=ORIENTED_EDGE('',*,*,#3995,.T.);
#5437=ORIENTED_EDGE('',*,*,#4004,.T.);
#5438=ORIENTED_EDGE('',*,*,#4005,.T.);
#5439=ORIENTED_EDGE('',*,*,#4006,.F.);
#5440=ORIENTED_EDGE('',*,*,#4007,.T.);
#5441=ORIENTED_EDGE('',*,*,#4008,.T.);
#5442=ORIENTED_EDGE('',*,*,#4009,.T.);
#5443=ORIENTED_EDGE('',*,*,#4010,.T.);
#5444=ORIENTED_EDGE('',*,*,#4011,.T.);
#5445=ORIENTED_EDGE('',*,*,#4012,.T.);
#5446=ORIENTED_EDGE('',*,*,#4013,.F.);
#5447=ORIENTED_EDGE('',*,*,#4014,.F.);
#5448=ORIENTED_EDGE('',*,*,#4015,.F.);
#5449=ORIENTED_EDGE('',*,*,#4016,.F.);
#5450=ORIENTED_EDGE('',*,*,#4017,.F.);
#5451=ORIENTED_EDGE('',*,*,#4018,.F.);
#5452=ORIENTED_EDGE('',*,*,#4019,.F.);
#5453=ORIENTED_EDGE('',*,*,#4020,.F.);
#5454=ORIENTED_EDGE('',*,*,#4021,.F.);
#5455=ORIENTED_EDGE('',*,*,#4005,.F.);
#5456=ORIENTED_EDGE('',*,*,#4022,.F.);
#5457=ORIENTED_EDGE('',*,*,#4023,.F.);
#5458=ORIENTED_EDGE('',*,*,#4024,.F.);
#5459=ORIENTED_EDGE('',*,*,#3968,.F.);
#5460=ORIENTED_EDGE('',*,*,#3964,.F.);
#5461=ORIENTED_EDGE('',*,*,#4025,.T.);
#5462=ORIENTED_EDGE('',*,*,#4026,.T.);
#5463=ORIENTED_EDGE('',*,*,#4027,.T.);
#5464=ORIENTED_EDGE('',*,*,#4028,.F.);
#5465=ORIENTED_EDGE('',*,*,#4029,.F.);
#5466=ORIENTED_EDGE('',*,*,#4030,.T.);
#5467=ORIENTED_EDGE('',*,*,#4031,.T.);
#5468=ORIENTED_EDGE('',*,*,#4032,.F.);
#5469=ORIENTED_EDGE('',*,*,#4033,.F.);
#5470=ORIENTED_EDGE('',*,*,#4034,.T.);
#5471=ORIENTED_EDGE('',*,*,#4019,.T.);
#5472=ORIENTED_EDGE('',*,*,#4035,.F.);
#5473=ORIENTED_EDGE('',*,*,#4036,.T.);
#5474=ORIENTED_EDGE('',*,*,#4037,.F.);
#5475=ORIENTED_EDGE('',*,*,#4038,.T.);
#5476=ORIENTED_EDGE('',*,*,#4039,.F.);
#5477=ORIENTED_EDGE('',*,*,#4040,.T.);
#5478=ORIENTED_EDGE('',*,*,#4041,.F.);
#5479=ORIENTED_EDGE('',*,*,#4013,.T.);
#5480=ORIENTED_EDGE('',*,*,#4004,.F.);
#5481=ORIENTED_EDGE('',*,*,#3994,.T.);
#5482=ORIENTED_EDGE('',*,*,#3993,.T.);
#5483=ORIENTED_EDGE('',*,*,#4003,.F.);
#5484=ORIENTED_EDGE('',*,*,#4012,.F.);
#5485=ORIENTED_EDGE('',*,*,#4042,.T.);
#5486=ORIENTED_EDGE('',*,*,#4043,.F.);
#5487=ORIENTED_EDGE('',*,*,#4044,.F.);
#5488=ORIENTED_EDGE('',*,*,#4008,.F.);
#5489=ORIENTED_EDGE('',*,*,#4045,.T.);
#5490=ORIENTED_EDGE('',*,*,#3959,.F.);
#5491=ORIENTED_EDGE('',*,*,#3963,.T.);
#5492=ORIENTED_EDGE('',*,*,#3985,.T.);
#5493=ORIENTED_EDGE('',*,*,#3978,.T.);
#5494=ORIENTED_EDGE('',*,*,#4046,.T.);
#5495=ORIENTED_EDGE('',*,*,#4047,.T.);
#5496=ORIENTED_EDGE('',*,*,#4048,.T.);
#5497=ORIENTED_EDGE('',*,*,#4049,.T.);
#5498=ORIENTED_EDGE('',*,*,#4050,.T.);
#5499=ORIENTED_EDGE('',*,*,#4051,.T.);
#5500=ORIENTED_EDGE('',*,*,#4052,.T.);
#5501=ORIENTED_EDGE('',*,*,#4053,.T.);
#5502=ORIENTED_EDGE('',*,*,#4054,.T.);
#5503=ORIENTED_EDGE('',*,*,#4055,.T.);
#5504=ORIENTED_EDGE('',*,*,#4056,.T.);
#5505=ORIENTED_EDGE('',*,*,#4057,.T.);
#5506=ORIENTED_EDGE('',*,*,#4058,.T.);
#5507=ORIENTED_EDGE('',*,*,#4059,.T.);
#5508=ORIENTED_EDGE('',*,*,#4060,.T.);
#5509=ORIENTED_EDGE('',*,*,#4061,.T.);
#5510=ORIENTED_EDGE('',*,*,#4062,.T.);
#5511=ORIENTED_EDGE('',*,*,#4063,.T.);
#5512=ORIENTED_EDGE('',*,*,#4064,.T.);
#5513=ORIENTED_EDGE('',*,*,#4065,.T.);
#5514=ORIENTED_EDGE('',*,*,#4066,.T.);
#5515=ORIENTED_EDGE('',*,*,#4067,.T.);
#5516=ORIENTED_EDGE('',*,*,#4068,.T.);
#5517=ORIENTED_EDGE('',*,*,#4069,.T.);
#5518=ORIENTED_EDGE('',*,*,#3977,.T.);
#5519=ORIENTED_EDGE('',*,*,#3982,.T.);
#5520=ORIENTED_EDGE('',*,*,#3987,.T.);
#5521=ORIENTED_EDGE('',*,*,#4070,.F.);
#5522=ORIENTED_EDGE('',*,*,#4071,.F.);
#5523=ORIENTED_EDGE('',*,*,#4072,.F.);
#5524=ORIENTED_EDGE('',*,*,#3973,.F.);
#5525=ORIENTED_EDGE('',*,*,#4073,.T.);
#5526=ORIENTED_EDGE('',*,*,#4043,.T.);
#5527=ORIENTED_EDGE('',*,*,#4074,.T.);
#5528=ORIENTED_EDGE('',*,*,#4075,.T.);
#5529=ORIENTED_EDGE('',*,*,#4075,.F.);
#5530=ORIENTED_EDGE('',*,*,#4076,.F.);
#5531=ORIENTED_EDGE('',*,*,#4077,.F.);
#5532=ORIENTED_EDGE('',*,*,#4078,.F.);
#5533=ORIENTED_EDGE('',*,*,#4074,.F.);
#5534=ORIENTED_EDGE('',*,*,#4042,.F.);
#5535=ORIENTED_EDGE('',*,*,#4011,.F.);
#5536=ORIENTED_EDGE('',*,*,#4079,.T.);
#5537=ORIENTED_EDGE('',*,*,#4076,.T.);
#5538=ORIENTED_EDGE('',*,*,#4077,.T.);
#5539=ORIENTED_EDGE('',*,*,#4079,.F.);
#5540=ORIENTED_EDGE('',*,*,#4010,.F.);
#5541=ORIENTED_EDGE('',*,*,#4080,.T.);
#5542=ORIENTED_EDGE('',*,*,#4073,.F.);
#5543=ORIENTED_EDGE('',*,*,#4078,.T.);
#5544=ORIENTED_EDGE('',*,*,#4080,.F.);
#5545=ORIENTED_EDGE('',*,*,#4009,.F.);
#5546=ORIENTED_EDGE('',*,*,#4044,.T.);
#5547=ORIENTED_EDGE('',*,*,#4081,.T.);
#5548=ORIENTED_EDGE('',*,*,#4082,.T.);
#5549=ORIENTED_EDGE('',*,*,#4083,.T.);
#5550=ORIENTED_EDGE('',*,*,#4028,.T.);
#5551=ORIENTED_EDGE('',*,*,#4081,.F.);
#5552=ORIENTED_EDGE('',*,*,#4027,.F.);
#5553=ORIENTED_EDGE('',*,*,#4084,.F.);
#5554=ORIENTED_EDGE('',*,*,#4085,.T.);
#5555=ORIENTED_EDGE('',*,*,#4086,.F.);
#5556=ORIENTED_EDGE('',*,*,#4083,.F.);
#5557=ORIENTED_EDGE('',*,*,#4087,.F.);
#5558=ORIENTED_EDGE('',*,*,#4088,.F.);
#5559=ORIENTED_EDGE('',*,*,#4089,.F.);
#5560=ORIENTED_EDGE('',*,*,#4029,.T.);
#5561=ORIENTED_EDGE('',*,*,#4082,.F.);
#5562=ORIENTED_EDGE('',*,*,#4086,.T.);
#5563=ORIENTED_EDGE('',*,*,#4090,.T.);
#5564=ORIENTED_EDGE('',*,*,#4087,.T.);
#5565=ORIENTED_EDGE('',*,*,#4091,.T.);
#5566=ORIENTED_EDGE('',*,*,#4032,.T.);
#5567=ORIENTED_EDGE('',*,*,#4092,.T.);
#5568=ORIENTED_EDGE('',*,*,#4093,.T.);
#5569=ORIENTED_EDGE('',*,*,#4091,.F.);
#5570=ORIENTED_EDGE('',*,*,#4094,.F.);
#5571=ORIENTED_EDGE('',*,*,#4095,.F.);
#5572=ORIENTED_EDGE('',*,*,#4096,.F.);
#5573=ORIENTED_EDGE('',*,*,#4033,.T.);
#5574=ORIENTED_EDGE('',*,*,#4097,.F.);
#5575=ORIENTED_EDGE('',*,*,#4098,.F.);
#5576=ORIENTED_EDGE('',*,*,#4099,.F.);
#5577=ORIENTED_EDGE('',*,*,#4095,.T.);
#5578=ORIENTED_EDGE('',*,*,#4092,.F.);
#5579=ORIENTED_EDGE('',*,*,#4031,.F.);
#5580=ORIENTED_EDGE('',*,*,#4100,.F.);
#5581=ORIENTED_EDGE('',*,*,#4098,.T.);
#5582=ORIENTED_EDGE('',*,*,#4101,.F.);
#5583=ORIENTED_EDGE('',*,*,#4093,.F.);
#5584=ORIENTED_EDGE('',*,*,#4101,.T.);
#5585=ORIENTED_EDGE('',*,*,#4097,.T.);
#5586=ORIENTED_EDGE('',*,*,#4094,.T.);
#5587=ORIENTED_EDGE('',*,*,#4090,.F.);
#5588=ORIENTED_EDGE('',*,*,#4085,.F.);
#5589=ORIENTED_EDGE('',*,*,#4102,.F.);
#5590=ORIENTED_EDGE('',*,*,#4088,.T.);
#5591=ORIENTED_EDGE('',*,*,#4015,.T.);
#5592=ORIENTED_EDGE('',*,*,#4103,.F.);
#5593=ORIENTED_EDGE('',*,*,#4104,.F.);
#5594=ORIENTED_EDGE('',*,*,#4105,.F.);
#5595=ORIENTED_EDGE('',*,*,#4041,.T.);
#5596=ORIENTED_EDGE('',*,*,#4106,.T.);
#5597=ORIENTED_EDGE('',*,*,#4103,.T.);
#5598=ORIENTED_EDGE('',*,*,#4014,.T.);
#5599=ORIENTED_EDGE('',*,*,#4107,.F.);
#5600=ORIENTED_EDGE('',*,*,#4108,.F.);
#5601=ORIENTED_EDGE('',*,*,#4017,.T.);
#5602=ORIENTED_EDGE('',*,*,#4109,.F.);
#5603=ORIENTED_EDGE('',*,*,#4035,.T.);
#5604=ORIENTED_EDGE('',*,*,#4018,.T.);
#5605=ORIENTED_EDGE('',*,*,#4108,.T.);
#5606=ORIENTED_EDGE('',*,*,#4110,.T.);
#5607=ORIENTED_EDGE('',*,*,#4109,.T.);
#5608=ORIENTED_EDGE('',*,*,#4016,.T.);
#5609=ORIENTED_EDGE('',*,*,#4105,.T.);
#5610=ORIENTED_EDGE('',*,*,#4111,.T.);
#5611=ORIENTED_EDGE('',*,*,#4112,.F.);
#5612=ORIENTED_EDGE('',*,*,#4113,.F.);
#5613=ORIENTED_EDGE('',*,*,#4114,.F.);
#5614=ORIENTED_EDGE('',*,*,#4115,.T.);
#5615=ORIENTED_EDGE('',*,*,#4039,.T.);
#5616=ORIENTED_EDGE('',*,*,#4116,.T.);
#5617=ORIENTED_EDGE('',*,*,#4113,.T.);
#5618=ORIENTED_EDGE('',*,*,#4117,.T.);
#5619=ORIENTED_EDGE('',*,*,#4118,.F.);
#5620=ORIENTED_EDGE('',*,*,#4119,.F.);
#5621=ORIENTED_EDGE('',*,*,#4120,.F.);
#5622=ORIENTED_EDGE('',*,*,#4121,.T.);
#5623=ORIENTED_EDGE('',*,*,#4037,.T.);
#5624=ORIENTED_EDGE('',*,*,#4122,.T.);
#5625=ORIENTED_EDGE('',*,*,#4119,.T.);
#5626=ORIENTED_EDGE('',*,*,#4123,.T.);
#5627=ORIENTED_EDGE('',*,*,#4107,.T.);
#5628=ORIENTED_EDGE('',*,*,#4124,.T.);
#5629=ORIENTED_EDGE('',*,*,#4120,.T.);
#5630=ORIENTED_EDGE('',*,*,#4125,.T.);
#5631=ORIENTED_EDGE('',*,*,#4118,.T.);
#5632=ORIENTED_EDGE('',*,*,#4126,.T.);
#5633=ORIENTED_EDGE('',*,*,#4114,.T.);
#5634=ORIENTED_EDGE('',*,*,#4127,.T.);
#5635=ORIENTED_EDGE('',*,*,#4112,.T.);
#5636=ORIENTED_EDGE('',*,*,#4128,.T.);
#5637=ORIENTED_EDGE('',*,*,#4104,.T.);
#5638=ORIENTED_EDGE('',*,*,#4129,.T.);
#5639=ORIENTED_EDGE('',*,*,#4110,.F.);
#5640=ORIENTED_EDGE('',*,*,#4125,.F.);
#5641=ORIENTED_EDGE('',*,*,#4122,.F.);
#5642=ORIENTED_EDGE('',*,*,#4036,.F.);
#5643=ORIENTED_EDGE('',*,*,#4121,.F.);
#5644=ORIENTED_EDGE('',*,*,#4124,.F.);
#5645=ORIENTED_EDGE('',*,*,#4111,.F.);
#5646=ORIENTED_EDGE('',*,*,#4128,.F.);
#5647=ORIENTED_EDGE('',*,*,#4115,.F.);
#5648=ORIENTED_EDGE('',*,*,#4126,.F.);
#5649=ORIENTED_EDGE('',*,*,#4116,.F.);
#5650=ORIENTED_EDGE('',*,*,#4038,.F.);
#5651=ORIENTED_EDGE('',*,*,#4123,.F.);
#5652=ORIENTED_EDGE('',*,*,#4127,.F.);
#5653=ORIENTED_EDGE('',*,*,#4106,.F.);
#5654=ORIENTED_EDGE('',*,*,#4040,.F.);
#5655=ORIENTED_EDGE('',*,*,#4117,.F.);
#5656=ORIENTED_EDGE('',*,*,#4129,.F.);
#5657=ORIENTED_EDGE('',*,*,#4023,.T.);
#5658=ORIENTED_EDGE('',*,*,#4130,.T.);
#5659=ORIENTED_EDGE('',*,*,#4131,.F.);
#5660=ORIENTED_EDGE('',*,*,#4132,.T.);
#5661=ORIENTED_EDGE('',*,*,#4022,.T.);
#5662=ORIENTED_EDGE('',*,*,#3981,.T.);
#5663=ORIENTED_EDGE('',*,*,#4133,.F.);
#5664=ORIENTED_EDGE('',*,*,#4130,.F.);
#5665=ORIENTED_EDGE('',*,*,#3974,.F.);
#5666=ORIENTED_EDGE('',*,*,#4072,.T.);
#5667=ORIENTED_EDGE('',*,*,#4134,.F.);
#5668=ORIENTED_EDGE('',*,*,#4135,.T.);
#5669=ORIENTED_EDGE('',*,*,#4071,.T.);
#5670=ORIENTED_EDGE('',*,*,#4136,.F.);
#5671=ORIENTED_EDGE('',*,*,#4137,.T.);
#5672=ORIENTED_EDGE('',*,*,#4134,.T.);
#5673=ORIENTED_EDGE('',*,*,#4024,.T.);
#5674=ORIENTED_EDGE('',*,*,#4132,.F.);
#5675=ORIENTED_EDGE('',*,*,#4138,.F.);
#5676=ORIENTED_EDGE('',*,*,#3969,.T.);
#5677=ORIENTED_EDGE('',*,*,#4070,.T.);
#5678=ORIENTED_EDGE('',*,*,#3989,.F.);
#5679=ORIENTED_EDGE('',*,*,#4139,.T.);
#5680=ORIENTED_EDGE('',*,*,#4136,.T.);
#5681=ORIENTED_EDGE('',*,*,#3967,.F.);
#5682=ORIENTED_EDGE('',*,*,#4140,.F.);
#5683=ORIENTED_EDGE('',*,*,#4141,.F.);
#5684=ORIENTED_EDGE('',*,*,#4025,.F.);
#5685=ORIENTED_EDGE('',*,*,#3960,.F.);
#5686=ORIENTED_EDGE('',*,*,#4045,.F.);
#5687=ORIENTED_EDGE('',*,*,#4007,.F.);
#5688=ORIENTED_EDGE('',*,*,#4142,.F.);
#5689=ORIENTED_EDGE('',*,*,#4020,.T.);
#5690=ORIENTED_EDGE('',*,*,#4034,.F.);
#5691=ORIENTED_EDGE('',*,*,#4096,.T.);
#5692=ORIENTED_EDGE('',*,*,#4099,.T.);
#5693=ORIENTED_EDGE('',*,*,#4100,.T.);
#5694=ORIENTED_EDGE('',*,*,#4030,.F.);
#5695=ORIENTED_EDGE('',*,*,#4089,.T.);
#5696=ORIENTED_EDGE('',*,*,#4102,.T.);
#5697=ORIENTED_EDGE('',*,*,#4084,.T.);
#5698=ORIENTED_EDGE('',*,*,#4026,.F.);
#5699=ORIENTED_EDGE('',*,*,#4141,.T.);
#5700=ORIENTED_EDGE('',*,*,#4143,.T.);
#5701=ORIENTED_EDGE('',*,*,#4068,.F.);
#5702=ORIENTED_EDGE('',*,*,#4144,.T.);
#5703=ORIENTED_EDGE('',*,*,#4145,.F.);
#5704=ORIENTED_EDGE('',*,*,#4144,.F.);
#5705=ORIENTED_EDGE('',*,*,#4069,.F.);
#5706=ORIENTED_EDGE('',*,*,#4146,.T.);
#5707=ORIENTED_EDGE('',*,*,#4147,.F.);
#5708=ORIENTED_EDGE('',*,*,#4146,.F.);
#5709=ORIENTED_EDGE('',*,*,#4067,.F.);
#5710=ORIENTED_EDGE('',*,*,#4148,.T.);
#5711=ORIENTED_EDGE('',*,*,#4149,.F.);
#5712=ORIENTED_EDGE('',*,*,#4148,.F.);
#5713=ORIENTED_EDGE('',*,*,#4066,.F.);
#5714=ORIENTED_EDGE('',*,*,#4150,.T.);
#5715=ORIENTED_EDGE('',*,*,#4151,.F.);
#5716=ORIENTED_EDGE('',*,*,#4150,.F.);
#5717=ORIENTED_EDGE('',*,*,#4065,.F.);
#5718=ORIENTED_EDGE('',*,*,#4152,.T.);
#5719=ORIENTED_EDGE('',*,*,#4153,.F.);
#5720=ORIENTED_EDGE('',*,*,#4152,.F.);
#5721=ORIENTED_EDGE('',*,*,#4046,.F.);
#5722=ORIENTED_EDGE('',*,*,#4154,.T.);
#5723=ORIENTED_EDGE('',*,*,#4155,.F.);
#5724=ORIENTED_EDGE('',*,*,#4154,.F.);
#5725=ORIENTED_EDGE('',*,*,#4064,.F.);
#5726=ORIENTED_EDGE('',*,*,#4156,.T.);
#5727=ORIENTED_EDGE('',*,*,#4157,.F.);
#5728=ORIENTED_EDGE('',*,*,#4156,.F.);
#5729=ORIENTED_EDGE('',*,*,#4063,.F.);
#5730=ORIENTED_EDGE('',*,*,#4158,.T.);
#5731=ORIENTED_EDGE('',*,*,#4159,.F.);
#5732=ORIENTED_EDGE('',*,*,#4158,.F.);
#5733=ORIENTED_EDGE('',*,*,#4062,.F.);
#5734=ORIENTED_EDGE('',*,*,#4160,.T.);
#5735=ORIENTED_EDGE('',*,*,#4161,.F.);
#5736=ORIENTED_EDGE('',*,*,#4160,.F.);
#5737=ORIENTED_EDGE('',*,*,#4061,.F.);
#5738=ORIENTED_EDGE('',*,*,#4162,.T.);
#5739=ORIENTED_EDGE('',*,*,#4163,.F.);
#5740=ORIENTED_EDGE('',*,*,#4162,.F.);
#5741=ORIENTED_EDGE('',*,*,#4060,.F.);
#5742=ORIENTED_EDGE('',*,*,#4164,.T.);
#5743=ORIENTED_EDGE('',*,*,#4165,.F.);
#5744=ORIENTED_EDGE('',*,*,#4164,.F.);
#5745=ORIENTED_EDGE('',*,*,#4059,.F.);
#5746=ORIENTED_EDGE('',*,*,#4166,.T.);
#5747=ORIENTED_EDGE('',*,*,#4167,.F.);
#5748=ORIENTED_EDGE('',*,*,#4166,.F.);
#5749=ORIENTED_EDGE('',*,*,#4058,.F.);
#5750=ORIENTED_EDGE('',*,*,#4168,.T.);
#5751=ORIENTED_EDGE('',*,*,#4169,.F.);
#5752=ORIENTED_EDGE('',*,*,#4168,.F.);
#5753=ORIENTED_EDGE('',*,*,#4057,.F.);
#5754=ORIENTED_EDGE('',*,*,#4170,.T.);
#5755=ORIENTED_EDGE('',*,*,#4171,.F.);
#5756=ORIENTED_EDGE('',*,*,#4170,.F.);
#5757=ORIENTED_EDGE('',*,*,#4056,.F.);
#5758=ORIENTED_EDGE('',*,*,#4172,.T.);
#5759=ORIENTED_EDGE('',*,*,#4173,.F.);
#5760=ORIENTED_EDGE('',*,*,#4172,.F.);
#5761=ORIENTED_EDGE('',*,*,#4055,.F.);
#5762=ORIENTED_EDGE('',*,*,#4174,.T.);
#5763=ORIENTED_EDGE('',*,*,#4175,.F.);
#5764=ORIENTED_EDGE('',*,*,#4174,.F.);
#5765=ORIENTED_EDGE('',*,*,#4054,.F.);
#5766=ORIENTED_EDGE('',*,*,#4176,.T.);
#5767=ORIENTED_EDGE('',*,*,#4177,.F.);
#5768=ORIENTED_EDGE('',*,*,#4176,.F.);
#5769=ORIENTED_EDGE('',*,*,#4053,.F.);
#5770=ORIENTED_EDGE('',*,*,#4178,.T.);
#5771=ORIENTED_EDGE('',*,*,#4179,.F.);
#5772=ORIENTED_EDGE('',*,*,#4178,.F.);
#5773=ORIENTED_EDGE('',*,*,#4052,.F.);
#5774=ORIENTED_EDGE('',*,*,#4180,.T.);
#5775=ORIENTED_EDGE('',*,*,#4181,.F.);
#5776=ORIENTED_EDGE('',*,*,#4180,.F.);
#5777=ORIENTED_EDGE('',*,*,#4051,.F.);
#5778=ORIENTED_EDGE('',*,*,#4182,.T.);
#5779=ORIENTED_EDGE('',*,*,#4183,.F.);
#5780=ORIENTED_EDGE('',*,*,#4182,.F.);
#5781=ORIENTED_EDGE('',*,*,#4050,.F.);
#5782=ORIENTED_EDGE('',*,*,#4184,.T.);
#5783=ORIENTED_EDGE('',*,*,#4185,.F.);
#5784=ORIENTED_EDGE('',*,*,#4184,.F.);
#5785=ORIENTED_EDGE('',*,*,#4049,.F.);
#5786=ORIENTED_EDGE('',*,*,#4186,.T.);
#5787=ORIENTED_EDGE('',*,*,#4187,.F.);
#5788=ORIENTED_EDGE('',*,*,#4186,.F.);
#5789=ORIENTED_EDGE('',*,*,#4048,.F.);
#5790=ORIENTED_EDGE('',*,*,#4188,.T.);
#5791=ORIENTED_EDGE('',*,*,#4189,.F.);
#5792=ORIENTED_EDGE('',*,*,#4188,.F.);
#5793=ORIENTED_EDGE('',*,*,#4047,.F.);
#5794=ORIENTED_EDGE('',*,*,#4190,.T.);
#5795=ORIENTED_EDGE('',*,*,#4191,.F.);
#5796=ORIENTED_EDGE('',*,*,#4190,.F.);
#5797=ORIENTED_EDGE('',*,*,#4133,.T.);
#5798=ORIENTED_EDGE('',*,*,#3980,.F.);
#5799=ORIENTED_EDGE('',*,*,#3986,.F.);
#5800=ORIENTED_EDGE('',*,*,#3961,.F.);
#5801=ORIENTED_EDGE('',*,*,#3957,.F.);
#5802=ORIENTED_EDGE('',*,*,#4142,.T.);
#5803=ORIENTED_EDGE('',*,*,#4006,.T.);
#5804=ORIENTED_EDGE('',*,*,#4021,.T.);
#5805=ORIENTED_EDGE('',*,*,#4143,.F.);
#5806=ORIENTED_EDGE('',*,*,#4140,.T.);
#5807=ORIENTED_EDGE('',*,*,#3966,.F.);
#5808=ORIENTED_EDGE('',*,*,#3970,.T.);
#5809=ORIENTED_EDGE('',*,*,#4138,.T.);
#5810=ORIENTED_EDGE('',*,*,#4131,.T.);
#5811=ORIENTED_EDGE('',*,*,#4135,.F.);
#5812=ORIENTED_EDGE('',*,*,#4137,.F.);
#5813=ORIENTED_EDGE('',*,*,#4139,.F.);
#5814=ORIENTED_EDGE('',*,*,#3988,.T.);
#5815=ORIENTED_EDGE('',*,*,#3983,.T.);
#5816=ORIENTED_EDGE('',*,*,#3975,.T.);
#5817=ORIENTED_EDGE('',*,*,#3971,.F.);
#5818=ORIENTED_EDGE('',*,*,#4145,.T.);
#5819=ORIENTED_EDGE('',*,*,#4147,.T.);
#5820=ORIENTED_EDGE('',*,*,#4149,.T.);
#5821=ORIENTED_EDGE('',*,*,#4151,.T.);
#5822=ORIENTED_EDGE('',*,*,#4153,.T.);
#5823=ORIENTED_EDGE('',*,*,#4155,.T.);
#5824=ORIENTED_EDGE('',*,*,#4157,.T.);
#5825=ORIENTED_EDGE('',*,*,#4159,.T.);
#5826=ORIENTED_EDGE('',*,*,#4161,.T.);
#5827=ORIENTED_EDGE('',*,*,#4163,.T.);
#5828=ORIENTED_EDGE('',*,*,#4165,.T.);
#5829=ORIENTED_EDGE('',*,*,#4167,.T.);
#5830=ORIENTED_EDGE('',*,*,#4169,.T.);
#5831=ORIENTED_EDGE('',*,*,#4171,.T.);
#5832=ORIENTED_EDGE('',*,*,#4173,.T.);
#5833=ORIENTED_EDGE('',*,*,#4175,.T.);
#5834=ORIENTED_EDGE('',*,*,#4177,.T.);
#5835=ORIENTED_EDGE('',*,*,#4179,.T.);
#5836=ORIENTED_EDGE('',*,*,#4181,.T.);
#5837=ORIENTED_EDGE('',*,*,#4183,.T.);
#5838=ORIENTED_EDGE('',*,*,#4185,.T.);
#5839=ORIENTED_EDGE('',*,*,#4187,.T.);
#5840=ORIENTED_EDGE('',*,*,#4189,.T.);
#5841=ORIENTED_EDGE('',*,*,#4191,.T.);
#5842=ORIENTED_EDGE('',*,*,#4192,.F.);
#5843=ORIENTED_EDGE('',*,*,#4193,.T.);
#5844=ORIENTED_EDGE('',*,*,#4194,.T.);
#5845=ORIENTED_EDGE('',*,*,#4195,.F.);
#5846=ORIENTED_EDGE('',*,*,#4196,.F.);
#5847=ORIENTED_EDGE('',*,*,#4197,.T.);
#5848=ORIENTED_EDGE('',*,*,#4198,.T.);
#5849=ORIENTED_EDGE('',*,*,#4193,.F.);
#5850=ORIENTED_EDGE('',*,*,#4199,.F.);
#5851=ORIENTED_EDGE('',*,*,#4200,.T.);
#5852=ORIENTED_EDGE('',*,*,#4201,.T.);
#5853=ORIENTED_EDGE('',*,*,#4197,.F.);
#5854=ORIENTED_EDGE('',*,*,#4202,.F.);
#5855=ORIENTED_EDGE('',*,*,#4195,.T.);
#5856=ORIENTED_EDGE('',*,*,#4203,.T.);
#5857=ORIENTED_EDGE('',*,*,#4200,.F.);
#5858=ORIENTED_EDGE('',*,*,#4203,.F.);
#5859=ORIENTED_EDGE('',*,*,#4194,.F.);
#5860=ORIENTED_EDGE('',*,*,#4198,.F.);
#5861=ORIENTED_EDGE('',*,*,#4201,.F.);
#5862=ORIENTED_EDGE('',*,*,#4204,.F.);
#5863=ORIENTED_EDGE('',*,*,#4205,.T.);
#5864=ORIENTED_EDGE('',*,*,#4206,.F.);
#5865=ORIENTED_EDGE('',*,*,#4207,.F.);
#5866=ORIENTED_EDGE('',*,*,#4208,.F.);
#5867=ORIENTED_EDGE('',*,*,#4207,.T.);
#5868=ORIENTED_EDGE('',*,*,#4209,.F.);
#5869=ORIENTED_EDGE('',*,*,#4210,.F.);
#5870=ORIENTED_EDGE('',*,*,#4211,.F.);
#5871=ORIENTED_EDGE('',*,*,#4210,.T.);
#5872=ORIENTED_EDGE('',*,*,#4212,.F.);
#5873=ORIENTED_EDGE('',*,*,#4213,.F.);
#5874=ORIENTED_EDGE('',*,*,#4214,.F.);
#5875=ORIENTED_EDGE('',*,*,#4213,.T.);
#5876=ORIENTED_EDGE('',*,*,#4215,.F.);
#5877=ORIENTED_EDGE('',*,*,#4205,.F.);
#5878=ORIENTED_EDGE('',*,*,#4215,.T.);
#5879=ORIENTED_EDGE('',*,*,#4212,.T.);
#5880=ORIENTED_EDGE('',*,*,#4209,.T.);
#5881=ORIENTED_EDGE('',*,*,#4206,.T.);
#5882=ORIENTED_EDGE('',*,*,#4216,.F.);
#5883=ORIENTED_EDGE('',*,*,#4217,.T.);
#5884=ORIENTED_EDGE('',*,*,#4218,.F.);
#5885=ORIENTED_EDGE('',*,*,#4217,.F.);
#5886=ORIENTED_EDGE('',*,*,#4219,.F.);
#5887=ORIENTED_EDGE('',*,*,#4220,.T.);
#5888=ORIENTED_EDGE('',*,*,#4221,.F.);
#5889=ORIENTED_EDGE('',*,*,#4220,.F.);
#5890=ORIENTED_EDGE('',*,*,#4222,.F.);
#5891=ORIENTED_EDGE('',*,*,#4223,.T.);
#5892=ORIENTED_EDGE('',*,*,#4224,.F.);
#5893=ORIENTED_EDGE('',*,*,#4223,.F.);
#5894=ORIENTED_EDGE('',*,*,#4225,.F.);
#5895=ORIENTED_EDGE('',*,*,#4226,.T.);
#5896=ORIENTED_EDGE('',*,*,#4227,.F.);
#5897=ORIENTED_EDGE('',*,*,#4226,.F.);
#5898=ORIENTED_EDGE('',*,*,#4228,.F.);
#5899=ORIENTED_EDGE('',*,*,#4229,.T.);
#5900=ORIENTED_EDGE('',*,*,#4230,.F.);
#5901=ORIENTED_EDGE('',*,*,#4229,.F.);
#5902=ORIENTED_EDGE('',*,*,#4231,.F.);
#5903=ORIENTED_EDGE('',*,*,#4232,.T.);
#5904=ORIENTED_EDGE('',*,*,#4233,.F.);
#5905=ORIENTED_EDGE('',*,*,#4232,.F.);
#5906=ORIENTED_EDGE('',*,*,#4234,.F.);
#5907=ORIENTED_EDGE('',*,*,#4235,.T.);
#5908=ORIENTED_EDGE('',*,*,#4236,.F.);
#5909=ORIENTED_EDGE('',*,*,#4235,.F.);
#5910=ORIENTED_EDGE('',*,*,#4237,.F.);
#5911=ORIENTED_EDGE('',*,*,#4238,.T.);
#5912=ORIENTED_EDGE('',*,*,#4239,.F.);
#5913=ORIENTED_EDGE('',*,*,#4238,.F.);
#5914=ORIENTED_EDGE('',*,*,#4240,.F.);
#5915=ORIENTED_EDGE('',*,*,#4241,.T.);
#5916=ORIENTED_EDGE('',*,*,#4242,.F.);
#5917=ORIENTED_EDGE('',*,*,#4241,.F.);
#5918=ORIENTED_EDGE('',*,*,#4243,.F.);
#5919=ORIENTED_EDGE('',*,*,#4244,.T.);
#5920=ORIENTED_EDGE('',*,*,#4245,.F.);
#5921=ORIENTED_EDGE('',*,*,#4244,.F.);
#5922=ORIENTED_EDGE('',*,*,#4246,.F.);
#5923=ORIENTED_EDGE('',*,*,#4247,.T.);
#5924=ORIENTED_EDGE('',*,*,#4248,.F.);
#5925=ORIENTED_EDGE('',*,*,#4247,.F.);
#5926=ORIENTED_EDGE('',*,*,#4249,.F.);
#5927=ORIENTED_EDGE('',*,*,#4250,.T.);
#5928=ORIENTED_EDGE('',*,*,#4251,.F.);
#5929=ORIENTED_EDGE('',*,*,#4250,.F.);
#5930=ORIENTED_EDGE('',*,*,#4252,.F.);
#5931=ORIENTED_EDGE('',*,*,#4253,.T.);
#5932=ORIENTED_EDGE('',*,*,#4254,.F.);
#5933=ORIENTED_EDGE('',*,*,#4253,.F.);
#5934=ORIENTED_EDGE('',*,*,#4255,.F.);
#5935=ORIENTED_EDGE('',*,*,#4256,.T.);
#5936=ORIENTED_EDGE('',*,*,#4257,.F.);
#5937=ORIENTED_EDGE('',*,*,#4256,.F.);
#5938=ORIENTED_EDGE('',*,*,#4258,.F.);
#5939=ORIENTED_EDGE('',*,*,#4259,.T.);
#5940=ORIENTED_EDGE('',*,*,#4260,.F.);
#5941=ORIENTED_EDGE('',*,*,#4259,.F.);
#5942=ORIENTED_EDGE('',*,*,#4261,.F.);
#5943=ORIENTED_EDGE('',*,*,#4262,.T.);
#5944=ORIENTED_EDGE('',*,*,#4263,.F.);
#5945=ORIENTED_EDGE('',*,*,#4262,.F.);
#5946=ORIENTED_EDGE('',*,*,#4264,.F.);
#5947=ORIENTED_EDGE('',*,*,#4265,.T.);
#5948=ORIENTED_EDGE('',*,*,#4266,.F.);
#5949=ORIENTED_EDGE('',*,*,#4265,.F.);
#5950=ORIENTED_EDGE('',*,*,#4267,.F.);
#5951=ORIENTED_EDGE('',*,*,#4268,.T.);
#5952=ORIENTED_EDGE('',*,*,#4269,.F.);
#5953=ORIENTED_EDGE('',*,*,#4268,.F.);
#5954=ORIENTED_EDGE('',*,*,#4270,.F.);
#5955=ORIENTED_EDGE('',*,*,#4271,.T.);
#5956=ORIENTED_EDGE('',*,*,#4272,.F.);
#5957=ORIENTED_EDGE('',*,*,#4271,.F.);
#5958=ORIENTED_EDGE('',*,*,#4273,.F.);
#5959=ORIENTED_EDGE('',*,*,#4274,.T.);
#5960=ORIENTED_EDGE('',*,*,#4275,.F.);
#5961=ORIENTED_EDGE('',*,*,#4274,.F.);
#5962=ORIENTED_EDGE('',*,*,#4276,.F.);
#5963=ORIENTED_EDGE('',*,*,#4277,.T.);
#5964=ORIENTED_EDGE('',*,*,#4278,.F.);
#5965=ORIENTED_EDGE('',*,*,#4277,.F.);
#5966=ORIENTED_EDGE('',*,*,#4279,.F.);
#5967=ORIENTED_EDGE('',*,*,#4280,.T.);
#5968=ORIENTED_EDGE('',*,*,#4281,.F.);
#5969=ORIENTED_EDGE('',*,*,#4280,.F.);
#5970=ORIENTED_EDGE('',*,*,#4282,.F.);
#5971=ORIENTED_EDGE('',*,*,#4283,.T.);
#5972=ORIENTED_EDGE('',*,*,#4284,.F.);
#5973=ORIENTED_EDGE('',*,*,#4283,.F.);
#5974=ORIENTED_EDGE('',*,*,#4285,.F.);
#5975=ORIENTED_EDGE('',*,*,#4286,.T.);
#5976=ORIENTED_EDGE('',*,*,#4287,.F.);
#5977=ORIENTED_EDGE('',*,*,#4286,.F.);
#5978=ORIENTED_EDGE('',*,*,#4288,.T.);
#5979=ORIENTED_EDGE('',*,*,#4289,.T.);
#5980=ORIENTED_EDGE('',*,*,#4290,.F.);
#5981=ORIENTED_EDGE('',*,*,#4291,.F.);
#5982=ORIENTED_EDGE('',*,*,#4292,.F.);
#5983=ORIENTED_EDGE('',*,*,#4293,.F.);
#5984=ORIENTED_EDGE('',*,*,#4290,.T.);
#5985=ORIENTED_EDGE('',*,*,#4294,.F.);
#5986=ORIENTED_EDGE('',*,*,#4293,.T.);
#5987=ORIENTED_EDGE('',*,*,#4295,.T.);
#5988=ORIENTED_EDGE('',*,*,#4296,.F.);
#5989=ORIENTED_EDGE('',*,*,#4297,.F.);
#5990=ORIENTED_EDGE('',*,*,#4298,.F.);
#5991=ORIENTED_EDGE('',*,*,#4299,.F.);
#5992=ORIENTED_EDGE('',*,*,#4300,.T.);
#5993=ORIENTED_EDGE('',*,*,#4291,.T.);
#5994=ORIENTED_EDGE('',*,*,#4297,.T.);
#5995=ORIENTED_EDGE('',*,*,#4301,.F.);
#5996=ORIENTED_EDGE('',*,*,#4302,.F.);
#5997=ORIENTED_EDGE('',*,*,#4303,.T.);
#5998=ORIENTED_EDGE('',*,*,#4299,.T.);
#5999=ORIENTED_EDGE('',*,*,#4204,.T.);
#6000=ORIENTED_EDGE('',*,*,#4208,.T.);
#6001=ORIENTED_EDGE('',*,*,#4211,.T.);
#6002=ORIENTED_EDGE('',*,*,#4214,.T.);
#6003=ORIENTED_EDGE('',*,*,#4304,.F.);
#6004=ORIENTED_EDGE('',*,*,#4305,.F.);
#6005=ORIENTED_EDGE('',*,*,#4306,.T.);
#6006=ORIENTED_EDGE('',*,*,#4302,.T.);
#6007=ORIENTED_EDGE('',*,*,#4307,.F.);
#6008=ORIENTED_EDGE('',*,*,#4308,.F.);
#6009=ORIENTED_EDGE('',*,*,#4309,.F.);
#6010=ORIENTED_EDGE('',*,*,#4305,.T.);
#6011=ORIENTED_EDGE('',*,*,#4216,.T.);
#6012=ORIENTED_EDGE('',*,*,#4219,.T.);
#6013=ORIENTED_EDGE('',*,*,#4222,.T.);
#6014=ORIENTED_EDGE('',*,*,#4225,.T.);
#6015=ORIENTED_EDGE('',*,*,#4228,.T.);
#6016=ORIENTED_EDGE('',*,*,#4231,.T.);
#6017=ORIENTED_EDGE('',*,*,#4234,.T.);
#6018=ORIENTED_EDGE('',*,*,#4237,.T.);
#6019=ORIENTED_EDGE('',*,*,#4240,.T.);
#6020=ORIENTED_EDGE('',*,*,#4243,.T.);
#6021=ORIENTED_EDGE('',*,*,#4246,.T.);
#6022=ORIENTED_EDGE('',*,*,#4249,.T.);
#6023=ORIENTED_EDGE('',*,*,#4252,.T.);
#6024=ORIENTED_EDGE('',*,*,#4255,.T.);
#6025=ORIENTED_EDGE('',*,*,#4258,.T.);
#6026=ORIENTED_EDGE('',*,*,#4261,.T.);
#6027=ORIENTED_EDGE('',*,*,#4264,.T.);
#6028=ORIENTED_EDGE('',*,*,#4267,.T.);
#6029=ORIENTED_EDGE('',*,*,#4270,.T.);
#6030=ORIENTED_EDGE('',*,*,#4273,.T.);
#6031=ORIENTED_EDGE('',*,*,#4276,.T.);
#6032=ORIENTED_EDGE('',*,*,#4279,.T.);
#6033=ORIENTED_EDGE('',*,*,#4282,.T.);
#6034=ORIENTED_EDGE('',*,*,#4285,.T.);
#6035=ORIENTED_EDGE('',*,*,#4310,.F.);
#6036=ORIENTED_EDGE('',*,*,#4311,.F.);
#6037=ORIENTED_EDGE('',*,*,#4312,.F.);
#6038=ORIENTED_EDGE('',*,*,#4308,.T.);
#6039=ORIENTED_EDGE('',*,*,#4313,.F.);
#6040=ORIENTED_EDGE('',*,*,#4314,.F.);
#6041=ORIENTED_EDGE('',*,*,#4315,.F.);
#6042=ORIENTED_EDGE('',*,*,#4311,.T.);
#6043=ORIENTED_EDGE('',*,*,#4192,.T.);
#6044=ORIENTED_EDGE('',*,*,#4202,.T.);
#6045=ORIENTED_EDGE('',*,*,#4199,.T.);
#6046=ORIENTED_EDGE('',*,*,#4196,.T.);
#6047=ORIENTED_EDGE('',*,*,#4316,.F.);
#6048=ORIENTED_EDGE('',*,*,#4317,.F.);
#6049=ORIENTED_EDGE('',*,*,#4289,.F.);
#6050=ORIENTED_EDGE('',*,*,#4318,.F.);
#6051=ORIENTED_EDGE('',*,*,#4314,.T.);
#6052=ORIENTED_EDGE('',*,*,#4294,.T.);
#6053=ORIENTED_EDGE('',*,*,#4317,.T.);
#6054=ORIENTED_EDGE('',*,*,#4319,.F.);
#6055=ORIENTED_EDGE('',*,*,#4320,.F.);
#6056=ORIENTED_EDGE('',*,*,#4292,.T.);
#6057=ORIENTED_EDGE('',*,*,#4320,.T.);
#6058=ORIENTED_EDGE('',*,*,#4321,.F.);
#6059=ORIENTED_EDGE('',*,*,#4295,.F.);
#6060=ORIENTED_EDGE('',*,*,#4218,.T.);
#6061=ORIENTED_EDGE('',*,*,#4221,.T.);
#6062=ORIENTED_EDGE('',*,*,#4224,.T.);
#6063=ORIENTED_EDGE('',*,*,#4227,.T.);
#6064=ORIENTED_EDGE('',*,*,#4230,.T.);
#6065=ORIENTED_EDGE('',*,*,#4233,.T.);
#6066=ORIENTED_EDGE('',*,*,#4236,.T.);
#6067=ORIENTED_EDGE('',*,*,#4239,.T.);
#6068=ORIENTED_EDGE('',*,*,#4242,.T.);
#6069=ORIENTED_EDGE('',*,*,#4245,.T.);
#6070=ORIENTED_EDGE('',*,*,#4248,.T.);
#6071=ORIENTED_EDGE('',*,*,#4251,.T.);
#6072=ORIENTED_EDGE('',*,*,#4254,.T.);
#6073=ORIENTED_EDGE('',*,*,#4257,.T.);
#6074=ORIENTED_EDGE('',*,*,#4260,.T.);
#6075=ORIENTED_EDGE('',*,*,#4263,.T.);
#6076=ORIENTED_EDGE('',*,*,#4266,.T.);
#6077=ORIENTED_EDGE('',*,*,#4269,.T.);
#6078=ORIENTED_EDGE('',*,*,#4272,.T.);
#6079=ORIENTED_EDGE('',*,*,#4275,.T.);
#6080=ORIENTED_EDGE('',*,*,#4278,.T.);
#6081=ORIENTED_EDGE('',*,*,#4281,.T.);
#6082=ORIENTED_EDGE('',*,*,#4284,.T.);
#6083=ORIENTED_EDGE('',*,*,#4287,.T.);
#6084=ORIENTED_EDGE('',*,*,#4309,.T.);
#6085=ORIENTED_EDGE('',*,*,#4312,.T.);
#6086=ORIENTED_EDGE('',*,*,#4315,.T.);
#6087=ORIENTED_EDGE('',*,*,#4318,.T.);
#6088=ORIENTED_EDGE('',*,*,#4288,.F.);
#6089=ORIENTED_EDGE('',*,*,#4300,.F.);
#6090=ORIENTED_EDGE('',*,*,#4303,.F.);
#6091=ORIENTED_EDGE('',*,*,#4306,.F.);
#6092=ORIENTED_EDGE('',*,*,#4310,.T.);
#6093=ORIENTED_EDGE('',*,*,#4307,.T.);
#6094=ORIENTED_EDGE('',*,*,#4304,.T.);
#6095=ORIENTED_EDGE('',*,*,#4301,.T.);
#6096=ORIENTED_EDGE('',*,*,#4298,.T.);
#6097=ORIENTED_EDGE('',*,*,#4296,.T.);
#6098=ORIENTED_EDGE('',*,*,#4321,.T.);
#6099=ORIENTED_EDGE('',*,*,#4319,.T.);
#6100=ORIENTED_EDGE('',*,*,#4316,.T.);
#6101=ORIENTED_EDGE('',*,*,#4313,.T.);
#6102=ORIENTED_EDGE('',*,*,#4322,.T.);
#6103=ORIENTED_EDGE('',*,*,#4323,.T.);
#6104=ORIENTED_EDGE('',*,*,#4324,.T.);
#6105=ORIENTED_EDGE('',*,*,#4325,.T.);
#6106=ORIENTED_EDGE('',*,*,#4323,.F.);
#6107=ORIENTED_EDGE('',*,*,#4326,.T.);
#6108=ORIENTED_EDGE('',*,*,#4327,.T.);
#6109=ORIENTED_EDGE('',*,*,#4328,.F.);
#6110=ORIENTED_EDGE('',*,*,#4322,.F.);
#6111=ORIENTED_EDGE('',*,*,#4329,.F.);
#6112=ORIENTED_EDGE('',*,*,#4330,.T.);
#6113=ORIENTED_EDGE('',*,*,#4331,.T.);
#6114=ORIENTED_EDGE('',*,*,#4332,.F.);
#6115=ORIENTED_EDGE('',*,*,#4333,.T.);
#6116=ORIENTED_EDGE('',*,*,#4334,.F.);
#6117=ORIENTED_EDGE('',*,*,#4335,.T.);
#6118=ORIENTED_EDGE('',*,*,#4336,.T.);
#6119=ORIENTED_EDGE('',*,*,#4337,.F.);
#6120=ORIENTED_EDGE('',*,*,#4338,.F.);
#6121=ORIENTED_EDGE('',*,*,#4326,.F.);
#6122=ORIENTED_EDGE('',*,*,#4334,.T.);
#6123=ORIENTED_EDGE('',*,*,#4339,.T.);
#6124=ORIENTED_EDGE('',*,*,#4340,.T.);
#6125=ORIENTED_EDGE('',*,*,#4341,.T.);
#6126=ORIENTED_EDGE('',*,*,#4342,.F.);
#6127=ORIENTED_EDGE('',*,*,#4339,.F.);
#6128=ORIENTED_EDGE('',*,*,#4333,.F.);
#6129=ORIENTED_EDGE('',*,*,#4343,.F.);
#6130=ORIENTED_EDGE('',*,*,#4344,.F.);
#6131=ORIENTED_EDGE('',*,*,#4345,.F.);
#6132=ORIENTED_EDGE('',*,*,#4346,.F.);
#6133=ORIENTED_EDGE('',*,*,#4347,.T.);
#6134=ORIENTED_EDGE('',*,*,#4348,.T.);
#6135=ORIENTED_EDGE('',*,*,#4349,.T.);
#6136=ORIENTED_EDGE('',*,*,#4350,.T.);
#6137=ORIENTED_EDGE('',*,*,#4351,.T.);
#6138=ORIENTED_EDGE('',*,*,#4352,.T.);
#6139=ORIENTED_EDGE('',*,*,#4353,.F.);
#6140=ORIENTED_EDGE('',*,*,#4354,.F.);
#6141=ORIENTED_EDGE('',*,*,#4352,.F.);
#6142=ORIENTED_EDGE('',*,*,#4355,.F.);
#6143=ORIENTED_EDGE('',*,*,#4356,.F.);
#6144=ORIENTED_EDGE('',*,*,#4357,.F.);
#6145=ORIENTED_EDGE('',*,*,#4351,.F.);
#6146=ORIENTED_EDGE('',*,*,#4358,.F.);
#6147=ORIENTED_EDGE('',*,*,#4359,.F.);
#6148=ORIENTED_EDGE('',*,*,#4360,.F.);
#6149=ORIENTED_EDGE('',*,*,#4356,.T.);
#6150=ORIENTED_EDGE('',*,*,#4361,.F.);
#6151=ORIENTED_EDGE('',*,*,#4362,.T.);
#6152=ORIENTED_EDGE('',*,*,#4363,.F.);
#6153=ORIENTED_EDGE('',*,*,#4359,.T.);
#6154=ORIENTED_EDGE('',*,*,#4364,.F.);
#6155=ORIENTED_EDGE('',*,*,#4349,.F.);
#6156=ORIENTED_EDGE('',*,*,#4365,.F.);
#6157=ORIENTED_EDGE('',*,*,#4350,.F.);
#6158=ORIENTED_EDGE('',*,*,#4366,.F.);
#6159=ORIENTED_EDGE('',*,*,#4367,.F.);
#6160=ORIENTED_EDGE('',*,*,#4368,.F.);
#6161=ORIENTED_EDGE('',*,*,#4348,.F.);
#6162=ORIENTED_EDGE('',*,*,#4369,.F.);
#6163=ORIENTED_EDGE('',*,*,#4370,.F.);
#6164=ORIENTED_EDGE('',*,*,#4371,.F.);
#6165=ORIENTED_EDGE('',*,*,#4367,.T.);
#6166=ORIENTED_EDGE('',*,*,#4372,.F.);
#6167=ORIENTED_EDGE('',*,*,#4373,.F.);
#6168=ORIENTED_EDGE('',*,*,#4370,.T.);
#6169=ORIENTED_EDGE('',*,*,#4374,.F.);
#6170=ORIENTED_EDGE('',*,*,#4324,.F.);
#6171=ORIENTED_EDGE('',*,*,#4375,.F.);
#6172=ORIENTED_EDGE('',*,*,#4376,.F.);
#6173=ORIENTED_EDGE('',*,*,#4377,.F.);
#6174=ORIENTED_EDGE('',*,*,#4347,.F.);
#6175=ORIENTED_EDGE('',*,*,#4378,.F.);
#6176=ORIENTED_EDGE('',*,*,#4376,.T.);
#6177=ORIENTED_EDGE('',*,*,#4379,.F.);
#6178=ORIENTED_EDGE('',*,*,#4330,.F.);
#6179=ORIENTED_EDGE('',*,*,#4363,.T.);
#6180=ORIENTED_EDGE('',*,*,#4380,.T.);
#6181=ORIENTED_EDGE('',*,*,#4355,.T.);
#6182=ORIENTED_EDGE('',*,*,#4357,.T.);
#6183=ORIENTED_EDGE('',*,*,#4360,.T.);
#6184=ORIENTED_EDGE('',*,*,#4361,.T.);
#6185=ORIENTED_EDGE('',*,*,#4381,.F.);
#6186=ORIENTED_EDGE('',*,*,#4371,.T.);
#6187=ORIENTED_EDGE('',*,*,#4382,.F.);
#6188=ORIENTED_EDGE('',*,*,#4358,.T.);
#6189=ORIENTED_EDGE('',*,*,#4365,.T.);
#6190=ORIENTED_EDGE('',*,*,#4368,.T.);
#6191=ORIENTED_EDGE('',*,*,#4381,.T.);
#6192=ORIENTED_EDGE('',*,*,#4383,.T.);
#6193=ORIENTED_EDGE('',*,*,#4364,.T.);
#6194=ORIENTED_EDGE('',*,*,#4382,.T.);
#6195=ORIENTED_EDGE('',*,*,#4373,.T.);
#6196=ORIENTED_EDGE('',*,*,#4328,.T.);
#6197=ORIENTED_EDGE('',*,*,#4384,.T.);
#6198=ORIENTED_EDGE('',*,*,#4374,.T.);
#6199=ORIENTED_EDGE('',*,*,#4372,.T.);
#6200=ORIENTED_EDGE('',*,*,#4369,.T.);
#6201=ORIENTED_EDGE('',*,*,#4377,.T.);
#6202=ORIENTED_EDGE('',*,*,#4378,.T.);
#6203=ORIENTED_EDGE('',*,*,#4329,.T.);
#6204=ORIENTED_EDGE('',*,*,#4325,.F.);
#6205=ORIENTED_EDGE('',*,*,#4385,.T.);
#6206=ORIENTED_EDGE('',*,*,#4384,.F.);
#6207=ORIENTED_EDGE('',*,*,#4327,.F.);
#6208=ORIENTED_EDGE('',*,*,#4338,.T.);
#6209=ORIENTED_EDGE('',*,*,#4386,.F.);
#6210=ORIENTED_EDGE('',*,*,#4387,.F.);
#6211=ORIENTED_EDGE('',*,*,#4388,.F.);
#6212=ORIENTED_EDGE('',*,*,#4389,.F.);
#6213=ORIENTED_EDGE('',*,*,#4390,.F.);
#6214=ORIENTED_EDGE('',*,*,#4391,.F.);
#6215=ORIENTED_EDGE('',*,*,#4392,.T.);
#6216=ORIENTED_EDGE('',*,*,#4393,.T.);
#6217=ORIENTED_EDGE('',*,*,#4390,.T.);
#6218=ORIENTED_EDGE('',*,*,#4394,.T.);
#6219=ORIENTED_EDGE('',*,*,#4395,.T.);
#6220=ORIENTED_EDGE('',*,*,#4396,.T.);
#6221=ORIENTED_EDGE('',*,*,#4391,.T.);
#6222=ORIENTED_EDGE('',*,*,#4397,.T.);
#6223=ORIENTED_EDGE('',*,*,#4398,.T.);
#6224=ORIENTED_EDGE('',*,*,#4399,.T.);
#6225=ORIENTED_EDGE('',*,*,#4395,.F.);
#6226=ORIENTED_EDGE('',*,*,#4400,.T.);
#6227=ORIENTED_EDGE('',*,*,#4401,.F.);
#6228=ORIENTED_EDGE('',*,*,#4402,.T.);
#6229=ORIENTED_EDGE('',*,*,#4398,.F.);
#6230=ORIENTED_EDGE('',*,*,#4403,.T.);
#6231=ORIENTED_EDGE('',*,*,#4387,.T.);
#6232=ORIENTED_EDGE('',*,*,#4404,.T.);
#6233=ORIENTED_EDGE('',*,*,#4389,.T.);
#6234=ORIENTED_EDGE('',*,*,#4405,.T.);
#6235=ORIENTED_EDGE('',*,*,#4406,.T.);
#6236=ORIENTED_EDGE('',*,*,#4345,.T.);
#6237=ORIENTED_EDGE('',*,*,#4388,.T.);
#6238=ORIENTED_EDGE('',*,*,#4407,.T.);
#6239=ORIENTED_EDGE('',*,*,#4408,.T.);
#6240=ORIENTED_EDGE('',*,*,#4346,.T.);
#6241=ORIENTED_EDGE('',*,*,#4406,.F.);
#6242=ORIENTED_EDGE('',*,*,#4409,.T.);
#6243=ORIENTED_EDGE('',*,*,#4342,.T.);
#6244=ORIENTED_EDGE('',*,*,#4408,.F.);
#6245=ORIENTED_EDGE('',*,*,#4410,.T.);
#6246=ORIENTED_EDGE('',*,*,#4340,.F.);
#6247=ORIENTED_EDGE('',*,*,#4411,.T.);
#6248=ORIENTED_EDGE('',*,*,#4386,.T.);
#6249=ORIENTED_EDGE('',*,*,#4344,.T.);
#6250=ORIENTED_EDGE('',*,*,#4412,.T.);
#6251=ORIENTED_EDGE('',*,*,#4343,.T.);
#6252=ORIENTED_EDGE('',*,*,#4332,.T.);
#6253=ORIENTED_EDGE('',*,*,#4413,.T.);
#6254=ORIENTED_EDGE('',*,*,#4412,.F.);
#6255=ORIENTED_EDGE('',*,*,#4403,.F.);
#6256=ORIENTED_EDGE('',*,*,#4400,.F.);
#6257=ORIENTED_EDGE('',*,*,#4397,.F.);
#6258=ORIENTED_EDGE('',*,*,#4393,.F.);
#6259=ORIENTED_EDGE('',*,*,#4414,.F.);
#6260=ORIENTED_EDGE('',*,*,#4415,.F.);
#6261=ORIENTED_EDGE('',*,*,#4394,.F.);
#6262=ORIENTED_EDGE('',*,*,#4404,.F.);
#6263=ORIENTED_EDGE('',*,*,#4411,.F.);
#6264=ORIENTED_EDGE('',*,*,#4416,.F.);
#6265=ORIENTED_EDGE('',*,*,#4375,.T.);
#6266=ORIENTED_EDGE('',*,*,#4366,.T.);
#6267=ORIENTED_EDGE('',*,*,#4354,.T.);
#6268=ORIENTED_EDGE('',*,*,#4413,.F.);
#6269=ORIENTED_EDGE('',*,*,#4331,.F.);
#6270=ORIENTED_EDGE('',*,*,#4379,.T.);
#6271=ORIENTED_EDGE('',*,*,#4416,.T.);
#6272=ORIENTED_EDGE('',*,*,#4399,.F.);
#6273=ORIENTED_EDGE('',*,*,#4417,.T.);
#6274=ORIENTED_EDGE('',*,*,#4409,.F.);
#6275=ORIENTED_EDGE('',*,*,#4418,.T.);
#6276=ORIENTED_EDGE('',*,*,#4396,.F.);
#6277=ORIENTED_EDGE('',*,*,#4418,.F.);
#6278=ORIENTED_EDGE('',*,*,#4407,.F.);
#6279=ORIENTED_EDGE('',*,*,#4405,.F.);
#6280=ORIENTED_EDGE('',*,*,#4419,.F.);
#6281=ORIENTED_EDGE('',*,*,#4420,.F.);
#6282=ORIENTED_EDGE('',*,*,#4421,.F.);
#6283=ORIENTED_EDGE('',*,*,#4410,.F.);
#6284=ORIENTED_EDGE('',*,*,#4417,.F.);
#6285=ORIENTED_EDGE('',*,*,#4402,.F.);
#6286=ORIENTED_EDGE('',*,*,#4341,.F.);
#6287=ORIENTED_EDGE('',*,*,#4421,.T.);
#6288=ORIENTED_EDGE('',*,*,#4422,.F.);
#6289=ORIENTED_EDGE('',*,*,#4335,.F.);
#6290=ORIENTED_EDGE('',*,*,#4423,.F.);
#6291=ORIENTED_EDGE('',*,*,#4336,.F.);
#6292=ORIENTED_EDGE('',*,*,#4422,.T.);
#6293=ORIENTED_EDGE('',*,*,#4420,.T.);
#6294=ORIENTED_EDGE('',*,*,#4415,.T.);
#6295=ORIENTED_EDGE('',*,*,#4353,.T.);
#6296=ORIENTED_EDGE('',*,*,#4380,.F.);
#6297=ORIENTED_EDGE('',*,*,#4362,.F.);
#6298=ORIENTED_EDGE('',*,*,#4383,.F.);
#6299=ORIENTED_EDGE('',*,*,#4385,.F.);
#6300=ORIENTED_EDGE('',*,*,#4337,.T.);
#6301=ORIENTED_EDGE('',*,*,#4423,.T.);
#6302=ORIENTED_EDGE('',*,*,#4419,.T.);
#6303=ORIENTED_EDGE('',*,*,#4401,.T.);
#6304=ORIENTED_EDGE('',*,*,#4414,.T.);
#6305=ORIENTED_EDGE('',*,*,#4392,.F.);
#6306=CYLINDRICAL_SURFACE('',#6843,10.);
#6307=CYLINDRICAL_SURFACE('',#6846,10.);
#6308=CYLINDRICAL_SURFACE('',#6848,10.);
#6309=CYLINDRICAL_SURFACE('',#6850,10.);
#6310=CYLINDRICAL_SURFACE('',#6898,0.989999999999999);
#6311=CYLINDRICAL_SURFACE('',#6905,0.99);
#6312=CYLINDRICAL_SURFACE('',#6908,0.99);
#6313=CYLINDRICAL_SURFACE('',#6909,0.99);
#6314=CYLINDRICAL_SURFACE('',#6914,0.99);
#6315=CYLINDRICAL_SURFACE('',#6918,0.99);
#6316=CYLINDRICAL_SURFACE('',#6920,0.99);
#6317=CYLINDRICAL_SURFACE('',#6928,0.99);
#6318=CYLINDRICAL_SURFACE('',#6930,0.99);
#6319=CYLINDRICAL_SURFACE('',#6935,8.);
#6320=CYLINDRICAL_SURFACE('',#6943,0.99);
#6321=CYLINDRICAL_SURFACE('',#6950,0.99);
#6322=CYLINDRICAL_SURFACE('',#6953,0.99);
#6323=CYLINDRICAL_SURFACE('',#6955,0.99);
#6324=CYLINDRICAL_SURFACE('',#6959,0.99);
#6325=CYLINDRICAL_SURFACE('',#6967,0.99);
#6326=CYLINDRICAL_SURFACE('',#6969,0.99);
#6327=CYLINDRICAL_SURFACE('',#6971,0.99);
#6328=CYLINDRICAL_SURFACE('',#6979,0.99);
#6329=CYLINDRICAL_SURFACE('',#6983,3.99999999999999);
#6330=CYLINDRICAL_SURFACE('',#6995,8.);
#6331=CYLINDRICAL_SURFACE('',#7039,3.99999999999999);
#6332=CYLINDRICAL_SURFACE('',#7093,0.5);
#6333=CYLINDRICAL_SURFACE('',#7097,0.5);
#6334=CYLINDRICAL_SURFACE('',#7101,50.);
#6335=CYLINDRICAL_SURFACE('',#7106,0.757436333542058);
#6336=CYLINDRICAL_SURFACE('',#7109,2.25743633354206);
#6337=CYLINDRICAL_SURFACE('',#7113,1.);
#6338=CYLINDRICAL_SURFACE('',#7156,1.);
#6339=CYLINDRICAL_SURFACE('',#7164,1.);
#6340=CYLINDRICAL_SURFACE('',#7171,1.);
#6341=CYLINDRICAL_SURFACE('',#7184,4.);
#6342=CYLINDRICAL_SURFACE('',#7187,4.);
#6343=CYLINDRICAL_SURFACE('',#7188,1.);
#6344=CYLINDRICAL_SURFACE('',#7194,4.);
#6345=CYLINDRICAL_SURFACE('',#7200,4.);
#6346=CYLINDRICAL_SURFACE('',#7201,1.);
#6347=CYLINDRICAL_SURFACE('',#7202,1.);
#6348=CYLINDRICAL_SURFACE('',#7203,1.);
#6349=CYLINDRICAL_SURFACE('',#7211,0.757436333542058);
#6350=CYLINDRICAL_SURFACE('',#7213,2.25743633354206);
#6351=CYLINDRICAL_SURFACE('',#7219,3.1);
#6352=CYLINDRICAL_SURFACE('',#7221,3.1);
#6353=CYLINDRICAL_SURFACE('',#7223,3.1);
#6354=CYLINDRICAL_SURFACE('',#7225,3.1);
#6355=CYLINDRICAL_SURFACE('',#7227,3.1);
#6356=CYLINDRICAL_SURFACE('',#7229,3.1);
#6357=CYLINDRICAL_SURFACE('',#7231,3.1);
#6358=CYLINDRICAL_SURFACE('',#7233,3.1);
#6359=CYLINDRICAL_SURFACE('',#7235,3.1);
#6360=CYLINDRICAL_SURFACE('',#7237,3.1);
#6361=CYLINDRICAL_SURFACE('',#7239,3.1);
#6362=CYLINDRICAL_SURFACE('',#7241,3.1);
#6363=CYLINDRICAL_SURFACE('',#7243,3.1);
#6364=CYLINDRICAL_SURFACE('',#7245,3.1);
#6365=CYLINDRICAL_SURFACE('',#7247,3.1);
#6366=CYLINDRICAL_SURFACE('',#7249,3.1);
#6367=CYLINDRICAL_SURFACE('',#7251,3.1);
#6368=CYLINDRICAL_SURFACE('',#7253,3.1);
#6369=CYLINDRICAL_SURFACE('',#7255,3.1);
#6370=CYLINDRICAL_SURFACE('',#7257,3.1);
#6371=CYLINDRICAL_SURFACE('',#7259,3.1);
#6372=CYLINDRICAL_SURFACE('',#7261,3.1);
#6373=CYLINDRICAL_SURFACE('',#7263,3.1);
#6374=CYLINDRICAL_SURFACE('',#7265,3.1);
#6375=CYLINDRICAL_SURFACE('',#7279,2.1);
#6376=CYLINDRICAL_SURFACE('',#7282,2.1);
#6377=CYLINDRICAL_SURFACE('',#7285,2.1);
#6378=CYLINDRICAL_SURFACE('',#7288,2.1);
#6379=CYLINDRICAL_SURFACE('',#7291,2.1);
#6380=CYLINDRICAL_SURFACE('',#7294,2.1);
#6381=CYLINDRICAL_SURFACE('',#7297,2.1);
#6382=CYLINDRICAL_SURFACE('',#7300,2.1);
#6383=CYLINDRICAL_SURFACE('',#7303,2.1);
#6384=CYLINDRICAL_SURFACE('',#7306,2.1);
#6385=CYLINDRICAL_SURFACE('',#7309,2.1);
#6386=CYLINDRICAL_SURFACE('',#7312,2.1);
#6387=CYLINDRICAL_SURFACE('',#7315,2.1);
#6388=CYLINDRICAL_SURFACE('',#7318,2.1);
#6389=CYLINDRICAL_SURFACE('',#7321,2.1);
#6390=CYLINDRICAL_SURFACE('',#7324,2.1);
#6391=CYLINDRICAL_SURFACE('',#7327,2.1);
#6392=CYLINDRICAL_SURFACE('',#7330,2.1);
#6393=CYLINDRICAL_SURFACE('',#7333,2.1);
#6394=CYLINDRICAL_SURFACE('',#7336,2.1);
#6395=CYLINDRICAL_SURFACE('',#7339,2.1);
#6396=CYLINDRICAL_SURFACE('',#7342,2.1);
#6397=CYLINDRICAL_SURFACE('',#7345,2.1);
#6398=CYLINDRICAL_SURFACE('',#7348,2.1);
#6399=CYLINDRICAL_SURFACE('',#7366,1.);
#6400=CYLINDRICAL_SURFACE('',#7374,1.);
#6401=CYLINDRICAL_SURFACE('',#7386,1.);
#6402=CYLINDRICAL_SURFACE('',#7388,1.);
#6403=CYLINDRICAL_SURFACE('',#7394,1.);
#6404=CYLINDRICAL_SURFACE('',#7396,1.);
#6405=CYLINDRICAL_SURFACE('',#7397,1.);
#6406=CYLINDRICAL_SURFACE('',#7403,1.);
#6407=CYLINDRICAL_SURFACE('',#7404,1.);
#6408=CYLINDRICAL_SURFACE('',#7406,1.);
#6409=CYLINDRICAL_SURFACE('',#7408,10.);
#6410=CYLINDRICAL_SURFACE('',#7421,1.);
#6411=CYLINDRICAL_SURFACE('',#7423,1.);
#6412=CYLINDRICAL_SURFACE('',#7429,1.);
#6413=CYLINDRICAL_SURFACE('',#7431,1.);
#6414=CYLINDRICAL_SURFACE('',#7432,1.);
#6415=CYLINDRICAL_SURFACE('',#7437,1.);
#6416=CYLINDRICAL_SURFACE('',#7438,1.);
#6417=CYLINDRICAL_SURFACE('',#7440,1.);
#6418=CYLINDRICAL_SURFACE('',#7444,10.);
#6419=ADVANCED_FACE('',(#621),#6306,.T.);
#6420=ADVANCED_FACE('',(#622),#6307,.T.);
#6421=ADVANCED_FACE('',(#623),#6308,.T.);
#6422=ADVANCED_FACE('',(#624),#6309,.T.);
#6423=ADVANCED_FACE('',(#625),#383,.T.);
#6424=ADVANCED_FACE('',(#626),#384,.T.);
#6425=ADVANCED_FACE('',(#627),#385,.T.);
#6426=ADVANCED_FACE('',(#628),#386,.T.);
#6427=ADVANCED_FACE('',(#629),#387,.F.);
#6428=ADVANCED_FACE('',(#630),#388,.F.);
#6429=ADVANCED_FACE('',(#631),#389,.F.);
#6430=ADVANCED_FACE('',(#632),#390,.F.);
#6431=ADVANCED_FACE('',(#633),#391,.F.);
#6432=ADVANCED_FACE('',(#634),#392,.F.);
#6433=ADVANCED_FACE('',(#635),#393,.F.);
#6434=ADVANCED_FACE('',(#636),#394,.T.);
#6435=ADVANCED_FACE('',(#637),#395,.T.);
#6436=ADVANCED_FACE('',(#638),#396,.T.);
#6437=ADVANCED_FACE('',(#639),#397,.T.);
#6438=ADVANCED_FACE('',(#640),#398,.T.);
#6439=ADVANCED_FACE('',(#641),#399,.T.);
#6440=ADVANCED_FACE('',(#642),#400,.T.);
#6441=ADVANCED_FACE('',(#643),#401,.T.);
#6442=ADVANCED_FACE('',(#644),#402,.T.);
#6443=ADVANCED_FACE('',(#645),#403,.T.);
#6444=ADVANCED_FACE('',(#646),#404,.T.);
#6445=ADVANCED_FACE('',(#647),#405,.T.);
#6446=ADVANCED_FACE('',(#648),#406,.T.);
#6447=ADVANCED_FACE('',(#649),#407,.F.);
#6448=ADVANCED_FACE('',(#650,#277),#408,.F.);
#6449=ADVANCED_FACE('',(#651,#278),#409,.T.);
#6450=ADVANCED_FACE('',(#652),#410,.T.);
#6451=ADVANCED_FACE('',(#653),#411,.T.);
#6452=ADVANCED_FACE('',(#654),#412,.T.);
#6453=ADVANCED_FACE('',(#655),#413,.T.);
#6454=ADVANCED_FACE('',(#656),#414,.T.);
#6455=ADVANCED_FACE('',(#657),#415,.T.);
#6456=ADVANCED_FACE('',(#658),#416,.T.);
#6457=ADVANCED_FACE('',(#659),#417,.T.);
#6458=ADVANCED_FACE('',(#660),#418,.T.);
#6459=ADVANCED_FACE('',(#661),#419,.T.);
#6460=ADVANCED_FACE('',(#662),#420,.T.);
#6461=ADVANCED_FACE('',(#663),#421,.T.);
#6462=ADVANCED_FACE('',(#664),#422,.T.);
#6463=ADVANCED_FACE('',(#665),#423,.T.);
#6464=ADVANCED_FACE('',(#666,#279),#424,.T.);
#6465=ADVANCED_FACE('',(#667),#425,.T.);
#6466=ADVANCED_FACE('',(#668),#426,.T.);
#6467=ADVANCED_FACE('',(#669),#427,.F.);
#6468=ADVANCED_FACE('',(#670),#428,.T.);
#6469=ADVANCED_FACE('',(#671),#429,.T.);
#6470=ADVANCED_FACE('',(#672),#6310,.T.);
#6471=ADVANCED_FACE('',(#673),#430,.T.);
#6472=ADVANCED_FACE('',(#674),#431,.T.);
#6473=ADVANCED_FACE('',(#675),#6311,.T.);
#6474=ADVANCED_FACE('',(#676),#6312,.T.);
#6475=ADVANCED_FACE('',(#677),#6313,.T.);
#6476=ADVANCED_FACE('',(#678),#432,.T.);
#6477=ADVANCED_FACE('',(#679),#433,.T.);
#6478=ADVANCED_FACE('',(#680),#434,.T.);
#6479=ADVANCED_FACE('',(#681),#6314,.T.);
#6480=ADVANCED_FACE('',(#682),#6315,.T.);
#6481=ADVANCED_FACE('',(#683),#6316,.T.);
#6482=ADVANCED_FACE('',(#684),#43,.T.);
#6483=ADVANCED_FACE('',(#685),#6317,.T.);
#6484=ADVANCED_FACE('',(#686),#6318,.T.);
#6485=ADVANCED_FACE('',(#687),#435,.T.);
#6486=ADVANCED_FACE('',(#688),#436,.T.);
#6487=ADVANCED_FACE('',(#689),#6319,.T.);
#6488=ADVANCED_FACE('',(#690),#437,.T.);
#6489=ADVANCED_FACE('',(#691),#438,.T.);
#6490=ADVANCED_FACE('',(#692),#439,.T.);
#6491=ADVANCED_FACE('',(#693),#440,.T.);
#6492=ADVANCED_FACE('',(#694),#441,.T.);
#6493=ADVANCED_FACE('',(#695),#442,.T.);
#6494=ADVANCED_FACE('',(#696),#6320,.T.);
#6495=ADVANCED_FACE('',(#697),#443,.T.);
#6496=ADVANCED_FACE('',(#698),#444,.T.);
#6497=ADVANCED_FACE('',(#699),#6321,.T.);
#6498=ADVANCED_FACE('',(#700),#6322,.T.);
#6499=ADVANCED_FACE('',(#701),#6323,.T.);
#6500=ADVANCED_FACE('',(#702),#445,.T.);
#6501=ADVANCED_FACE('',(#703),#446,.T.);
#6502=ADVANCED_FACE('',(#704),#447,.T.);
#6503=ADVANCED_FACE('',(#705),#6324,.T.);
#6504=ADVANCED_FACE('',(#706),#448,.T.);
#6505=ADVANCED_FACE('',(#707),#449,.T.);
#6506=ADVANCED_FACE('',(#708),#450,.T.);
#6507=ADVANCED_FACE('',(#709),#6325,.T.);
#6508=ADVANCED_FACE('',(#710),#6326,.T.);
#6509=ADVANCED_FACE('',(#711),#6327,.T.);
#6510=ADVANCED_FACE('',(#712),#44,.T.);
#6511=ADVANCED_FACE('',(#713),#6328,.T.);
#6512=ADVANCED_FACE('',(#714),#451,.F.);
#6513=ADVANCED_FACE('',(#715),#452,.T.);
#6514=ADVANCED_FACE('',(#716),#6329,.T.);
#6515=ADVANCED_FACE('',(#717),#453,.T.);
#6516=ADVANCED_FACE('',(#718),#454,.T.);
#6517=ADVANCED_FACE('',(#719),#455,.T.);
#6518=ADVANCED_FACE('',(#720),#456,.T.);
#6519=ADVANCED_FACE('',(#721),#457,.T.);
#6520=ADVANCED_FACE('',(#722),#458,.T.);
#6521=ADVANCED_FACE('',(#723),#459,.T.);
#6522=ADVANCED_FACE('',(#724),#460,.T.);
#6523=ADVANCED_FACE('',(#725),#6330,.T.);
#6524=ADVANCED_FACE('',(#726),#461,.F.);
#6525=ADVANCED_FACE('',(#727),#462,.T.);
#6526=ADVANCED_FACE('',(#728),#463,.F.);
#6527=ADVANCED_FACE('',(#729),#464,.F.);
#6528=ADVANCED_FACE('',(#730),#465,.T.);
#6529=ADVANCED_FACE('',(#731),#466,.T.);
#6530=ADVANCED_FACE('',(#732),#467,.T.);
#6531=ADVANCED_FACE('',(#733),#468,.T.);
#6532=ADVANCED_FACE('',(#734),#469,.T.);
#6533=ADVANCED_FACE('',(#735),#470,.T.);
#6534=ADVANCED_FACE('',(#736),#471,.T.);
#6535=ADVANCED_FACE('',(#737),#472,.T.);
#6536=ADVANCED_FACE('',(#738),#473,.T.);
#6537=ADVANCED_FACE('',(#739),#474,.T.);
#6538=ADVANCED_FACE('',(#740),#475,.T.);
#6539=ADVANCED_FACE('',(#741),#476,.T.);
#6540=ADVANCED_FACE('',(#742),#477,.T.);
#6541=ADVANCED_FACE('',(#743),#478,.T.);
#6542=ADVANCED_FACE('',(#744),#479,.T.);
#6543=ADVANCED_FACE('',(#745),#480,.T.);
#6544=ADVANCED_FACE('',(#746),#481,.T.);
#6545=ADVANCED_FACE('',(#747),#482,.T.);
#6546=ADVANCED_FACE('',(#748),#483,.T.);
#6547=ADVANCED_FACE('',(#749),#484,.T.);
#6548=ADVANCED_FACE('',(#750),#37,.T.);
#6549=ADVANCED_FACE('',(#751),#485,.T.);
#6550=ADVANCED_FACE('',(#752),#486,.T.);
#6551=ADVANCED_FACE('',(#753),#487,.T.);
#6552=ADVANCED_FACE('',(#754),#488,.T.);
#6553=ADVANCED_FACE('',(#755),#489,.T.);
#6554=ADVANCED_FACE('',(#756),#490,.T.);
#6555=ADVANCED_FACE('',(#757),#38,.T.);
#6556=ADVANCED_FACE('',(#758),#491,.T.);
#6557=ADVANCED_FACE('',(#759),#492,.T.);
#6558=ADVANCED_FACE('',(#760),#493,.T.);
#6559=ADVANCED_FACE('',(#761),#494,.T.);
#6560=ADVANCED_FACE('',(#762,#280),#495,.F.);
#6561=ADVANCED_FACE('',(#763),#496,.T.);
#6562=ADVANCED_FACE('',(#764),#497,.F.);
#6563=ADVANCED_FACE('',(#765),#6331,.T.);
#6564=ADVANCED_FACE('',(#766),#498,.F.);
#6565=ADVANCED_FACE('',(#767),#499,.T.);
#6566=ADVANCED_FACE('',(#768),#500,.T.);
#6567=ADVANCED_FACE('',(#769),#501,.T.);
#6568=ADVANCED_FACE('',(#770),#502,.T.);
#6569=ADVANCED_FACE('',(#771),#503,.T.);
#6570=ADVANCED_FACE('',(#772),#504,.T.);
#6571=ADVANCED_FACE('',(#773),#505,.T.);
#6572=ADVANCED_FACE('',(#774),#506,.T.);
#6573=ADVANCED_FACE('',(#775),#507,.T.);
#6574=ADVANCED_FACE('',(#776),#508,.T.);
#6575=ADVANCED_FACE('',(#777),#509,.T.);
#6576=ADVANCED_FACE('',(#778),#510,.T.);
#6577=ADVANCED_FACE('',(#779),#511,.T.);
#6578=ADVANCED_FACE('',(#780),#512,.T.);
#6579=ADVANCED_FACE('',(#781),#513,.T.);
#6580=ADVANCED_FACE('',(#782),#514,.T.);
#6581=ADVANCED_FACE('',(#783),#515,.F.);
#6582=ADVANCED_FACE('',(#784),#516,.F.);
#6583=ADVANCED_FACE('',(#785),#517,.T.);
#6584=ADVANCED_FACE('',(#786),#518,.T.);
#6585=ADVANCED_FACE('',(#787),#519,.T.);
#6586=ADVANCED_FACE('',(#788),#520,.F.);
#6587=ADVANCED_FACE('',(#789),#521,.F.);
#6588=ADVANCED_FACE('',(#790),#522,.F.);
#6589=ADVANCED_FACE('',(#791),#523,.F.);
#6590=ADVANCED_FACE('',(#792),#524,.F.);
#6591=ADVANCED_FACE('',(#793),#525,.F.);
#6592=ADVANCED_FACE('',(#794),#526,.F.);
#6593=ADVANCED_FACE('',(#795),#527,.T.);
#6594=ADVANCED_FACE('',(#796),#528,.T.);
#6595=ADVANCED_FACE('',(#797),#529,.T.);
#6596=ADVANCED_FACE('',(#798),#530,.T.);
#6597=ADVANCED_FACE('',(#799),#531,.T.);
#6598=ADVANCED_FACE('',(#800),#532,.T.);
#6599=ADVANCED_FACE('',(#801),#533,.T.);
#6600=ADVANCED_FACE('',(#802),#534,.T.);
#6601=ADVANCED_FACE('',(#803),#535,.T.);
#6602=ADVANCED_FACE('',(#804),#536,.T.);
#6603=ADVANCED_FACE('',(#805),#537,.T.);
#6604=ADVANCED_FACE('',(#806),#538,.T.);
#6605=ADVANCED_FACE('',(#807),#539,.T.);
#6606=ADVANCED_FACE('',(#808),#540,.T.);
#6607=ADVANCED_FACE('',(#809),#541,.T.);
#6608=ADVANCED_FACE('',(#810,#281),#542,.T.);
#6609=ADVANCED_FACE('',(#811),#543,.T.);
#6610=ADVANCED_FACE('',(#812),#544,.T.);
#6611=ADVANCED_FACE('',(#813,#282),#545,.T.);
#6612=ADVANCED_FACE('',(#814),#546,.T.);
#6613=ADVANCED_FACE('',(#815),#547,.T.);
#6614=ADVANCED_FACE('',(#816),#548,.T.);
#6615=ADVANCED_FACE('',(#817),#6332,.F.);
#6616=ADVANCED_FACE('',(#818),#549,.F.);
#6617=ADVANCED_FACE('',(#819),#6333,.F.);
#6618=ADVANCED_FACE('',(#820),#550,.T.);
#6619=ADVANCED_FACE('',(#821),#6334,.F.);
#6620=ADVANCED_FACE('',(#822),#551,.T.);
#6621=ADVANCED_FACE('',(#823),#552,.F.);
#6622=ADVANCED_FACE('',(#824),#6335,.F.);
#6623=ADVANCED_FACE('',(#825),#6336,.T.);
#6624=ADVANCED_FACE('',(#826),#553,.T.);
#6625=ADVANCED_FACE('',(#827),#6337,.T.);
#6626=ADVANCED_FACE('',(#828),#554,.F.);
#6627=ADVANCED_FACE('',(#829),#39,.T.);
#6628=ADVANCED_FACE('',(#830),#555,.F.);
#6629=ADVANCED_FACE('',(#831),#556,.T.);
#6630=ADVANCED_FACE('',(#832),#557,.T.);
#6631=ADVANCED_FACE('',(#833),#558,.T.);
#6632=ADVANCED_FACE('',(#834,#283,#284,#285,#286,#287,#288,#289,#290,#291,
#292,#293,#294,#295,#296,#297,#298,#299,#300,#301,#302,#303,#304,#305,#306,
#307),#559,.T.);
#6633=ADVANCED_FACE('',(#835),#6338,.T.);
#6634=ADVANCED_FACE('',(#836),#560,.T.);
#6635=ADVANCED_FACE('',(#837),#561,.F.);
#6636=ADVANCED_FACE('',(#838),#40,.T.);
#6637=ADVANCED_FACE('',(#839),#562,.F.);
#6638=ADVANCED_FACE('',(#840),#6339,.T.);
#6639=ADVANCED_FACE('',(#841),#563,.T.);
#6640=ADVANCED_FACE('',(#842),#564,.T.);
#6641=ADVANCED_FACE('',(#843),#565,.F.);
#6642=ADVANCED_FACE('',(#844),#6340,.T.);
#6643=ADVANCED_FACE('',(#845),#566,.T.);
#6644=ADVANCED_FACE('',(#846),#41,.T.);
#6645=ADVANCED_FACE('',(#847),#567,.T.);
#6646=ADVANCED_FACE('',(#848),#568,.F.);
#6647=ADVANCED_FACE('',(#849),#42,.T.);
#6648=ADVANCED_FACE('',(#850),#15,.T.);
#6649=ADVANCED_FACE('',(#851),#6341,.F.);
#6650=ADVANCED_FACE('',(#852),#16,.T.);
#6651=ADVANCED_FACE('',(#853),#6342,.F.);
#6652=ADVANCED_FACE('',(#854),#6343,.F.);
#6653=ADVANCED_FACE('',(#855),#45,.T.);
#6654=ADVANCED_FACE('',(#856),#6344,.T.);
#6655=ADVANCED_FACE('',(#857),#46,.T.);
#6656=ADVANCED_FACE('',(#858),#6345,.T.);
#6657=ADVANCED_FACE('',(#859),#6346,.T.);
#6658=ADVANCED_FACE('',(#860),#6347,.T.);
#6659=ADVANCED_FACE('',(#861),#6348,.T.);
#6660=ADVANCED_FACE('',(#862),#569,.T.);
#6661=ADVANCED_FACE('',(#863),#570,.T.);
#6662=ADVANCED_FACE('',(#864),#571,.T.);
#6663=ADVANCED_FACE('',(#865),#572,.T.);
#6664=ADVANCED_FACE('',(#866),#573,.T.);
#6665=ADVANCED_FACE('',(#867),#574,.F.);
#6666=ADVANCED_FACE('',(#868),#575,.F.);
#6667=ADVANCED_FACE('',(#869),#6349,.F.);
#6668=ADVANCED_FACE('',(#870),#6350,.T.);
#6669=ADVANCED_FACE('',(#871),#576,.F.);
#6670=ADVANCED_FACE('',(#872),#577,.F.);
#6671=ADVANCED_FACE('',(#873),#578,.F.);
#6672=ADVANCED_FACE('',(#874),#579,.T.);
#6673=ADVANCED_FACE('',(#875),#6351,.F.);
#6674=ADVANCED_FACE('',(#876),#6352,.F.);
#6675=ADVANCED_FACE('',(#877),#6353,.F.);
#6676=ADVANCED_FACE('',(#878),#6354,.F.);
#6677=ADVANCED_FACE('',(#879),#6355,.F.);
#6678=ADVANCED_FACE('',(#880),#6356,.F.);
#6679=ADVANCED_FACE('',(#881),#6357,.F.);
#6680=ADVANCED_FACE('',(#882),#6358,.F.);
#6681=ADVANCED_FACE('',(#883),#6359,.F.);
#6682=ADVANCED_FACE('',(#884),#6360,.F.);
#6683=ADVANCED_FACE('',(#885),#6361,.F.);
#6684=ADVANCED_FACE('',(#886),#6362,.F.);
#6685=ADVANCED_FACE('',(#887),#6363,.F.);
#6686=ADVANCED_FACE('',(#888),#6364,.F.);
#6687=ADVANCED_FACE('',(#889),#6365,.F.);
#6688=ADVANCED_FACE('',(#890),#6366,.F.);
#6689=ADVANCED_FACE('',(#891),#6367,.F.);
#6690=ADVANCED_FACE('',(#892),#6368,.F.);
#6691=ADVANCED_FACE('',(#893),#6369,.F.);
#6692=ADVANCED_FACE('',(#894),#6370,.F.);
#6693=ADVANCED_FACE('',(#895),#6371,.F.);
#6694=ADVANCED_FACE('',(#896),#6372,.F.);
#6695=ADVANCED_FACE('',(#897),#6373,.F.);
#6696=ADVANCED_FACE('',(#898),#6374,.F.);
#6697=ADVANCED_FACE('',(#899,#308,#309,#310,#311,#312,#313,#314,#315,#316,
#317,#318,#319,#320,#321,#322,#323,#324,#325,#326,#327,#328,#329,#330,#331,
#332),#580,.T.);
#6698=ADVANCED_FACE('',(#900),#581,.F.);
#6699=ADVANCED_FACE('',(#901),#582,.F.);
#6700=ADVANCED_FACE('',(#902),#583,.F.);
#6701=ADVANCED_FACE('',(#903),#584,.F.);
#6702=ADVANCED_FACE('',(#904),#585,.F.);
#6703=ADVANCED_FACE('',(#905),#586,.T.);
#6704=ADVANCED_FACE('',(#906),#587,.T.);
#6705=ADVANCED_FACE('',(#907),#588,.T.);
#6706=ADVANCED_FACE('',(#908),#589,.T.);
#6707=ADVANCED_FACE('',(#909),#590,.T.);
#6708=ADVANCED_FACE('',(#910),#6375,.F.);
#6709=ADVANCED_FACE('',(#911),#6376,.F.);
#6710=ADVANCED_FACE('',(#912),#6377,.F.);
#6711=ADVANCED_FACE('',(#913),#6378,.F.);
#6712=ADVANCED_FACE('',(#914),#6379,.F.);
#6713=ADVANCED_FACE('',(#915),#6380,.F.);
#6714=ADVANCED_FACE('',(#916),#6381,.F.);
#6715=ADVANCED_FACE('',(#917),#6382,.F.);
#6716=ADVANCED_FACE('',(#918),#6383,.F.);
#6717=ADVANCED_FACE('',(#919),#6384,.F.);
#6718=ADVANCED_FACE('',(#920),#6385,.F.);
#6719=ADVANCED_FACE('',(#921),#6386,.F.);
#6720=ADVANCED_FACE('',(#922),#6387,.F.);
#6721=ADVANCED_FACE('',(#923),#6388,.F.);
#6722=ADVANCED_FACE('',(#924),#6389,.F.);
#6723=ADVANCED_FACE('',(#925),#6390,.F.);
#6724=ADVANCED_FACE('',(#926),#6391,.F.);
#6725=ADVANCED_FACE('',(#927),#6392,.F.);
#6726=ADVANCED_FACE('',(#928),#6393,.F.);
#6727=ADVANCED_FACE('',(#929),#6394,.F.);
#6728=ADVANCED_FACE('',(#930),#6395,.F.);
#6729=ADVANCED_FACE('',(#931),#6396,.F.);
#6730=ADVANCED_FACE('',(#932),#6397,.F.);
#6731=ADVANCED_FACE('',(#933),#6398,.F.);
#6732=ADVANCED_FACE('',(#934),#591,.T.);
#6733=ADVANCED_FACE('',(#935),#592,.T.);
#6734=ADVANCED_FACE('',(#936),#593,.T.);
#6735=ADVANCED_FACE('',(#937),#594,.T.);
#6736=ADVANCED_FACE('',(#938,#333),#595,.T.);
#6737=ADVANCED_FACE('',(#939),#596,.T.);
#6738=ADVANCED_FACE('',(#940,#334,#335,#336,#337,#338,#339,#340,#341,#342,
#343,#344,#345,#346,#347,#348,#349,#350,#351,#352,#353,#354,#355,#356,#357),
#597,.T.);
#6739=ADVANCED_FACE('',(#941),#598,.T.);
#6740=ADVANCED_FACE('',(#942,#358),#599,.T.);
#6741=ADVANCED_FACE('',(#943),#600,.T.);
#6742=ADVANCED_FACE('',(#944),#601,.T.);
#6743=ADVANCED_FACE('',(#945,#359,#360,#361,#362,#363,#364,#365,#366,#367,
#368,#369,#370,#371,#372,#373,#374,#375,#376,#377,#378,#379,#380,#381,#382),
#602,.T.);
#6744=ADVANCED_FACE('',(#946),#603,.T.);
#6745=ADVANCED_FACE('',(#947),#604,.F.);
#6746=ADVANCED_FACE('',(#948),#6399,.T.);
#6747=ADVANCED_FACE('',(#949),#605,.F.);
#6748=ADVANCED_FACE('',(#950),#606,.F.);
#6749=ADVANCED_FACE('',(#951),#6400,.T.);
#6750=ADVANCED_FACE('',(#952),#607,.T.);
#6751=ADVANCED_FACE('',(#953),#11,.T.);
#6752=ADVANCED_FACE('',(#954),#12,.T.);
#6753=ADVANCED_FACE('',(#955),#6401,.T.);
#6754=ADVANCED_FACE('',(#956),#6402,.T.);
#6755=ADVANCED_FACE('',(#957),#47,.T.);
#6756=ADVANCED_FACE('',(#958),#6403,.T.);
#6757=ADVANCED_FACE('',(#959),#6404,.T.);
#6758=ADVANCED_FACE('',(#960),#6405,.T.);
#6759=ADVANCED_FACE('',(#961),#48,.T.);
#6760=ADVANCED_FACE('',(#962),#6406,.T.);
#6761=ADVANCED_FACE('',(#963),#6407,.T.);
#6762=ADVANCED_FACE('',(#964),#6408,.T.);
#6763=ADVANCED_FACE('',(#965),#608,.F.);
#6764=ADVANCED_FACE('',(#966),#6409,.T.);
#6765=ADVANCED_FACE('',(#967),#609,.F.);
#6766=ADVANCED_FACE('',(#968),#610,.F.);
#6767=ADVANCED_FACE('',(#969),#611,.F.);
#6768=ADVANCED_FACE('',(#970),#612,.F.);
#6769=ADVANCED_FACE('',(#971),#13,.T.);
#6770=ADVANCED_FACE('',(#972),#14,.T.);
#6771=ADVANCED_FACE('',(#973),#6410,.T.);
#6772=ADVANCED_FACE('',(#974),#6411,.T.);
#6773=ADVANCED_FACE('',(#975),#49,.T.);
#6774=ADVANCED_FACE('',(#976),#6412,.T.);
#6775=ADVANCED_FACE('',(#977),#6413,.T.);
#6776=ADVANCED_FACE('',(#978),#6414,.T.);
#6777=ADVANCED_FACE('',(#979),#50,.T.);
#6778=ADVANCED_FACE('',(#980),#6415,.T.);
#6779=ADVANCED_FACE('',(#981),#6416,.T.);
#6780=ADVANCED_FACE('',(#982),#6417,.T.);
#6781=ADVANCED_FACE('',(#983),#613,.T.);
#6782=ADVANCED_FACE('',(#984),#614,.T.);
#6783=ADVANCED_FACE('',(#985),#615,.T.);
#6784=ADVANCED_FACE('',(#986),#6418,.T.);
#6785=ADVANCED_FACE('',(#987),#616,.T.);
#6786=ADVANCED_FACE('',(#988),#617,.T.);
#6787=ADVANCED_FACE('',(#989),#618,.T.);
#6788=ADVANCED_FACE('',(#990),#619,.T.);
#6789=ADVANCED_FACE('',(#991),#620,.T.);
#6790=CLOSED_SHELL('',(#6419,#6420,#6421,#6422,#6423,#6424,#6425,#6426,
#6427,#6428,#6429,#6430,#6431,#6432,#6433,#6434,#6435,#6436,#6437,#6438,
#6439,#6440,#6441,#6442,#6443,#6444,#6445,#6446,#6447,#6448,#6449,#6450,
#6451,#6452,#6453,#6454,#6455,#6456,#6457,#6458,#6459,#6460,#6461,#6462,
#6463,#6464,#6465,#6466,#6467,#6468,#6469));
#6791=CLOSED_SHELL('',(#6470,#6471,#6472,#6473,#6474,#6475,#6476,#6477,
#6478,#6479,#6480,#6481,#6482,#6483,#6484,#6485,#6486,#6487,#6488,#6489,
#6490,#6491,#6492,#6493,#6494,#6495,#6496,#6497,#6498,#6499,#6500,#6501,
#6502,#6503,#6504,#6505,#6506,#6507,#6508,#6509,#6510,#6511,#6512,#6513,
#6514,#6515,#6516,#6517,#6518,#6519,#6520,#6521,#6522,#6523,#6524,#6525,
#6526,#6527,#6528,#6529,#6530,#6531,#6532,#6533,#6534,#6535,#6536,#6537,
#6538,#6539,#6540,#6541,#6542,#6543,#6544,#6545,#6546,#6547,#6548,#6549,
#6550,#6551,#6552,#6553,#6554,#6555,#6556,#6557,#6558,#6559,#6560,#6561,
#6562,#6563,#6564,#6565,#6566,#6567,#6568,#6569,#6570,#6571,#6572,#6573,
#6574,#6575,#6576,#6577,#6578,#6579,#6580,#6581,#6582,#6583,#6584,#6585,
#6586,#6587,#6588,#6589,#6590,#6591,#6592,#6593,#6594,#6595,#6596,#6597,
#6598,#6599,#6600,#6601,#6602,#6603,#6604,#6605,#6606,#6607,#6608,#6609,
#6610,#6611,#6612,#6613,#6614));
#6792=CLOSED_SHELL('',(#6615,#6616,#6617,#6618,#6619,#6620,#6621,#6622,
#6623,#6624,#6625,#6626,#6627,#6628,#6629,#6630,#6631,#6632,#6633,#6634,
#6635,#6636,#6637,#6638,#6639,#6640,#6641,#6642,#6643,#6644,#6645,#6646,
#6647,#6648,#6649,#6650,#6651,#6652,#6653,#6654,#6655,#6656,#6657,#6658,
#6659,#6660,#6661,#6662,#6663,#6664,#6665,#6666,#6667,#6668,#6669,#6670,
#6671,#6672,#6673,#6674,#6675,#6676,#6677,#6678,#6679,#6680,#6681,#6682,
#6683,#6684,#6685,#6686,#6687,#6688,#6689,#6690,#6691,#6692,#6693,#6694,
#6695,#6696,#6697));
#6793=CLOSED_SHELL('',(#6698,#6699,#6700,#6701,#6702,#6703,#6704,#6705,
#6706,#6707,#6708,#6709,#6710,#6711,#6712,#6713,#6714,#6715,#6716,#6717,
#6718,#6719,#6720,#6721,#6722,#6723,#6724,#6725,#6726,#6727,#6728,#6729,
#6730,#6731,#6732,#6733,#6734,#6735,#6736,#6737,#6738,#6739,#6740,#6741,
#6742,#6743,#6744,#6745));
#6794=CLOSED_SHELL('',(#6746,#6747,#6748,#6749,#6750,#6751,#6752,#6753,
#6754,#6755,#6756,#6757,#6758,#6759,#6760,#6761,#6762,#6763,#6764,#6765,
#6766,#6767,#6768,#6769,#6770,#6771,#6772,#6773,#6774,#6775,#6776,#6777,
#6778,#6779,#6780,#6781,#6782,#6783,#6784,#6785,#6786,#6787,#6788,#6789));
#6795=DERIVED_UNIT_ELEMENT(#6803,1.);
#6796=DERIVED_UNIT_ELEMENT(#12001,-3.);
#6797=DERIVED_UNIT_ELEMENT(#6803,1.);
#6798=DERIVED_UNIT_ELEMENT(#12001,-3.);
#6799=DERIVED_UNIT_ELEMENT(#6803,1.);
#6800=DERIVED_UNIT_ELEMENT(#12001,-3.);
#6801=DERIVED_UNIT_ELEMENT(#6803,1.);
#6802=DERIVED_UNIT_ELEMENT(#12001,-3.);
#6803=(
MASS_UNIT()
NAMED_UNIT(*)
SI_UNIT(.KILO.,.GRAM.)
);
#6804=DERIVED_UNIT((#6795,#6796));
#6805=DERIVED_UNIT((#6797,#6798));
#6806=DERIVED_UNIT((#6799,#6800));
#6807=DERIVED_UNIT((#6801,#6802));
#6808=MEASURE_REPRESENTATION_ITEM('density measure',
POSITIVE_RATIO_MEASURE(7850.),#6804);
#6809=MEASURE_REPRESENTATION_ITEM('density measure',
POSITIVE_RATIO_MEASURE(7850.),#6805);
#6810=MEASURE_REPRESENTATION_ITEM('density measure',
POSITIVE_RATIO_MEASURE(7850.),#6806);
#6811=MEASURE_REPRESENTATION_ITEM('density measure',
POSITIVE_RATIO_MEASURE(7850.),#6807);
#6812=PROPERTY_DEFINITION_REPRESENTATION(#6832,#6820);
#6813=PROPERTY_DEFINITION_REPRESENTATION(#6833,#6821);
#6814=PROPERTY_DEFINITION_REPRESENTATION(#6834,#6822);
#6815=PROPERTY_DEFINITION_REPRESENTATION(#6835,#6823);
#6816=PROPERTY_DEFINITION_REPRESENTATION(#6836,#6824);
#6817=PROPERTY_DEFINITION_REPRESENTATION(#6837,#6825);
#6818=PROPERTY_DEFINITION_REPRESENTATION(#6838,#6826);
#6819=PROPERTY_DEFINITION_REPRESENTATION(#6839,#6827);
#6820=REPRESENTATION('material name',(#6828),#11995);
#6821=REPRESENTATION('density',(#6808),#11995);
#6822=REPRESENTATION('material name',(#6829),#11996);
#6823=REPRESENTATION('density',(#6809),#11996);
#6824=REPRESENTATION('material name',(#6830),#11997);
#6825=REPRESENTATION('density',(#6810),#11997);
#6826=REPRESENTATION('material name',(#6831),#11998);
#6827=REPRESENTATION('density',(#6811),#11998);
#6828=DESCRIPTIVE_REPRESENTATION_ITEM('Steel','Steel');
#6829=DESCRIPTIVE_REPRESENTATION_ITEM('Steel','Steel');
#6830=DESCRIPTIVE_REPRESENTATION_ITEM('Steel','Steel');
#6831=DESCRIPTIVE_REPRESENTATION_ITEM('Steel','Steel');
#6832=PROPERTY_DEFINITION('material property','material name',#12030);
#6833=PROPERTY_DEFINITION('material property','density of part',#12030);
#6834=PROPERTY_DEFINITION('material property','material name',#12031);
#6835=PROPERTY_DEFINITION('material property','density of part',#12031);
#6836=PROPERTY_DEFINITION('material property','material name',#12032);
#6837=PROPERTY_DEFINITION('material property','density of part',#12032);
#6838=PROPERTY_DEFINITION('material property','material name',#12033);
#6839=PROPERTY_DEFINITION('material property','density of part',#12033);
#6840=AXIS2_PLACEMENT_3D('',#9377,#7454,#7455);
#6841=AXIS2_PLACEMENT_3D('',#9378,#7456,#7457);
#6842=AXIS2_PLACEMENT_3D('',#9379,#7458,#7459);
#6843=AXIS2_PLACEMENT_3D('',#9380,#7460,#7461);
#6844=AXIS2_PLACEMENT_3D('',#9385,#7463,#7464);
#6845=AXIS2_PLACEMENT_3D('',#9388,#7466,#7467);
#6846=AXIS2_PLACEMENT_3D('',#9389,#7468,#7469);
#6847=AXIS2_PLACEMENT_3D('',#9394,#7472,#7473);
#6848=AXIS2_PLACEMENT_3D('',#9395,#7474,#7475);
#6849=AXIS2_PLACEMENT_3D('',#9400,#7478,#7479);
#6850=AXIS2_PLACEMENT_3D('',#9401,#7480,#7481);
#6851=AXIS2_PLACEMENT_3D('',#9404,#7484,#7485);
#6852=AXIS2_PLACEMENT_3D('',#9410,#7489,#7490);
#6853=AXIS2_PLACEMENT_3D('',#9414,#7493,#7494);
#6854=AXIS2_PLACEMENT_3D('',#9418,#7497,#7498);
#6855=AXIS2_PLACEMENT_3D('',#9420,#7500,#7501);
#6856=AXIS2_PLACEMENT_3D('',#9426,#7505,#7506);
#6857=AXIS2_PLACEMENT_3D('',#9430,#7509,#7510);
#6858=AXIS2_PLACEMENT_3D('',#9436,#7514,#7515);
#6859=AXIS2_PLACEMENT_3D('',#9440,#7518,#7519);
#6860=AXIS2_PLACEMENT_3D('',#9444,#7522,#7523);
#6861=AXIS2_PLACEMENT_3D('',#9446,#7525,#7526);
#6862=AXIS2_PLACEMENT_3D('',#9450,#7529,#7530);
#6863=AXIS2_PLACEMENT_3D('',#9457,#7534,#7535);
#6864=AXIS2_PLACEMENT_3D('',#9463,#7539,#7540);
#6865=AXIS2_PLACEMENT_3D('',#9470,#7544,#7545);
#6866=AXIS2_PLACEMENT_3D('',#9473,#7548,#7549);
#6867=AXIS2_PLACEMENT_3D('',#9480,#7553,#7554);
#6868=AXIS2_PLACEMENT_3D('',#9486,#7558,#7559);
#6869=AXIS2_PLACEMENT_3D('',#9493,#7563,#7564);
#6870=AXIS2_PLACEMENT_3D('',#9499,#7568,#7569);
#6871=AXIS2_PLACEMENT_3D('',#9502,#7572,#7573);
#6872=AXIS2_PLACEMENT_3D('',#9505,#7576,#7577);
#6873=AXIS2_PLACEMENT_3D('',#9508,#7580,#7581);
#6874=AXIS2_PLACEMENT_3D('',#9514,#7585,#7586);
#6875=AXIS2_PLACEMENT_3D('',#9516,#7588,#7589);
#6876=AXIS2_PLACEMENT_3D('',#9518,#7591,#7592);
#6877=AXIS2_PLACEMENT_3D('',#9537,#7603,#7604);
#6878=AXIS2_PLACEMENT_3D('',#9538,#7605,#7606);
#6879=AXIS2_PLACEMENT_3D('',#9545,#7610,#7611);
#6880=AXIS2_PLACEMENT_3D('',#9548,#7614,#7615);
#6881=AXIS2_PLACEMENT_3D('',#9555,#7619,#7620);
#6882=AXIS2_PLACEMENT_3D('',#9558,#7623,#7624);
#6883=AXIS2_PLACEMENT_3D('',#9565,#7628,#7629);
#6884=AXIS2_PLACEMENT_3D('',#9568,#7632,#7633);
#6885=AXIS2_PLACEMENT_3D('',#9571,#7636,#7637);
#6886=AXIS2_PLACEMENT_3D('',#9578,#7641,#7642);
#6887=AXIS2_PLACEMENT_3D('',#9581,#7645,#7646);
#6888=AXIS2_PLACEMENT_3D('',#9584,#7649,#7650);
#6889=AXIS2_PLACEMENT_3D('',#9587,#7653,#7654);
#6890=AXIS2_PLACEMENT_3D('',#9590,#7657,#7658);
#6891=AXIS2_PLACEMENT_3D('',#9591,#7659,#7660);
#6892=AXIS2_PLACEMENT_3D('',#9592,#7661,#7662);
#6893=AXIS2_PLACEMENT_3D('',#9594,#7664,#7665);
#6894=AXIS2_PLACEMENT_3D('',#9595,#7666,#7667);
#6895=AXIS2_PLACEMENT_3D('',#9596,#7668,#7669);
#6896=AXIS2_PLACEMENT_3D('',#9597,#7670,#7671);
#6897=AXIS2_PLACEMENT_3D('',#9598,#7672,#7673);
#6898=AXIS2_PLACEMENT_3D('',#9599,#7674,#7675);
#6899=AXIS2_PLACEMENT_3D('',#9602,#7676,#7677);
#6900=AXIS2_PLACEMENT_3D('',#9606,#7679,#7680);
#6901=AXIS2_PLACEMENT_3D('',#9608,#7682,#7683);
#6902=AXIS2_PLACEMENT_3D('',#9611,#7684,#7685);
#6903=AXIS2_PLACEMENT_3D('',#9618,#7690,#7691);
#6904=AXIS2_PLACEMENT_3D('',#9621,#7692,#7693);
#6905=AXIS2_PLACEMENT_3D('',#9628,#7698,#7699);
#6906=AXIS2_PLACEMENT_3D('',#9633,#7701,#7702);
#6907=AXIS2_PLACEMENT_3D('',#9636,#7704,#7705);
#6908=AXIS2_PLACEMENT_3D('',#9637,#7706,#7707);
#6909=AXIS2_PLACEMENT_3D('',#9640,#7710,#7711);
#6910=AXIS2_PLACEMENT_3D('',#9644,#7713,#7714);
#6911=AXIS2_PLACEMENT_3D('',#9646,#7716,#7717);
#6912=AXIS2_PLACEMENT_3D('',#9650,#7720,#7721);
#6913=AXIS2_PLACEMENT_3D('',#9656,#7725,#7726);
#6914=AXIS2_PLACEMENT_3D('',#9660,#7729,#7730);
#6915=AXIS2_PLACEMENT_3D('',#9665,#7732,#7733);
#6916=AXIS2_PLACEMENT_3D('',#9667,#7734,#7735);
#6917=AXIS2_PLACEMENT_3D('',#9670,#7737,#7738);
#6918=AXIS2_PLACEMENT_3D('',#9671,#7739,#7740);
#6919=AXIS2_PLACEMENT_3D('',#9681,#7741,#7742);
#6920=AXIS2_PLACEMENT_3D('',#9684,#7745,#7746);
#6921=AXIS2_PLACEMENT_3D('',#9687,#7747,#7748);
#6922=AXIS2_PLACEMENT_3D('',#9691,#7750,#7751);
#6923=AXIS2_PLACEMENT_3D('',#9699,#7753,#7754);
#6924=AXIS2_PLACEMENT_3D('',#9707,#7755,#7756);
#6925=AXIS2_PLACEMENT_3D('',#9709,#7757,#7758);
#6926=AXIS2_PLACEMENT_3D('',#9710,#7759,#7760);
#6927=AXIS2_PLACEMENT_3D('',#9712,#7761,#7762);
#6928=AXIS2_PLACEMENT_3D('',#9717,#7763,#7764);
#6929=AXIS2_PLACEMENT_3D('',#9720,#7765,#7766);
#6930=AXIS2_PLACEMENT_3D('',#9723,#7769,#7770);
#6931=AXIS2_PLACEMENT_3D('',#9728,#7773,#7774);
#6932=AXIS2_PLACEMENT_3D('',#9730,#7775,#7776);
#6933=AXIS2_PLACEMENT_3D('',#9732,#7778,#7779);
#6934=AXIS2_PLACEMENT_3D('',#9736,#7782,#7783);
#6935=AXIS2_PLACEMENT_3D('',#9740,#7786,#7787);
#6936=AXIS2_PLACEMENT_3D('',#9743,#7789,#7790);
#6937=AXIS2_PLACEMENT_3D('',#9744,#7791,#7792);
#6938=AXIS2_PLACEMENT_3D('',#9748,#7795,#7796);
#6939=AXIS2_PLACEMENT_3D('',#9752,#7799,#7800);
#6940=AXIS2_PLACEMENT_3D('',#9754,#7802,#7803);
#6941=AXIS2_PLACEMENT_3D('',#9758,#7806,#7807);
#6942=AXIS2_PLACEMENT_3D('',#9762,#7810,#7811);
#6943=AXIS2_PLACEMENT_3D('',#9766,#7814,#7815);
#6944=AXIS2_PLACEMENT_3D('',#9769,#7816,#7817);
#6945=AXIS2_PLACEMENT_3D('',#9773,#7819,#7820);
#6946=AXIS2_PLACEMENT_3D('',#9775,#7822,#7823);
#6947=AXIS2_PLACEMENT_3D('',#9778,#7824,#7825);
#6948=AXIS2_PLACEMENT_3D('',#9785,#7830,#7831);
#6949=AXIS2_PLACEMENT_3D('',#9788,#7832,#7833);
#6950=AXIS2_PLACEMENT_3D('',#9795,#7838,#7839);
#6951=AXIS2_PLACEMENT_3D('',#9800,#7841,#7842);
#6952=AXIS2_PLACEMENT_3D('',#9803,#7844,#7845);
#6953=AXIS2_PLACEMENT_3D('',#9804,#7846,#7847);
#6954=AXIS2_PLACEMENT_3D('',#9808,#7849,#7850);
#6955=AXIS2_PLACEMENT_3D('',#9810,#7852,#7853);
#6956=AXIS2_PLACEMENT_3D('',#9813,#7856,#7857);
#6957=AXIS2_PLACEMENT_3D('',#9819,#7861,#7862);
#6958=AXIS2_PLACEMENT_3D('',#9825,#7866,#7867);
#6959=AXIS2_PLACEMENT_3D('',#9827,#7869,#7870);
#6960=AXIS2_PLACEMENT_3D('',#9831,#7872,#7873);
#6961=AXIS2_PLACEMENT_3D('',#9835,#7875,#7876);
#6962=AXIS2_PLACEMENT_3D('',#9837,#7877,#7878);
#6963=AXIS2_PLACEMENT_3D('',#9839,#7880,#7881);
#6964=AXIS2_PLACEMENT_3D('',#9847,#7886,#7887);
#6965=AXIS2_PLACEMENT_3D('',#9851,#7890,#7891);
#6966=AXIS2_PLACEMENT_3D('',#9853,#7892,#7893);
#6967=AXIS2_PLACEMENT_3D('',#9857,#7896,#7897);
#6968=AXIS2_PLACEMENT_3D('',#9861,#7899,#7900);
#6969=AXIS2_PLACEMENT_3D('',#9863,#7902,#7903);
#6970=AXIS2_PLACEMENT_3D('',#9867,#7905,#7906);
#6971=AXIS2_PLACEMENT_3D('',#9876,#7908,#7909);
#6972=AXIS2_PLACEMENT_3D('',#9879,#7910,#7911);
#6973=AXIS2_PLACEMENT_3D('',#9883,#7913,#7914);
#6974=AXIS2_PLACEMENT_3D('',#9885,#7916,#7917);
#6975=AXIS2_PLACEMENT_3D('',#9893,#7918,#7919);
#6976=AXIS2_PLACEMENT_3D('',#9895,#7920,#7921);
#6977=AXIS2_PLACEMENT_3D('',#9896,#7922,#7923);
#6978=AXIS2_PLACEMENT_3D('',#9898,#7924,#7925);
#6979=AXIS2_PLACEMENT_3D('',#9903,#7926,#7927);
#6980=AXIS2_PLACEMENT_3D('',#9914,#7930,#7931);
#6981=AXIS2_PLACEMENT_3D('',#9915,#7932,#7933);
#6982=AXIS2_PLACEMENT_3D('',#9919,#7936,#7937);
#6983=AXIS2_PLACEMENT_3D('',#9921,#7939,#7940);
#6984=AXIS2_PLACEMENT_3D('',#9925,#7942,#7943);
#6985=AXIS2_PLACEMENT_3D('',#9928,#7945,#7946);
#6986=AXIS2_PLACEMENT_3D('',#9929,#7947,#7948);
#6987=AXIS2_PLACEMENT_3D('',#9931,#7950,#7951);
#6988=AXIS2_PLACEMENT_3D('',#9935,#7954,#7955);
#6989=AXIS2_PLACEMENT_3D('',#9937,#7957,#7958);
#6990=AXIS2_PLACEMENT_3D('',#9941,#7961,#7962);
#6991=AXIS2_PLACEMENT_3D('',#9944,#7964,#7965);
#6992=AXIS2_PLACEMENT_3D('',#9945,#7966,#7967);
#6993=AXIS2_PLACEMENT_3D('',#9949,#7970,#7971);
#6994=AXIS2_PLACEMENT_3D('',#9951,#7973,#7974);
#6995=AXIS2_PLACEMENT_3D('',#9956,#7978,#7979);
#6996=AXIS2_PLACEMENT_3D('',#9960,#7981,#7982);
#6997=AXIS2_PLACEMENT_3D('',#9962,#7984,#7985);
#6998=AXIS2_PLACEMENT_3D('',#9966,#7988,#7989);
#6999=AXIS2_PLACEMENT_3D('',#9968,#7991,#7992);
#7000=AXIS2_PLACEMENT_3D('',#9972,#7995,#7996);
#7001=AXIS2_PLACEMENT_3D('',#9974,#7998,#7999);
#7002=AXIS2_PLACEMENT_3D('',#9981,#8003,#8004);
#7003=AXIS2_PLACEMENT_3D('',#9987,#8008,#8009);
#7004=AXIS2_PLACEMENT_3D('',#9991,#8012,#8013);
#7005=AXIS2_PLACEMENT_3D('',#9994,#8016,#8017);
#7006=AXIS2_PLACEMENT_3D('',#10001,#8021,#8022);
#7007=AXIS2_PLACEMENT_3D('',#10007,#8026,#8027);
#7008=AXIS2_PLACEMENT_3D('',#10010,#8030,#8031);
#7009=AXIS2_PLACEMENT_3D('',#10014,#8034,#8035);
#7010=AXIS2_PLACEMENT_3D('',#10020,#8039,#8040);
#7011=AXIS2_PLACEMENT_3D('',#10022,#8042,#8043);
#7012=AXIS2_PLACEMENT_3D('',#10026,#8046,#8047);
#7013=AXIS2_PLACEMENT_3D('',#10032,#8051,#8052);
#7014=AXIS2_PLACEMENT_3D('',#10036,#8055,#8056);
#7015=AXIS2_PLACEMENT_3D('',#10042,#8060,#8061);
#7016=AXIS2_PLACEMENT_3D('',#10044,#8063,#8064);
#7017=AXIS2_PLACEMENT_3D('',#10048,#8067,#8068);
#7018=AXIS2_PLACEMENT_3D('',#10054,#8072,#8073);
#7019=AXIS2_PLACEMENT_3D('',#10056,#8075,#8076);
#7020=AXIS2_PLACEMENT_3D('',#10058,#8078,#8079);
#7021=AXIS2_PLACEMENT_3D('',#10067,#8084,#8085);
#7022=AXIS2_PLACEMENT_3D('',#10071,#8087,#8088);
#7023=AXIS2_PLACEMENT_3D('',#10072,#8089,#8090);
#7024=AXIS2_PLACEMENT_3D('',#10073,#8091,#8092);
#7025=AXIS2_PLACEMENT_3D('',#10076,#8095,#8096);
#7026=AXIS2_PLACEMENT_3D('',#10078,#8098,#8099);
#7027=AXIS2_PLACEMENT_3D('',#10081,#8102,#8103);
#7028=AXIS2_PLACEMENT_3D('',#10087,#8107,#8108);
#7029=AXIS2_PLACEMENT_3D('',#10090,#8111,#8112);
#7030=AXIS2_PLACEMENT_3D('',#10095,#8116,#8117);
#7031=AXIS2_PLACEMENT_3D('',#10098,#8119,#8120);
#7032=AXIS2_PLACEMENT_3D('',#10099,#8121,#8122);
#7033=AXIS2_PLACEMENT_3D('',#10103,#8125,#8126);
#7034=AXIS2_PLACEMENT_3D('',#10105,#8128,#8129);
#7035=AXIS2_PLACEMENT_3D('',#10107,#8131,#8132);
#7036=AXIS2_PLACEMENT_3D('',#10109,#8134,#8135);
#7037=AXIS2_PLACEMENT_3D('',#10119,#8141,#8142);
#7038=AXIS2_PLACEMENT_3D('',#10137,#8152,#8153);
#7039=AXIS2_PLACEMENT_3D('',#10139,#8155,#8156);
#7040=AXIS2_PLACEMENT_3D('',#10141,#8158,#8159);
#7041=AXIS2_PLACEMENT_3D('',#10143,#8161,#8162);
#7042=AXIS2_PLACEMENT_3D('',#10144,#8163,#8164);
#7043=AXIS2_PLACEMENT_3D('',#10145,#8165,#8166);
#7044=AXIS2_PLACEMENT_3D('',#10151,#8170,#8171);
#7045=AXIS2_PLACEMENT_3D('',#10155,#8174,#8175);
#7046=AXIS2_PLACEMENT_3D('',#10159,#8178,#8179);
#7047=AXIS2_PLACEMENT_3D('',#10161,#8181,#8182);
#7048=AXIS2_PLACEMENT_3D('',#10167,#8186,#8187);
#7049=AXIS2_PLACEMENT_3D('',#10175,#8192,#8193);
#7050=AXIS2_PLACEMENT_3D('',#10177,#8195,#8196);
#7051=AXIS2_PLACEMENT_3D('',#10180,#8199,#8200);
#7052=AXIS2_PLACEMENT_3D('',#10181,#8201,#8202);
#7053=AXIS2_PLACEMENT_3D('',#10215,#8221,#8222);
#7054=AXIS2_PLACEMENT_3D('',#10216,#8223,#8224);
#7055=AXIS2_PLACEMENT_3D('',#10222,#8228,#8229);
#7056=AXIS2_PLACEMENT_3D('',#10231,#8234,#8235);
#7057=AXIS2_PLACEMENT_3D('',#10237,#8239,#8240);
#7058=AXIS2_PLACEMENT_3D('',#10246,#8245,#8246);
#7059=AXIS2_PLACEMENT_3D('',#10252,#8250,#8251);
#7060=AXIS2_PLACEMENT_3D('',#10258,#8255,#8256);
#7061=AXIS2_PLACEMENT_3D('',#10261,#8259,#8260);
#7062=AXIS2_PLACEMENT_3D('',#10262,#8261,#8262);
#7063=AXIS2_PLACEMENT_3D('',#10268,#8266,#8267);
#7064=AXIS2_PLACEMENT_3D('',#10271,#8270,#8271);
#7065=AXIS2_PLACEMENT_3D('',#10272,#8272,#8273);
#7066=AXIS2_PLACEMENT_3D('',#10278,#8277,#8278);
#7067=AXIS2_PLACEMENT_3D('',#10287,#8283,#8284);
#7068=AXIS2_PLACEMENT_3D('',#10296,#8289,#8290);
#7069=AXIS2_PLACEMENT_3D('',#10305,#8295,#8296);
#7070=AXIS2_PLACEMENT_3D('',#10307,#8298,#8299);
#7071=AXIS2_PLACEMENT_3D('',#10309,#8301,#8302);
#7072=AXIS2_PLACEMENT_3D('',#10312,#8305,#8306);
#7073=AXIS2_PLACEMENT_3D('',#10314,#8308,#8309);
#7074=AXIS2_PLACEMENT_3D('',#10316,#8311,#8312);
#7075=AXIS2_PLACEMENT_3D('',#10318,#8314,#8315);
#7076=AXIS2_PLACEMENT_3D('',#10321,#8318,#8319);
#7077=AXIS2_PLACEMENT_3D('',#10324,#8322,#8323);
#7078=AXIS2_PLACEMENT_3D('',#10330,#8327,#8328);
#7079=AXIS2_PLACEMENT_3D('',#10336,#8332,#8333);
#7080=AXIS2_PLACEMENT_3D('',#10337,#8334,#8335);
#7081=AXIS2_PLACEMENT_3D('',#10343,#8339,#8340);
#7082=AXIS2_PLACEMENT_3D('',#10345,#8342,#8343);
#7083=AXIS2_PLACEMENT_3D('',#10347,#8345,#8346);
#7084=AXIS2_PLACEMENT_3D('',#10351,#8349,#8350);
#7085=AXIS2_PLACEMENT_3D('',#10355,#8353,#8354);
#7086=AXIS2_PLACEMENT_3D('',#10357,#8356,#8357);
#7087=AXIS2_PLACEMENT_3D('',#10361,#8361,#8362);
#7088=AXIS2_PLACEMENT_3D('',#10362,#8363,#8364);
#7089=AXIS2_PLACEMENT_3D('',#10363,#8365,#8366);
#7090=AXIS2_PLACEMENT_3D('',#10365,#8368,#8369);
#7091=AXIS2_PLACEMENT_3D('',#10366,#8370,#8371);
#7092=AXIS2_PLACEMENT_3D('',#10367,#8372,#8373);
#7093=AXIS2_PLACEMENT_3D('',#10368,#8374,#8375);
#7094=AXIS2_PLACEMENT_3D('',#10371,#8376,#8377);
#7095=AXIS2_PLACEMENT_3D('',#10375,#8379,#8380);
#7096=AXIS2_PLACEMENT_3D('',#10377,#8382,#8383);
#7097=AXIS2_PLACEMENT_3D('',#10383,#8387,#8388);
#7098=AXIS2_PLACEMENT_3D('',#10386,#8389,#8390);
#7099=AXIS2_PLACEMENT_3D('',#10390,#8392,#8393);
#7100=AXIS2_PLACEMENT_3D('',#10392,#8395,#8396);
#7101=AXIS2_PLACEMENT_3D('',#10398,#8400,#8401);
#7102=AXIS2_PLACEMENT_3D('',#10401,#8402,#8403);
#7103=AXIS2_PLACEMENT_3D('',#10405,#8405,#8406);
#7104=AXIS2_PLACEMENT_3D('',#10407,#8408,#8409);
#7105=AXIS2_PLACEMENT_3D('',#10413,#8413,#8414);
#7106=AXIS2_PLACEMENT_3D('',#10422,#8419,#8420);
#7107=AXIS2_PLACEMENT_3D('',#10424,#8421,#8422);
#7108=AXIS2_PLACEMENT_3D('',#10426,#8423,#8424);
#7109=AXIS2_PLACEMENT_3D('',#10428,#8426,#8427);
#7110=AXIS2_PLACEMENT_3D('',#10429,#8428,#8429);
#7111=AXIS2_PLACEMENT_3D('',#10430,#8430,#8431);
#7112=AXIS2_PLACEMENT_3D('',#10431,#8432,#8433);
#7113=AXIS2_PLACEMENT_3D('',#10437,#8437,#8438);
#7114=AXIS2_PLACEMENT_3D('',#10440,#8439,#8440);
#7115=AXIS2_PLACEMENT_3D('',#10444,#8442,#8443);
#7116=AXIS2_PLACEMENT_3D('',#10446,#8445,#8446);
#7117=AXIS2_PLACEMENT_3D('',#10454,#8451,#8452);
#7118=AXIS2_PLACEMENT_3D('',#10456,#8453,#8454);
#7119=AXIS2_PLACEMENT_3D('',#10458,#8455,#8456);
#7120=AXIS2_PLACEMENT_3D('',#10460,#8458,#8459);
#7121=AXIS2_PLACEMENT_3D('',#10465,#8463,#8464);
#7122=AXIS2_PLACEMENT_3D('',#10466,#8465,#8466);
#7123=AXIS2_PLACEMENT_3D('',#10480,#8473,#8474);
#7124=AXIS2_PLACEMENT_3D('',#10484,#8477,#8478);
#7125=AXIS2_PLACEMENT_3D('',#10823,#8486,#8487);
#7126=AXIS2_PLACEMENT_3D('',#10828,#8490,#8491);
#7127=AXIS2_PLACEMENT_3D('',#10849,#8502,#8503);
#7128=AXIS2_PLACEMENT_3D('',#10853,#8505,#8506);
#7129=AXIS2_PLACEMENT_3D('',#10857,#8508,#8509);
#7130=AXIS2_PLACEMENT_3D('',#10860,#8511,#8512);
#7131=AXIS2_PLACEMENT_3D('',#10868,#8517,#8518);
#7132=AXIS2_PLACEMENT_3D('',#10870,#8519,#8520);
#7133=AXIS2_PLACEMENT_3D('',#10872,#8521,#8522);
#7134=AXIS2_PLACEMENT_3D('',#10874,#8523,#8524);
#7135=AXIS2_PLACEMENT_3D('',#10876,#8525,#8526);
#7136=AXIS2_PLACEMENT_3D('',#10878,#8527,#8528);
#7137=AXIS2_PLACEMENT_3D('',#10880,#8529,#8530);
#7138=AXIS2_PLACEMENT_3D('',#10882,#8531,#8532);
#7139=AXIS2_PLACEMENT_3D('',#10884,#8533,#8534);
#7140=AXIS2_PLACEMENT_3D('',#10886,#8535,#8536);
#7141=AXIS2_PLACEMENT_3D('',#10888,#8537,#8538);
#7142=AXIS2_PLACEMENT_3D('',#10890,#8539,#8540);
#7143=AXIS2_PLACEMENT_3D('',#10892,#8541,#8542);
#7144=AXIS2_PLACEMENT_3D('',#10894,#8543,#8544);
#7145=AXIS2_PLACEMENT_3D('',#10896,#8545,#8546);
#7146=AXIS2_PLACEMENT_3D('',#10898,#8547,#8548);
#7147=AXIS2_PLACEMENT_3D('',#10900,#8549,#8550);
#7148=AXIS2_PLACEMENT_3D('',#10902,#8551,#8552);
#7149=AXIS2_PLACEMENT_3D('',#10904,#8553,#8554);
#7150=AXIS2_PLACEMENT_3D('',#10906,#8555,#8556);
#7151=AXIS2_PLACEMENT_3D('',#10908,#8557,#8558);
#7152=AXIS2_PLACEMENT_3D('',#10910,#8559,#8560);
#7153=AXIS2_PLACEMENT_3D('',#10912,#8561,#8562);
#7154=AXIS2_PLACEMENT_3D('',#10914,#8563,#8564);
#7155=AXIS2_PLACEMENT_3D('',#10918,#8566,#8567);
#7156=AXIS2_PLACEMENT_3D('',#10920,#8569,#8570);
#7157=AXIS2_PLACEMENT_3D('',#10922,#8571,#8572);
#7158=AXIS2_PLACEMENT_3D('',#10924,#8573,#8574);
#7159=AXIS2_PLACEMENT_3D('',#10926,#8576,#8577);
#7160=AXIS2_PLACEMENT_3D('',#10930,#8579,#8580);
#7161=AXIS2_PLACEMENT_3D('',#10932,#8582,#8583);
#7162=AXIS2_PLACEMENT_3D('',#10934,#8585,#8586);
#7163=AXIS2_PLACEMENT_3D('',#10936,#8588,#8589);
#7164=AXIS2_PLACEMENT_3D('',#10937,#8590,#8591);
#7165=AXIS2_PLACEMENT_3D('',#10939,#8592,#8593);
#7166=AXIS2_PLACEMENT_3D('',#10942,#8595,#8596);
#7167=AXIS2_PLACEMENT_3D('',#10943,#8597,#8598);
#7168=AXIS2_PLACEMENT_3D('',#10949,#8602,#8603);
#7169=AXIS2_PLACEMENT_3D('',#10955,#8607,#8608);
#7170=AXIS2_PLACEMENT_3D('',#10956,#8609,#8610);
#7171=AXIS2_PLACEMENT_3D('',#10957,#8611,#8612);
#7172=AXIS2_PLACEMENT_3D('',#10959,#8613,#8614);
#7173=AXIS2_PLACEMENT_3D('',#10961,#8615,#8616);
#7174=AXIS2_PLACEMENT_3D('',#10963,#8618,#8619);
#7175=AXIS2_PLACEMENT_3D('',#10969,#8623,#8624);
#7176=AXIS2_PLACEMENT_3D('',#10971,#8625,#8626);
#7177=AXIS2_PLACEMENT_3D('',#10974,#8628,#8629);
#7178=AXIS2_PLACEMENT_3D('',#10975,#8630,#8631);
#7179=AXIS2_PLACEMENT_3D('',#10978,#8634,#8635);
#7180=AXIS2_PLACEMENT_3D('',#10979,#8636,#8637);
#7181=AXIS2_PLACEMENT_3D('',#10980,#8638,#8639);
#7182=AXIS2_PLACEMENT_3D('',#11135,#8640,#8641);
#7183=AXIS2_PLACEMENT_3D('',#11174,#8642,#8643);
#7184=AXIS2_PLACEMENT_3D('',#11175,#8644,#8645);
#7185=AXIS2_PLACEMENT_3D('',#11342,#8647,#8648);
#7186=AXIS2_PLACEMENT_3D('',#11343,#8649,#8650);
#7187=AXIS2_PLACEMENT_3D('',#11344,#8651,#8652);
#7188=AXIS2_PLACEMENT_3D('',#11346,#8654,#8655);
#7189=AXIS2_PLACEMENT_3D('',#11348,#8657,#8658);
#7190=AXIS2_PLACEMENT_3D('',#11351,#8659,#8660);
#7191=AXIS2_PLACEMENT_3D('',#11353,#8661,#8662);
#7192=AXIS2_PLACEMENT_3D('',#11355,#8663,#8664);
#7193=AXIS2_PLACEMENT_3D('',#11356,#8665,#8666);
#7194=AXIS2_PLACEMENT_3D('',#11357,#8667,#8668);
#7195=AXIS2_PLACEMENT_3D('',#11360,#8671,#8672);
#7196=AXIS2_PLACEMENT_3D('',#11363,#8673,#8674);
#7197=AXIS2_PLACEMENT_3D('',#11365,#8675,#8676);
#7198=AXIS2_PLACEMENT_3D('',#11367,#8677,#8678);
#7199=AXIS2_PLACEMENT_3D('',#11368,#8679,#8680);
#7200=AXIS2_PLACEMENT_3D('',#11369,#8681,#8682);
#7201=AXIS2_PLACEMENT_3D('',#11372,#8685,#8686);
#7202=AXIS2_PLACEMENT_3D('',#11375,#8689,#8690);
#7203=AXIS2_PLACEMENT_3D('',#11378,#8693,#8694);
#7204=AXIS2_PLACEMENT_3D('',#11381,#8697,#8698);
#7205=AXIS2_PLACEMENT_3D('',#11382,#8699,#8700);
#7206=AXIS2_PLACEMENT_3D('',#11383,#8701,#8702);
#7207=AXIS2_PLACEMENT_3D('',#11384,#8703,#8704);
#7208=AXIS2_PLACEMENT_3D('',#11385,#8705,#8706);
#7209=AXIS2_PLACEMENT_3D('',#11391,#8710,#8711);
#7210=AXIS2_PLACEMENT_3D('',#11393,#8713,#8714);
#7211=AXIS2_PLACEMENT_3D('',#11397,#8717,#8718);
#7212=AXIS2_PLACEMENT_3D('',#11400,#8720,#8721);
#7213=AXIS2_PLACEMENT_3D('',#11401,#8722,#8723);
#7214=AXIS2_PLACEMENT_3D('',#11402,#8724,#8725);
#7215=AXIS2_PLACEMENT_3D('',#11403,#8726,#8727);
#7216=AXIS2_PLACEMENT_3D('',#11405,#8729,#8730);
#7217=AXIS2_PLACEMENT_3D('',#11409,#8733,#8734);
#7218=AXIS2_PLACEMENT_3D('',#11411,#8736,#8737);
#7219=AXIS2_PLACEMENT_3D('',#11413,#8739,#8740);
#7220=AXIS2_PLACEMENT_3D('',#11416,#8742,#8743);
#7221=AXIS2_PLACEMENT_3D('',#11417,#8744,#8745);
#7222=AXIS2_PLACEMENT_3D('',#11420,#8747,#8748);
#7223=AXIS2_PLACEMENT_3D('',#11421,#8749,#8750);
#7224=AXIS2_PLACEMENT_3D('',#11424,#8752,#8753);
#7225=AXIS2_PLACEMENT_3D('',#11425,#8754,#8755);
#7226=AXIS2_PLACEMENT_3D('',#11428,#8757,#8758);
#7227=AXIS2_PLACEMENT_3D('',#11429,#8759,#8760);
#7228=AXIS2_PLACEMENT_3D('',#11432,#8762,#8763);
#7229=AXIS2_PLACEMENT_3D('',#11433,#8764,#8765);
#7230=AXIS2_PLACEMENT_3D('',#11436,#8767,#8768);
#7231=AXIS2_PLACEMENT_3D('',#11437,#8769,#8770);
#7232=AXIS2_PLACEMENT_3D('',#11440,#8772,#8773);
#7233=AXIS2_PLACEMENT_3D('',#11441,#8774,#8775);
#7234=AXIS2_PLACEMENT_3D('',#11444,#8777,#8778);
#7235=AXIS2_PLACEMENT_3D('',#11445,#8779,#8780);
#7236=AXIS2_PLACEMENT_3D('',#11448,#8782,#8783);
#7237=AXIS2_PLACEMENT_3D('',#11449,#8784,#8785);
#7238=AXIS2_PLACEMENT_3D('',#11452,#8787,#8788);
#7239=AXIS2_PLACEMENT_3D('',#11453,#8789,#8790);
#7240=AXIS2_PLACEMENT_3D('',#11456,#8792,#8793);
#7241=AXIS2_PLACEMENT_3D('',#11457,#8794,#8795);
#7242=AXIS2_PLACEMENT_3D('',#11460,#8797,#8798);
#7243=AXIS2_PLACEMENT_3D('',#11461,#8799,#8800);
#7244=AXIS2_PLACEMENT_3D('',#11464,#8802,#8803);
#7245=AXIS2_PLACEMENT_3D('',#11465,#8804,#8805);
#7246=AXIS2_PLACEMENT_3D('',#11468,#8807,#8808);
#7247=AXIS2_PLACEMENT_3D('',#11469,#8809,#8810);
#7248=AXIS2_PLACEMENT_3D('',#11472,#8812,#8813);
#7249=AXIS2_PLACEMENT_3D('',#11473,#8814,#8815);
#7250=AXIS2_PLACEMENT_3D('',#11476,#8817,#8818);
#7251=AXIS2_PLACEMENT_3D('',#11477,#8819,#8820);
#7252=AXIS2_PLACEMENT_3D('',#11480,#8822,#8823);
#7253=AXIS2_PLACEMENT_3D('',#11481,#8824,#8825);
#7254=AXIS2_PLACEMENT_3D('',#11484,#8827,#8828);
#7255=AXIS2_PLACEMENT_3D('',#11485,#8829,#8830);
#7256=AXIS2_PLACEMENT_3D('',#11488,#8832,#8833);
#7257=AXIS2_PLACEMENT_3D('',#11489,#8834,#8835);
#7258=AXIS2_PLACEMENT_3D('',#11492,#8837,#8838);
#7259=AXIS2_PLACEMENT_3D('',#11493,#8839,#8840);
#7260=AXIS2_PLACEMENT_3D('',#11496,#8842,#8843);
#7261=AXIS2_PLACEMENT_3D('',#11497,#8844,#8845);
#7262=AXIS2_PLACEMENT_3D('',#11500,#8847,#8848);
#7263=AXIS2_PLACEMENT_3D('',#11501,#8849,#8850);
#7264=AXIS2_PLACEMENT_3D('',#11504,#8852,#8853);
#7265=AXIS2_PLACEMENT_3D('',#11505,#8854,#8855);
#7266=AXIS2_PLACEMENT_3D('',#11508,#8857,#8858);
#7267=AXIS2_PLACEMENT_3D('',#11509,#8859,#8860);
#7268=AXIS2_PLACEMENT_3D('',#11510,#8861,#8862);
#7269=AXIS2_PLACEMENT_3D('',#11511,#8863,#8864);
#7270=AXIS2_PLACEMENT_3D('',#11520,#8869,#8870);
#7271=AXIS2_PLACEMENT_3D('',#11526,#8874,#8875);
#7272=AXIS2_PLACEMENT_3D('',#11532,#8879,#8880);
#7273=AXIS2_PLACEMENT_3D('',#11535,#8883,#8884);
#7274=AXIS2_PLACEMENT_3D('',#11536,#8885,#8886);
#7275=AXIS2_PLACEMENT_3D('',#11545,#8891,#8892);
#7276=AXIS2_PLACEMENT_3D('',#11551,#8896,#8897);
#7277=AXIS2_PLACEMENT_3D('',#11557,#8901,#8902);
#7278=AXIS2_PLACEMENT_3D('',#11560,#8905,#8906);
#7279=AXIS2_PLACEMENT_3D('',#11561,#8907,#8908);
#7280=AXIS2_PLACEMENT_3D('',#11563,#8909,#8910);
#7281=AXIS2_PLACEMENT_3D('',#11566,#8912,#8913);
#7282=AXIS2_PLACEMENT_3D('',#11567,#8914,#8915);
#7283=AXIS2_PLACEMENT_3D('',#11569,#8916,#8917);
#7284=AXIS2_PLACEMENT_3D('',#11572,#8919,#8920);
#7285=AXIS2_PLACEMENT_3D('',#11573,#8921,#8922);
#7286=AXIS2_PLACEMENT_3D('',#11575,#8923,#8924);
#7287=AXIS2_PLACEMENT_3D('',#11578,#8926,#8927);
#7288=AXIS2_PLACEMENT_3D('',#11579,#8928,#8929);
#7289=AXIS2_PLACEMENT_3D('',#11581,#8930,#8931);
#7290=AXIS2_PLACEMENT_3D('',#11584,#8933,#8934);
#7291=AXIS2_PLACEMENT_3D('',#11585,#8935,#8936);
#7292=AXIS2_PLACEMENT_3D('',#11587,#8937,#8938);
#7293=AXIS2_PLACEMENT_3D('',#11590,#8940,#8941);
#7294=AXIS2_PLACEMENT_3D('',#11591,#8942,#8943);
#7295=AXIS2_PLACEMENT_3D('',#11593,#8944,#8945);
#7296=AXIS2_PLACEMENT_3D('',#11596,#8947,#8948);
#7297=AXIS2_PLACEMENT_3D('',#11597,#8949,#8950);
#7298=AXIS2_PLACEMENT_3D('',#11599,#8951,#8952);
#7299=AXIS2_PLACEMENT_3D('',#11602,#8954,#8955);
#7300=AXIS2_PLACEMENT_3D('',#11603,#8956,#8957);
#7301=AXIS2_PLACEMENT_3D('',#11605,#8958,#8959);
#7302=AXIS2_PLACEMENT_3D('',#11608,#8961,#8962);
#7303=AXIS2_PLACEMENT_3D('',#11609,#8963,#8964);
#7304=AXIS2_PLACEMENT_3D('',#11611,#8965,#8966);
#7305=AXIS2_PLACEMENT_3D('',#11614,#8968,#8969);
#7306=AXIS2_PLACEMENT_3D('',#11615,#8970,#8971);
#7307=AXIS2_PLACEMENT_3D('',#11617,#8972,#8973);
#7308=AXIS2_PLACEMENT_3D('',#11620,#8975,#8976);
#7309=AXIS2_PLACEMENT_3D('',#11621,#8977,#8978);
#7310=AXIS2_PLACEMENT_3D('',#11623,#8979,#8980);
#7311=AXIS2_PLACEMENT_3D('',#11626,#8982,#8983);
#7312=AXIS2_PLACEMENT_3D('',#11627,#8984,#8985);
#7313=AXIS2_PLACEMENT_3D('',#11629,#8986,#8987);
#7314=AXIS2_PLACEMENT_3D('',#11632,#8989,#8990);
#7315=AXIS2_PLACEMENT_3D('',#11633,#8991,#8992);
#7316=AXIS2_PLACEMENT_3D('',#11635,#8993,#8994);
#7317=AXIS2_PLACEMENT_3D('',#11638,#8996,#8997);
#7318=AXIS2_PLACEMENT_3D('',#11639,#8998,#8999);
#7319=AXIS2_PLACEMENT_3D('',#11641,#9000,#9001);
#7320=AXIS2_PLACEMENT_3D('',#11644,#9003,#9004);
#7321=AXIS2_PLACEMENT_3D('',#11645,#9005,#9006);
#7322=AXIS2_PLACEMENT_3D('',#11647,#9007,#9008);
#7323=AXIS2_PLACEMENT_3D('',#11650,#9010,#9011);
#7324=AXIS2_PLACEMENT_3D('',#11651,#9012,#9013);
#7325=AXIS2_PLACEMENT_3D('',#11653,#9014,#9015);
#7326=AXIS2_PLACEMENT_3D('',#11656,#9017,#9018);
#7327=AXIS2_PLACEMENT_3D('',#11657,#9019,#9020);
#7328=AXIS2_PLACEMENT_3D('',#11659,#9021,#9022);
#7329=AXIS2_PLACEMENT_3D('',#11662,#9024,#9025);
#7330=AXIS2_PLACEMENT_3D('',#11663,#9026,#9027);
#7331=AXIS2_PLACEMENT_3D('',#11665,#9028,#9029);
#7332=AXIS2_PLACEMENT_3D('',#11668,#9031,#9032);
#7333=AXIS2_PLACEMENT_3D('',#11669,#9033,#9034);
#7334=AXIS2_PLACEMENT_3D('',#11671,#9035,#9036);
#7335=AXIS2_PLACEMENT_3D('',#11674,#9038,#9039);
#7336=AXIS2_PLACEMENT_3D('',#11675,#9040,#9041);
#7337=AXIS2_PLACEMENT_3D('',#11677,#9042,#9043);
#7338=AXIS2_PLACEMENT_3D('',#11680,#9045,#9046);
#7339=AXIS2_PLACEMENT_3D('',#11681,#9047,#9048);
#7340=AXIS2_PLACEMENT_3D('',#11683,#9049,#9050);
#7341=AXIS2_PLACEMENT_3D('',#11686,#9052,#9053);
#7342=AXIS2_PLACEMENT_3D('',#11687,#9054,#9055);
#7343=AXIS2_PLACEMENT_3D('',#11689,#9056,#9057);
#7344=AXIS2_PLACEMENT_3D('',#11692,#9059,#9060);
#7345=AXIS2_PLACEMENT_3D('',#11693,#9061,#9062);
#7346=AXIS2_PLACEMENT_3D('',#11695,#9063,#9064);
#7347=AXIS2_PLACEMENT_3D('',#11698,#9066,#9067);
#7348=AXIS2_PLACEMENT_3D('',#11699,#9068,#9069);
#7349=AXIS2_PLACEMENT_3D('',#11701,#9070,#9071);
#7350=AXIS2_PLACEMENT_3D('',#11704,#9073,#9074);
#7351=AXIS2_PLACEMENT_3D('',#11705,#9075,#9076);
#7352=AXIS2_PLACEMENT_3D('',#11714,#9081,#9082);
#7353=AXIS2_PLACEMENT_3D('',#11720,#9086,#9087);
#7354=AXIS2_PLACEMENT_3D('',#11726,#9091,#9092);
#7355=AXIS2_PLACEMENT_3D('',#11732,#9096,#9097);
#7356=AXIS2_PLACEMENT_3D('',#11738,#9101,#9102);
#7357=AXIS2_PLACEMENT_3D('',#11744,#9106,#9107);
#7358=AXIS2_PLACEMENT_3D('',#11750,#9111,#9112);
#7359=AXIS2_PLACEMENT_3D('',#11756,#9116,#9117);
#7360=AXIS2_PLACEMENT_3D('',#11762,#9121,#9122);
#7361=AXIS2_PLACEMENT_3D('',#11767,#9126,#9127);
#7362=AXIS2_PLACEMENT_3D('',#11771,#9130,#9131);
#7363=AXIS2_PLACEMENT_3D('',#11773,#9133,#9134);
#7364=AXIS2_PLACEMENT_3D('',#11774,#9135,#9136);
#7365=AXIS2_PLACEMENT_3D('',#11775,#9137,#9138);
#7366=AXIS2_PLACEMENT_3D('',#11776,#9139,#9140);
#7367=AXIS2_PLACEMENT_3D('',#11779,#9141,#9142);
#7368=AXIS2_PLACEMENT_3D('',#11783,#9144,#9145);
#7369=AXIS2_PLACEMENT_3D('',#11785,#9147,#9148);
#7370=AXIS2_PLACEMENT_3D('',#11791,#9152,#9153);
#7371=AXIS2_PLACEMENT_3D('',#11795,#9155,#9156);
#7372=AXIS2_PLACEMENT_3D('',#11799,#9158,#9159);
#7373=AXIS2_PLACEMENT_3D('',#11803,#9161,#9162);
#7374=AXIS2_PLACEMENT_3D('',#11811,#9167,#9168);
#7375=AXIS2_PLACEMENT_3D('',#11815,#9170,#9171);
#7376=AXIS2_PLACEMENT_3D('',#11817,#9173,#9174);
#7377=AXIS2_PLACEMENT_3D('',#11826,#9179,#9180);
#7378=AXIS2_PLACEMENT_3D('',#11827,#9181,#9182);
#7379=AXIS2_PLACEMENT_3D('',#11830,#9183,#9184);
#7380=AXIS2_PLACEMENT_3D('',#11832,#9185,#9186);
#7381=AXIS2_PLACEMENT_3D('',#11833,#9187,#9188);
#7382=AXIS2_PLACEMENT_3D('',#11834,#9189,#9190);
#7383=AXIS2_PLACEMENT_3D('',#11837,#9191,#9192);
#7384=AXIS2_PLACEMENT_3D('',#11839,#9193,#9194);
#7385=AXIS2_PLACEMENT_3D('',#11840,#9195,#9196);
#7386=AXIS2_PLACEMENT_3D('',#11841,#9197,#9198);
#7387=AXIS2_PLACEMENT_3D('',#11844,#9199,#9200);
#7388=AXIS2_PLACEMENT_3D('',#11847,#9203,#9204);
#7389=AXIS2_PLACEMENT_3D('',#11850,#9205,#9206);
#7390=AXIS2_PLACEMENT_3D('',#11853,#9209,#9210);
#7391=AXIS2_PLACEMENT_3D('',#11856,#9211,#9212);
#7392=AXIS2_PLACEMENT_3D('',#11857,#9213,#9214);
#7393=AXIS2_PLACEMENT_3D('',#11858,#9215,#9216);
#7394=AXIS2_PLACEMENT_3D('',#11859,#9217,#9218);
#7395=AXIS2_PLACEMENT_3D('',#11862,#9219,#9220);
#7396=AXIS2_PLACEMENT_3D('',#11865,#9223,#9224);
#7397=AXIS2_PLACEMENT_3D('',#11868,#9227,#9228);
#7398=AXIS2_PLACEMENT_3D('',#11871,#9229,#9230);
#7399=AXIS2_PLACEMENT_3D('',#11874,#9233,#9234);
#7400=AXIS2_PLACEMENT_3D('',#11877,#9235,#9236);
#7401=AXIS2_PLACEMENT_3D('',#11878,#9237,#9238);
#7402=AXIS2_PLACEMENT_3D('',#11879,#9239,#9240);
#7403=AXIS2_PLACEMENT_3D('',#11880,#9241,#9242);
#7404=AXIS2_PLACEMENT_3D('',#11883,#9245,#9246);
#7405=AXIS2_PLACEMENT_3D('',#11887,#9248,#9249);
#7406=AXIS2_PLACEMENT_3D('',#11889,#9251,#9252);
#7407=AXIS2_PLACEMENT_3D('',#11892,#9255,#9256);
#7408=AXIS2_PLACEMENT_3D('',#11894,#9258,#9259);
#7409=AXIS2_PLACEMENT_3D('',#11897,#9262,#9263);
#7410=AXIS2_PLACEMENT_3D('',#11898,#9264,#9265);
#7411=AXIS2_PLACEMENT_3D('',#11902,#9268,#9269);
#7412=AXIS2_PLACEMENT_3D('',#11903,#9270,#9271);
#7413=AXIS2_PLACEMENT_3D('',#11905,#9273,#9274);
#7414=AXIS2_PLACEMENT_3D('',#11907,#9275,#9276);
#7415=AXIS2_PLACEMENT_3D('',#11909,#9277,#9278);
#7416=AXIS2_PLACEMENT_3D('',#11910,#9279,#9280);
#7417=AXIS2_PLACEMENT_3D('',#11911,#9281,#9282);
#7418=AXIS2_PLACEMENT_3D('',#11914,#9283,#9284);
#7419=AXIS2_PLACEMENT_3D('',#11916,#9285,#9286);
#7420=AXIS2_PLACEMENT_3D('',#11917,#9287,#9288);
#7421=AXIS2_PLACEMENT_3D('',#11918,#9289,#9290);
#7422=AXIS2_PLACEMENT_3D('',#11921,#9291,#9292);
#7423=AXIS2_PLACEMENT_3D('',#11924,#9295,#9296);
#7424=AXIS2_PLACEMENT_3D('',#11927,#9297,#9298);
#7425=AXIS2_PLACEMENT_3D('',#11930,#9301,#9302);
#7426=AXIS2_PLACEMENT_3D('',#11933,#9303,#9304);
#7427=AXIS2_PLACEMENT_3D('',#11934,#9305,#9306);
#7428=AXIS2_PLACEMENT_3D('',#11935,#9307,#9308);
#7429=AXIS2_PLACEMENT_3D('',#11936,#9309,#9310);
#7430=AXIS2_PLACEMENT_3D('',#11939,#9311,#9312);
#7431=AXIS2_PLACEMENT_3D('',#11942,#9315,#9316);
#7432=AXIS2_PLACEMENT_3D('',#11945,#9319,#9320);
#7433=AXIS2_PLACEMENT_3D('',#11947,#9321,#9322);
#7434=AXIS2_PLACEMENT_3D('',#11949,#9324,#9325);
#7435=AXIS2_PLACEMENT_3D('',#11951,#9326,#9327);
#7436=AXIS2_PLACEMENT_3D('',#11952,#9328,#9329);
#7437=AXIS2_PLACEMENT_3D('',#11953,#9330,#9331);
#7438=AXIS2_PLACEMENT_3D('',#11955,#9333,#9334);
#7439=AXIS2_PLACEMENT_3D('',#11958,#9336,#9337);
#7440=AXIS2_PLACEMENT_3D('',#11959,#9338,#9339);
#7441=AXIS2_PLACEMENT_3D('',#11961,#9341,#9342);
#7442=AXIS2_PLACEMENT_3D('',#11963,#9344,#9345);
#7443=AXIS2_PLACEMENT_3D('',#11966,#9348,#9349);
#7444=AXIS2_PLACEMENT_3D('',#11967,#9350,#9351);
#7445=AXIS2_PLACEMENT_3D('',#11970,#9354,#9355);
#7446=AXIS2_PLACEMENT_3D('',#11971,#9356,#9357);
#7447=AXIS2_PLACEMENT_3D('',#11977,#9361,#9362);
#7448=AXIS2_PLACEMENT_3D('',#11979,#9364,#9365);
#7449=AXIS2_PLACEMENT_3D('',#11981,#9367,#9368);
#7450=AXIS2_PLACEMENT_3D('',#11982,#9369,#9370);
#7451=AXIS2_PLACEMENT_3D('',#11983,#9371,#9372);
#7452=AXIS2_PLACEMENT_3D('',#11984,#9373,#9374);
#7453=AXIS2_PLACEMENT_3D('',#11985,#9375,#9376);
#7454=DIRECTION('axis',(0.,0.,1.));
#7455=DIRECTION('refdir',(1.,0.,0.));
#7456=DIRECTION('axis',(0.,0.,1.));
#7457=DIRECTION('refdir',(1.,0.,0.));
#7458=DIRECTION('axis',(0.,0.,1.));
#7459=DIRECTION('refdir',(1.,0.,0.));
#7460=DIRECTION('center_axis',(1.,-7.13396321044277E-17,6.16297582203915E-33));
#7461=DIRECTION('ref_axis',(0.,0.520120939728472,-0.854092622644624));
#7462=DIRECTION('',(1.,-7.13396321044277E-17,6.16297582203915E-33));
#7463=DIRECTION('center_axis',(-0.707106781186547,-0.707106781186548,-1.37676308219067E-15));
#7464=DIRECTION('ref_axis',(-0.707106781186548,0.707106781186547,1.37676308219067E-15));
#7465=DIRECTION('',(1.,-7.13396321044277E-17,0.));
#7466=DIRECTION('center_axis',(-0.707106781186546,0.707106781186549,2.065144623286E-15));
#7467=DIRECTION('ref_axis',(0.707106781186549,0.707106781186546,-2.06514462328601E-15));
#7468=DIRECTION('center_axis',(-4.33257765707378E-16,-1.,2.46519032881566E-32));
#7469=DIRECTION('ref_axis',(0.520120939728471,-4.44089209850063E-16,-0.854092622644624));
#7470=DIRECTION('',(-4.33257765707378E-16,-1.,2.46519032881566E-32));
#7471=DIRECTION('',(-4.33257765707378E-16,-1.,0.));
#7472=DIRECTION('center_axis',(-0.707106781186548,-0.707106781186548,0.));
#7473=DIRECTION('ref_axis',(-0.707106781186547,0.707106781186547,-3.4863055968421E-32));
#7474=DIRECTION('center_axis',(-1.,3.56698160522139E-16,2.46519032881566E-32));
#7475=DIRECTION('ref_axis',(-4.44089209850063E-16,-0.520120939728472,-0.854092622644624));
#7476=DIRECTION('',(-1.,3.56698160522139E-16,2.46519032881566E-32));
#7477=DIRECTION('',(-1.,3.56698160522139E-16,0.));
#7478=DIRECTION('center_axis',(-0.707106781186546,0.707106781186549,-4.13028924657201E-15));
#7479=DIRECTION('ref_axis',(0.707106781186549,0.707106781186546,-4.13028924657199E-15));
#7480=DIRECTION('center_axis',(2.16628882853689E-16,1.,1.23259516440783E-32));
#7481=DIRECTION('ref_axis',(-0.520120939728471,0.,-0.854092622644624));
#7482=DIRECTION('',(2.16628882853689E-16,1.,1.23259516440783E-32));
#7483=DIRECTION('',(2.16628882853689E-16,1.,0.));
#7484=DIRECTION('center_axis',(-0.707106781186547,1.5317975206671E-16,-0.707106781186548));
#7485=DIRECTION('ref_axis',(-0.707106781186548,0.,0.707106781186547));
#7486=DIRECTION('',(0.577350269189626,-0.577350269189626,-0.577350269189625));
#7487=DIRECTION('',(2.16628882853689E-16,1.,0.));
#7488=DIRECTION('',(-0.577350269189626,-0.577350269189626,0.577350269189626));
#7489=DIRECTION('center_axis',(5.04447376283944E-17,0.707106781186547,-0.707106781186548));
#7490=DIRECTION('ref_axis',(-1.,0.,-7.13396321044277E-17));
#7491=DIRECTION('',(-0.577350269189626,-0.577350269189626,-0.577350269189625));
#7492=DIRECTION('',(1.,-7.13396321044277E-17,0.));
#7493=DIRECTION('center_axis',(0.707106781186547,-3.06359504133419E-16,
-0.707106781186548));
#7494=DIRECTION('ref_axis',(-0.707106781186548,0.,-0.707106781186547));
#7495=DIRECTION('',(0.577350269189626,-0.577350269189627,0.577350269189625));
#7496=DIRECTION('',(-4.33257765707378E-16,-1.,0.));
#7497=DIRECTION('center_axis',(-2.52223688141972E-16,-0.707106781186547,
-0.707106781186548));
#7498=DIRECTION('ref_axis',(-1.,0.,3.56698160522138E-16));
#7499=DIRECTION('',(-1.,3.56698160522139E-16,0.));
#7500=DIRECTION('center_axis',(-7.13396321044277E-17,-1.,0.));
#7501=DIRECTION('ref_axis',(1.,-7.13396321044277E-17,0.));
#7502=DIRECTION('',(0.,0.,-1.));
#7503=DIRECTION('',(-1.,7.13396321044277E-17,0.));
#7504=DIRECTION('',(0.,0.,-1.));
#7505=DIRECTION('center_axis',(-1.,4.33257765707378E-16,0.));
#7506=DIRECTION('ref_axis',(-4.33257765707378E-16,-1.,0.));
#7507=DIRECTION('',(0.,0.,-1.));
#7508=DIRECTION('',(4.33257765707378E-16,1.,0.));
#7509=DIRECTION('center_axis',(-1.,4.33257765707378E-16,0.));
#7510=DIRECTION('ref_axis',(-4.33257765707378E-16,-1.,0.));
#7511=DIRECTION('',(-4.33257765707378E-16,-1.,0.));
#7512=DIRECTION('',(0.,0.,1.));
#7513=DIRECTION('',(0.,0.,1.));
#7514=DIRECTION('center_axis',(3.56698160522139E-16,1.,0.));
#7515=DIRECTION('ref_axis',(-1.,3.56698160522139E-16,0.));
#7516=DIRECTION('',(-1.,3.56698160522139E-16,0.));
#7517=DIRECTION('',(0.,0.,1.));
#7518=DIRECTION('center_axis',(1.,-2.16628882853689E-16,0.));
#7519=DIRECTION('ref_axis',(2.16628882853689E-16,1.,0.));
#7520=DIRECTION('',(2.16628882853689E-16,1.,0.));
#7521=DIRECTION('',(0.,0.,1.));
#7522=DIRECTION('center_axis',(-7.13396321044277E-17,-1.,0.));
#7523=DIRECTION('ref_axis',(1.,-7.13396321044277E-17,0.));
#7524=DIRECTION('',(1.,-7.13396321044277E-17,0.));
#7525=DIRECTION('center_axis',(1.,-2.16628882853689E-16,0.));
#7526=DIRECTION('ref_axis',(2.16628882853689E-16,1.,0.));
#7527=DIRECTION('',(-2.16628882853689E-16,-1.,0.));
#7528=DIRECTION('',(0.,0.,-1.));
#7529=DIRECTION('center_axis',(-0.577350269189621,-0.577350269189632,-0.577350269189625));
#7530=DIRECTION('ref_axis',(-0.70710678118655,0.,0.707106781186546));
#7531=DIRECTION('',(-1.25607396694702E-14,0.707106781186546,-0.707106781186549));
#7532=DIRECTION('',(0.707106781186554,-0.707106781186541,0.));
#7533=DIRECTION('',(-0.707106781186546,-6.28036983473511E-15,0.707106781186549));
#7534=DIRECTION('center_axis',(-0.707106781186541,-0.707106781186554,0.));
#7535=DIRECTION('ref_axis',(0.,0.,1.));
#7536=DIRECTION('',(-0.707106781186554,0.707106781186541,0.));
#7537=DIRECTION('',(0.,0.,-1.));
#7538=DIRECTION('',(0.,0.,1.));
#7539=DIRECTION('center_axis',(0.577350269189616,-0.577350269189632,-0.57735026918963));
#7540=DIRECTION('ref_axis',(-0.707106781186556,0.,-0.707106781186539));
#7541=DIRECTION('',(0.707106781186554,0.707106781186541,0.));
#7542=DIRECTION('',(0.,-0.707106781186546,0.707106781186549));
#7543=DIRECTION('',(-0.707106781186549,1.25607396694702E-14,-0.707106781186546));
#7544=DIRECTION('center_axis',(2.18447646425569E-16,-0.707106781186549,
-0.707106781186546));
#7545=DIRECTION('ref_axis',(-1.,0.,-3.08931624243523E-16));
#7546=DIRECTION('',(1.,3.08931624243522E-16,0.));
#7547=DIRECTION('',(-1.,-3.08931624243522E-16,0.));
#7548=DIRECTION('center_axis',(-0.577350269189623,0.577350269189623,-0.577350269189631));
#7549=DIRECTION('ref_axis',(-0.707106781186553,0.,0.707106781186542));
#7550=DIRECTION('',(0.707106781186546,0.,-0.707106781186549));
#7551=DIRECTION('',(-0.707106781186548,-0.707106781186548,0.));
#7552=DIRECTION('',(-1.25607396694702E-14,0.707106781186546,0.707106781186549));
#7553=DIRECTION('center_axis',(-0.707106781186548,0.707106781186548,0.));
#7554=DIRECTION('ref_axis',(0.,0.,1.));
#7555=DIRECTION('',(0.707106781186548,0.707106781186548,0.));
#7556=DIRECTION('',(0.,0.,-1.));
#7557=DIRECTION('',(0.,0.,1.));
#7558=DIRECTION('center_axis',(0.577350269189623,0.577350269189623,-0.577350269189631));
#7559=DIRECTION('ref_axis',(-0.707106781186553,0.,-0.707106781186542));
#7560=DIRECTION('',(-1.25607396694702E-14,-0.707106781186546,-0.707106781186549));
#7561=DIRECTION('',(-0.707106781186547,0.707106781186547,0.));
#7562=DIRECTION('',(0.707106781186549,6.28036983473508E-15,0.707106781186546));
#7563=DIRECTION('center_axis',(0.707106781186548,0.707106781186548,0.));
#7564=DIRECTION('ref_axis',(0.,0.,-1.));
#7565=DIRECTION('',(0.707106781186548,-0.707106781186548,0.));
#7566=DIRECTION('',(0.,0.,-1.));
#7567=DIRECTION('',(0.,0.,1.));
#7568=DIRECTION('center_axis',(0.707106781186546,-6.28036983473508E-16,
-0.707106781186549));
#7569=DIRECTION('ref_axis',(-0.707106781186549,0.,-0.707106781186546));
#7570=DIRECTION('',(8.88178419700125E-16,1.,0.));
#7571=DIRECTION('',(-8.88178419700125E-16,-1.,0.));
#7572=DIRECTION('center_axis',(-1.45631764283713E-16,0.707106781186549,
-0.707106781186546));
#7573=DIRECTION('ref_axis',(-1.,0.,2.05954416162348E-16));
#7574=DIRECTION('',(-1.,-2.05954416162348E-16,0.));
#7575=DIRECTION('',(1.,2.05954416162348E-16,0.));
#7576=DIRECTION('center_axis',(-0.707106781186549,2.79127548210449E-16,
-0.707106781186546));
#7577=DIRECTION('ref_axis',(-0.707106781186546,0.,0.707106781186549));
#7578=DIRECTION('',(-3.94745964311167E-16,-1.,0.));
#7579=DIRECTION('',(3.94745964311167E-16,1.,0.));
#7580=DIRECTION('center_axis',(0.707106781186541,-0.707106781186554,0.));
#7581=DIRECTION('ref_axis',(0.,0.,-1.));
#7582=DIRECTION('',(-0.707106781186554,-0.707106781186541,0.));
#7583=DIRECTION('',(0.,0.,-1.));
#7584=DIRECTION('',(0.,0.,1.));
#7585=DIRECTION('center_axis',(3.08931624243522E-16,-1.,0.));
#7586=DIRECTION('ref_axis',(-1.,-3.08931624243522E-16,0.));
#7587=DIRECTION('',(1.,3.08931624243522E-16,0.));
#7588=DIRECTION('center_axis',(-1.,8.88178419700125E-16,0.));
#7589=DIRECTION('ref_axis',(0.,0.,1.));
#7590=DIRECTION('',(8.88178419700125E-16,1.,0.));
#7591=DIRECTION('center_axis',(0.,0.,-1.));
#7592=DIRECTION('ref_axis',(-1.,0.,0.));
#7593=DIRECTION('',(-1.,-2.05954416162348E-16,0.));
#7594=DIRECTION('',(-3.94745964311167E-16,-1.,0.));
#7595=DIRECTION('',(-2.16628882853689E-16,-1.,0.));
#7596=DIRECTION('',(-0.707106781186546,-0.707106781186549,0.));
#7597=DIRECTION('',(-1.,7.13396321044277E-17,0.));
#7598=DIRECTION('',(-0.707106781186544,0.707106781186551,0.));
#7599=DIRECTION('',(4.33257765707378E-16,1.,0.));
#7600=DIRECTION('',(0.707106781186546,0.707106781186549,0.));
#7601=DIRECTION('',(1.,-3.56698160522139E-16,0.));
#7602=DIRECTION('',(0.707106781186549,-0.707106781186546,0.));
#7603=DIRECTION('center_axis',(0.,0.,-1.));
#7604=DIRECTION('ref_axis',(-1.,0.,0.));
#7605=DIRECTION('center_axis',(0.577350269189628,-0.577350269189626,0.577350269189624));
#7606=DIRECTION('ref_axis',(0.707106781186545,0.,-0.70710678118655));
#7607=DIRECTION('',(0.,0.707106781186548,0.707106781186547));
#7608=DIRECTION('',(-0.707106781186546,-0.707106781186549,0.));
#7609=DIRECTION('',(0.707106781186546,3.14018491736756E-15,-0.707106781186549));
#7610=DIRECTION('center_axis',(0.707106781186549,-0.707106781186546,0.));
#7611=DIRECTION('ref_axis',(0.,0.,-1.));
#7612=DIRECTION('',(0.,0.,1.));
#7613=DIRECTION('',(0.,0.,-1.));
#7614=DIRECTION('center_axis',(0.577350269189628,0.577350269189631,0.577350269189619));
#7615=DIRECTION('ref_axis',(0.707106781186542,0.,-0.707106781186553));
#7616=DIRECTION('',(-0.707106781186546,1.25607396694702E-14,0.707106781186549));
#7617=DIRECTION('',(0.707106781186549,-0.707106781186546,0.));
#7618=DIRECTION('',(-6.28036983473514E-15,0.707106781186543,-0.707106781186552));
#7619=DIRECTION('center_axis',(0.707106781186546,0.707106781186549,0.));
#7620=DIRECTION('ref_axis',(0.,0.,-1.));
#7621=DIRECTION('',(0.,0.,1.));
#7622=DIRECTION('',(0.,0.,-1.));
#7623=DIRECTION('center_axis',(-0.57735026918963,-0.577350269189625,0.577350269189623));
#7624=DIRECTION('ref_axis',(0.707106781186543,0.,0.707106781186552));
#7625=DIRECTION('',(0.707106781186546,-1.25607396694702E-14,0.707106781186549));
#7626=DIRECTION('',(-0.707106781186544,0.707106781186551,0.));
#7627=DIRECTION('',(0.,-0.707106781186546,-0.707106781186549));
#7628=DIRECTION('center_axis',(-0.707106781186551,-0.707106781186544,0.));
#7629=DIRECTION('ref_axis',(0.,0.,1.));
#7630=DIRECTION('',(0.,0.,1.));
#7631=DIRECTION('',(0.,0.,-1.));
#7632=DIRECTION('center_axis',(-5.04447376283945E-17,-0.707106781186549,
0.707106781186546));
#7633=DIRECTION('ref_axis',(1.,0.,7.1339632104428E-17));
#7634=DIRECTION('',(-1.,7.13396321044277E-17,0.));
#7635=DIRECTION('',(1.,-7.13396321044277E-17,0.));
#7636=DIRECTION('center_axis',(-0.57735026918963,0.577350269189627,0.57735026918962));
#7637=DIRECTION('ref_axis',(0.707106781186542,0.,0.707106781186553));
#7638=DIRECTION('',(0.,-0.707106781186545,0.70710678118655));
#7639=DIRECTION('',(0.707106781186546,0.707106781186549,0.));
#7640=DIRECTION('',(-0.707106781186546,-9.42055475210267E-15,-0.707106781186549));
#7641=DIRECTION('center_axis',(-0.707106781186549,0.707106781186546,0.));
#7642=DIRECTION('ref_axis',(0.,0.,1.));
#7643=DIRECTION('',(0.,0.,1.));
#7644=DIRECTION('',(0.,0.,-1.));
#7645=DIRECTION('center_axis',(-0.707106781186549,3.0635950413342E-16,0.707106781186546));
#7646=DIRECTION('ref_axis',(0.707106781186546,0.,0.707106781186549));
#7647=DIRECTION('',(4.33257765707378E-16,1.,0.));
#7648=DIRECTION('',(-4.33257765707378E-16,-1.,0.));
#7649=DIRECTION('center_axis',(2.52223688141973E-16,0.707106781186552,0.707106781186543));
#7650=DIRECTION('ref_axis',(1.,0.,-3.56698160522143E-16));
#7651=DIRECTION('',(1.,-3.56698160522139E-16,0.));
#7652=DIRECTION('',(-1.,3.56698160522139E-16,0.));
#7653=DIRECTION('center_axis',(0.707106781186549,-1.5317975206671E-16,0.707106781186546));
#7654=DIRECTION('ref_axis',(0.707106781186546,0.,-0.707106781186549));
#7655=DIRECTION('',(-2.16628882853689E-16,-1.,0.));
#7656=DIRECTION('',(2.16628882853689E-16,1.,0.));
#7657=DIRECTION('center_axis',(-7.13396321044277E-17,-1.,0.));
#7658=DIRECTION('ref_axis',(1.,-7.13396321044277E-17,0.));
#7659=DIRECTION('center_axis',(-1.,4.33257765707378E-16,0.));
#7660=DIRECTION('ref_axis',(-4.33257765707378E-16,-1.,0.));
#7661=DIRECTION('center_axis',(0.,0.,1.));
#7662=DIRECTION('ref_axis',(1.,0.,0.));
#7663=DIRECTION('',(1.,-3.56698160522139E-16,0.));
#7664=DIRECTION('center_axis',(-1.,3.94745964311167E-16,0.));
#7665=DIRECTION('ref_axis',(3.94745964311167E-16,1.,0.));
#7666=DIRECTION('center_axis',(-2.05954416162348E-16,1.,0.));
#7667=DIRECTION('ref_axis',(1.,2.05954416162348E-16,0.));
#7668=DIRECTION('center_axis',(3.56698160522139E-16,1.,0.));
#7669=DIRECTION('ref_axis',(-1.,3.56698160522139E-16,0.));
#7670=DIRECTION('center_axis',(3.56698160522139E-16,1.,0.));
#7671=DIRECTION('ref_axis',(-1.,3.56698160522139E-16,0.));
#7672=DIRECTION('center_axis',(1.,-2.16628882853689E-16,0.));
#7673=DIRECTION('ref_axis',(2.16628882853689E-16,1.,0.));
#7674=DIRECTION('center_axis',(-1.,0.,0.));
#7675=DIRECTION('ref_axis',(0.,-0.0101010101009597,0.999948983496128));
#7676=DIRECTION('center_axis',(1.,0.,0.));
#7677=DIRECTION('ref_axis',(0.,-0.0101010101009597,0.999948983496128));
#7678=DIRECTION('',(-1.,0.,0.));
#7679=DIRECTION('center_axis',(-1.,0.,0.));
#7680=DIRECTION('ref_axis',(0.,-0.0101010101009597,0.999948983496128));
#7681=DIRECTION('',(1.,1.34064667124547E-16,0.));
#7682=DIRECTION('center_axis',(9.47980352412845E-17,-0.707106781186548,
0.707106781186548));
#7683=DIRECTION('ref_axis',(1.,0.,-1.34064667124547E-16));
#7684=DIRECTION('center_axis',(-9.47980352412845E-17,0.707106781186548,
-0.707106781186548));
#7685=DIRECTION('ref_axis',(9.91219986542787E-17,0.707106781186547,0.707106781186547));
#7686=DIRECTION('',(-1.,-1.34064667124547E-16,0.));
#7687=DIRECTION('',(-6.28036983473512E-15,-0.707106781186548,-0.707106781186548));
#7688=DIRECTION('',(1.,1.34064667124547E-16,0.));
#7689=DIRECTION('',(0.,-0.707106781186548,-0.707106781186548));
#7690=DIRECTION('center_axis',(9.47980352412845E-17,-0.707106781186548,
0.707106781186548));
#7691=DIRECTION('ref_axis',(1.,0.,-1.34064667124547E-16));
#7692=DIRECTION('center_axis',(-9.47980352412845E-17,0.707106781186548,
-0.707106781186548));
#7693=DIRECTION('ref_axis',(4.95609993271394E-17,0.707106781186548,0.707106781186548));
#7694=DIRECTION('',(0.,0.707106781186548,0.707106781186548));
#7695=DIRECTION('',(1.,1.34064667124547E-16,0.));
#7696=DIRECTION('',(0.,0.707106781186548,0.707106781186548));
#7697=DIRECTION('',(-1.,-1.34064667124547E-16,0.));
#7698=DIRECTION('center_axis',(0.,0.707106781186544,-0.707106781186551));
#7699=DIRECTION('ref_axis',(0.70710678118655,0.499999999999998,0.499999999999998));
#7700=DIRECTION('',(0.,-0.707106781186544,0.707106781186551));
#7701=DIRECTION('center_axis',(0.,0.923879532511287,-0.382683432365088));
#7702=DIRECTION('ref_axis',(0.,0.382683432365088,0.923879532511287));
#7703=DIRECTION('',(0.,0.707106781186544,-0.707106781186551));
#7704=DIRECTION('center_axis',(0.,-0.38268343236509,0.923879532511287));
#7705=DIRECTION('ref_axis',(0.,-0.923879532511287,-0.38268343236509));
#7706=DIRECTION('center_axis',(0.,1.,0.));
#7707=DIRECTION('ref_axis',(0.707106781186548,0.,0.707106781186548));
#7708=DIRECTION('',(0.,-1.,0.));
#7709=DIRECTION('',(0.,1.,0.));
#7710=DIRECTION('center_axis',(0.,0.,-1.));
#7711=DIRECTION('ref_axis',(0.707106781186551,0.707106781186544,0.));
#7712=DIRECTION('',(0.,0.,-1.));
#7713=DIRECTION('center_axis',(0.,0.,-1.));
#7714=DIRECTION('ref_axis',(0.707106781186551,0.707106781186544,0.));
#7715=DIRECTION('',(0.,0.,1.));
#7716=DIRECTION('center_axis',(0.,0.,1.));
#7717=DIRECTION('ref_axis',(1.,0.,0.));
#7718=DIRECTION('',(1.,-3.04692425283062E-16,0.));
#7719=DIRECTION('',(3.94745964311167E-16,1.,0.));
#7720=DIRECTION('center_axis',(2.15450080093829E-16,0.707106781186551,0.707106781186544));
#7721=DIRECTION('ref_axis',(1.,0.,-3.04692425283064E-16));
#7722=DIRECTION('',(-1.,3.04692425283062E-16,0.));
#7723=DIRECTION('',(1.,-3.04692425283062E-16,0.));
#7724=DIRECTION('',(-0.577350269189628,0.577350269189622,-0.577350269189628));
#7725=DIRECTION('center_axis',(3.04692425283062E-16,1.,0.));
#7726=DIRECTION('ref_axis',(0.,0.,1.));
#7727=DIRECTION('',(1.,0.,0.));
#7728=DIRECTION('',(0.,0.,1.));
#7729=DIRECTION('center_axis',(0.,-0.707106781186544,0.707106781186551));
#7730=DIRECTION('ref_axis',(-0.707106781186552,0.500000000000003,0.499999999999991));
#7731=DIRECTION('',(0.,-0.707106781186544,0.707106781186551));
#7732=DIRECTION('center_axis',(0.,0.923879532511287,-0.382683432365088));
#7733=DIRECTION('ref_axis',(-1.29509132446206E-16,0.382683432365089,0.923879532511287));
#7734=DIRECTION('center_axis',(-0.707106781186548,0.,-0.707106781186548));
#7735=DIRECTION('ref_axis',(-0.408248290463865,-0.816496580927724,0.408248290463866));
#7736=DIRECTION('',(0.,0.707106781186544,-0.707106781186551));
#7737=DIRECTION('center_axis',(0.,-0.38268343236508,0.923879532511291));
#7738=DIRECTION('ref_axis',(0.,0.923879532511291,0.38268343236508));
#7739=DIRECTION('center_axis',(0.,0.,1.));
#7740=DIRECTION('ref_axis',(-0.707106781186544,0.707106781186551,0.));
#7741=DIRECTION('center_axis',(0.316227766016863,4.25555571948686E-15,0.948683298050505));
#7742=DIRECTION('ref_axis',(0.948683298050505,1.27666671584594E-14,-0.316227766016864));
#7743=DIRECTION('',(0.,0.,1.));
#7744=DIRECTION('',(0.,0.,-1.));
#7745=DIRECTION('center_axis',(-0.6,1.82815455169837E-16,-0.8));
#7746=DIRECTION('ref_axis',(-0.565685424949246,0.707106781186541,0.424264068711928));
#7747=DIRECTION('center_axis',(-0.866025403784432,0.,0.500000000000012));
#7748=DIRECTION('ref_axis',(0.500000000000012,-2.09595322072271E-16,0.866025403784432));
#7749=DIRECTION('',(-0.599999999999999,1.82815455169837E-16,-0.8));
#7750=DIRECTION('center_axis',(0.599999999999996,0.,0.800000000000003));
#7751=DIRECTION('ref_axis',(0.,1.,0.));
#7752=DIRECTION('',(0.599999999999999,-1.82815455169837E-16,0.8));
#7753=DIRECTION('center_axis',(-3.04692425283062E-16,-1.,0.));
#7754=DIRECTION('ref_axis',(0.,0.,-1.));
#7755=DIRECTION('center_axis',(-3.04692425283062E-16,-1.,0.));
#7756=DIRECTION('ref_axis',(-0.948683298050514,2.89056614908545E-16,0.316227766016837));
#7757=DIRECTION('center_axis',(0.,0.,1.));
#7758=DIRECTION('ref_axis',(0.,1.,0.));
#7759=DIRECTION('center_axis',(3.04692425283062E-16,1.,0.));
#7760=DIRECTION('ref_axis',(-0.948683298050514,2.94902990916057E-16,0.316227766016837));
#7761=DIRECTION('center_axis',(-3.04692425283062E-16,-1.,0.));
#7762=DIRECTION('ref_axis',(-0.948683298050514,2.89056614908545E-16,0.316227766016837));
#7763=DIRECTION('center_axis',(0.,0.,1.));
#7764=DIRECTION('ref_axis',(-0.707106781186544,0.707106781186551,0.));
#7765=DIRECTION('center_axis',(0.,0.,-1.));
#7766=DIRECTION('ref_axis',(-0.707106781186544,0.707106781186551,0.));
#7767=DIRECTION('',(0.,0.,1.));
#7768=DIRECTION('',(0.,0.,-1.));
#7769=DIRECTION('center_axis',(0.,-1.,0.));
#7770=DIRECTION('ref_axis',(-0.707106781186548,0.,0.707106781186548));
#7771=DIRECTION('',(0.,-1.,0.));
#7772=DIRECTION('',(0.,1.,0.));
#7773=DIRECTION('center_axis',(-3.48909435263064E-16,-0.707106781186551,
-0.707106781186544));
#7774=DIRECTION('ref_axis',(2.97365995962837E-16,-0.707106781186544,0.707106781186551));
#7775=DIRECTION('center_axis',(-0.30151134457777,-0.301511344577759,-0.90453403373329));
#7776=DIRECTION('ref_axis',(0.0953462589245595,-0.953462589245594,0.286038776773673));
#7777=DIRECTION('',(0.,1.,0.));
#7778=DIRECTION('center_axis',(-1.,0.,0.));
#7779=DIRECTION('ref_axis',(0.,1.,0.));
#7780=DIRECTION('',(0.,1.,0.));
#7781=DIRECTION('',(0.,0.,-1.));
#7782=DIRECTION('center_axis',(-0.8,0.,0.6));
#7783=DIRECTION('ref_axis',(0.599999999999999,0.,0.8));
#7784=DIRECTION('',(0.,1.,0.));
#7785=DIRECTION('',(-0.599999999999999,0.,-0.8));
#7786=DIRECTION('center_axis',(0.,-1.,0.));
#7787=DIRECTION('ref_axis',(-0.948683298050514,0.,0.316227766016838));
#7788=DIRECTION('',(0.,-1.,0.));
#7789=DIRECTION('center_axis',(0.,-1.,0.));
#7790=DIRECTION('ref_axis',(-0.948683298050514,0.,0.316227766016838));
#7791=DIRECTION('center_axis',(-1.,0.,0.));
#7792=DIRECTION('ref_axis',(0.,1.,0.));
#7793=DIRECTION('',(0.,1.,0.));
#7794=DIRECTION('',(0.,0.,-1.));
#7795=DIRECTION('center_axis',(3.04692425283062E-16,1.,0.));
#7796=DIRECTION('ref_axis',(0.,0.,1.));
#7797=DIRECTION('',(0.,0.,1.));
#7798=DIRECTION('',(1.,0.,0.));
#7799=DIRECTION('center_axis',(3.04692425283062E-16,1.,0.));
#7800=DIRECTION('ref_axis',(0.,0.,1.));
#7801=DIRECTION('',(-0.500000000000012,0.,-0.866025403784432));
#7802=DIRECTION('center_axis',(2.15450080093829E-16,0.707106781186551,0.707106781186544));
#7803=DIRECTION('ref_axis',(1.,0.,-3.04692425283064E-16));
#7804=DIRECTION('',(0.577350269189622,0.577350269189634,-0.577350269189622));
#7805=DIRECTION('',(-1.,3.04692425283062E-16,0.));
#7806=DIRECTION('center_axis',(0.707106781186548,0.,0.707106781186548));
#7807=DIRECTION('ref_axis',(0.707106781186548,0.,-0.707106781186548));
#7808=DIRECTION('',(0.408248290463862,0.816496580927727,-0.408248290463862));
#7809=DIRECTION('',(0.,1.,0.));
#7810=DIRECTION('center_axis',(0.30151134457777,0.301511344577759,0.90453403373329));
#7811=DIRECTION('ref_axis',(0.948683298050512,0.,-0.316227766016844));
#7812=DIRECTION('',(-0.816496580927727,-0.408248290463858,0.408248290463865));
#7813=DIRECTION('',(0.707106781186543,-0.707106781186552,0.));
#7814=DIRECTION('center_axis',(1.,0.,0.));
#7815=DIRECTION('ref_axis',(0.,0.0101010101010045,0.999948983496128));
#7816=DIRECTION('center_axis',(-1.,0.,0.));
#7817=DIRECTION('ref_axis',(0.,0.0101010101010045,0.999948983496128));
#7818=DIRECTION('',(1.,0.,0.));
#7819=DIRECTION('center_axis',(1.,0.,0.));
#7820=DIRECTION('ref_axis',(0.,0.0101010101010045,0.999948983496128));
#7821=DIRECTION('',(-1.,-1.33226762955019E-15,0.));
#7822=DIRECTION('center_axis',(-9.42055475210261E-16,0.707106781186544,
0.707106781186551));
#7823=DIRECTION('ref_axis',(1.,0.,1.33226762955018E-15));
#7824=DIRECTION('center_axis',(9.42055475210261E-16,-0.707106781186544,
-0.707106781186551));
#7825=DIRECTION('ref_axis',(-9.41658987215644E-16,-0.707106781186551,0.707106781186544));
#7826=DIRECTION('',(1.,1.33226762955019E-15,0.));
#7827=DIRECTION('',(-1.25607396694702E-14,0.707106781186551,-0.707106781186544));
#7828=DIRECTION('',(-1.,-1.33226762955019E-15,0.));
#7829=DIRECTION('',(0.,0.707106781186551,-0.707106781186544));
#7830=DIRECTION('center_axis',(-9.42055475210261E-16,0.707106781186544,
0.707106781186551));
#7831=DIRECTION('ref_axis',(1.,0.,1.33226762955018E-15));
#7832=DIRECTION('center_axis',(9.42055475210261E-16,-0.707106781186544,
-0.707106781186551));
#7833=DIRECTION('ref_axis',(-9.91219986542783E-16,-0.707106781186551,0.707106781186544));
#7834=DIRECTION('',(0.,-0.707106781186551,0.707106781186544));
#7835=DIRECTION('',(-1.,-1.33226762955019E-15,0.));
#7836=DIRECTION('',(1.25607396694702E-14,-0.707106781186551,0.707106781186544));
#7837=DIRECTION('',(1.,1.33226762955019E-15,0.));
#7838=DIRECTION('center_axis',(0.,0.707106781186541,0.707106781186554));
#7839=DIRECTION('ref_axis',(0.70710678118655,-0.499999999999998,0.499999999999998));
#7840=DIRECTION('',(0.,-0.707106781186541,-0.707106781186554));
#7841=DIRECTION('center_axis',(0.,0.382683432365066,0.923879532511297));
#7842=DIRECTION('ref_axis',(0.,-0.923879532511297,0.382683432365066));
#7843=DIRECTION('',(0.,0.707106781186541,0.707106781186554));
#7844=DIRECTION('center_axis',(0.,-0.92387953251129,-0.382683432365081));
#7845=DIRECTION('ref_axis',(0.,0.382683432365081,-0.92387953251129));
#7846=DIRECTION('center_axis',(0.,0.,1.));
#7847=DIRECTION('ref_axis',(0.707106781186544,-0.707106781186551,0.));
#7848=DIRECTION('',(0.,0.,-1.));
#7849=DIRECTION('center_axis',(0.,0.,-1.));
#7850=DIRECTION('ref_axis',(0.707106781186544,-0.707106781186551,0.));
#7851=DIRECTION('',(0.,0.,1.));
#7852=DIRECTION('center_axis',(0.,1.,0.));
#7853=DIRECTION('ref_axis',(0.707106781186548,0.,0.707106781186548));
#7854=DIRECTION('',(0.,1.,0.));
#7855=DIRECTION('',(0.,-1.,0.));
#7856=DIRECTION('center_axis',(-3.04692425283062E-16,-1.,0.));
#7857=DIRECTION('ref_axis',(0.,0.,-1.));
#7858=DIRECTION('',(1.,-3.04692425283062E-16,0.));
#7859=DIRECTION('',(0.,0.,-1.));
#7860=DIRECTION('',(1.,-3.04692425283062E-16,0.));
#7861=DIRECTION('center_axis',(-2.1545008009383E-16,-0.707106781186554,
0.707106781186541));
#7862=DIRECTION('ref_axis',(1.,0.,3.04692425283067E-16));
#7863=DIRECTION('',(-1.,3.04692425283062E-16,0.));
#7864=DIRECTION('',(-0.577350269189634,-0.577350269189616,-0.577350269189628));
#7865=DIRECTION('',(1.,-3.04692425283062E-16,0.));
#7866=DIRECTION('center_axis',(0.,0.,1.));
#7867=DIRECTION('ref_axis',(1.,0.,0.));
#7868=DIRECTION('',(3.94745964311167E-16,1.,0.));
#7869=DIRECTION('center_axis',(0.,-1.,0.));
#7870=DIRECTION('ref_axis',(-0.707106781186548,0.,0.707106781186548));
#7871=DIRECTION('',(0.,-1.,0.));
#7872=DIRECTION('center_axis',(0.,0.923879532511284,0.382683432365096));
#7873=DIRECTION('ref_axis',(0.,-0.382683432365096,0.923879532511284));
#7874=DIRECTION('',(0.,1.,0.));
#7875=DIRECTION('center_axis',(-0.301511344577764,0.301511344577764,-0.904534033733291));
#7876=DIRECTION('ref_axis',(0.0953462589245593,0.953462589245592,0.286038776773678));
#7877=DIRECTION('center_axis',(0.,0.707106781186548,-0.707106781186548));
#7878=DIRECTION('ref_axis',(0.,0.707106781186547,0.707106781186547));
#7879=DIRECTION('',(0.,1.,0.));
#7880=DIRECTION('center_axis',(0.,-0.707106781186548,0.707106781186548));
#7881=DIRECTION('ref_axis',(1.,0.,0.));
#7882=DIRECTION('',(0.816496580927726,-0.408248290463863,-0.408248290463863));
#7883=DIRECTION('',(1.,0.,0.));
#7884=DIRECTION('',(0.816496580927726,0.408248290463863,0.408248290463863));
#7885=DIRECTION('',(-1.,0.,0.));
#7886=DIRECTION('center_axis',(0.301511344577764,-0.301511344577764,0.904534033733291));
#7887=DIRECTION('ref_axis',(0.948683298050514,0.,-0.316227766016838));
#7888=DIRECTION('',(-0.408248290463863,0.816496580927726,0.408248290463863));
#7889=DIRECTION('',(-0.707106781186548,-0.707106781186548,0.));
#7890=DIRECTION('center_axis',(0.707106781186548,0.,0.707106781186548));
#7891=DIRECTION('ref_axis',(0.707106781186548,0.,-0.707106781186548));
#7892=DIRECTION('center_axis',(-0.707106781186548,0.,-0.707106781186548));
#7893=DIRECTION('ref_axis',(-0.408248290463868,0.816496580927721,0.408248290463868));
#7894=DIRECTION('',(0.57735026918963,-0.577350269189617,-0.57735026918963));
#7895=DIRECTION('',(0.,1.,0.));
#7896=DIRECTION('center_axis',(0.,-0.707106781186541,-0.707106781186554));
#7897=DIRECTION('ref_axis',(-0.707106781186555,-0.500000000000001,0.499999999999989));
#7898=DIRECTION('',(0.,-0.707106781186541,-0.707106781186554));
#7899=DIRECTION('center_axis',(0.,0.382683432365076,0.923879532511293));
#7900=DIRECTION('ref_axis',(0.,0.923879532511293,-0.382683432365076));
#7901=DIRECTION('',(0.,0.707106781186541,0.707106781186554));
#7902=DIRECTION('center_axis',(0.,0.,-1.));
#7903=DIRECTION('ref_axis',(-0.707106781186551,-0.707106781186544,0.));
#7904=DIRECTION('',(0.,0.,-1.));
#7905=DIRECTION('center_axis',(0.316227766016879,0.,0.9486832980505));
#7906=DIRECTION('ref_axis',(-0.9486832980505,0.,0.316227766016879));
#7907=DIRECTION('',(0.,0.,1.));
#7908=DIRECTION('center_axis',(0.,0.,-1.));
#7909=DIRECTION('ref_axis',(-0.707106781186551,-0.707106781186544,0.));
#7910=DIRECTION('center_axis',(0.,0.,-1.));
#7911=DIRECTION('ref_axis',(0.,-1.,0.));
#7912=DIRECTION('',(0.,0.,-1.));
#7913=DIRECTION('center_axis',(0.,0.,-1.));
#7914=DIRECTION('ref_axis',(-0.707106781186551,-0.707106781186544,0.));
#7915=DIRECTION('',(0.,0.,1.));
#7916=DIRECTION('center_axis',(3.04692425283062E-16,1.,0.));
#7917=DIRECTION('ref_axis',(0.,0.,1.));
#7918=DIRECTION('center_axis',(3.04692425283062E-16,1.,0.));
#7919=DIRECTION('ref_axis',(-0.948683298050514,2.89056614908545E-16,0.316227766016838));
#7920=DIRECTION('center_axis',(-0.6,0.,-0.8));
#7921=DIRECTION('ref_axis',(0.,-1.,0.));
#7922=DIRECTION('center_axis',(-3.04692425283062E-16,-1.,0.));
#7923=DIRECTION('ref_axis',(-0.948683298050514,2.94902990916057E-16,0.316227766016838));
#7924=DIRECTION('center_axis',(3.04692425283062E-16,1.,0.));
#7925=DIRECTION('ref_axis',(-0.948683298050514,2.89056614908545E-16,0.316227766016838));
#7926=DIRECTION('center_axis',(0.6,-1.82815455169837E-16,0.8));
#7927=DIRECTION('ref_axis',(-0.565685424949244,-0.70710678118654,0.424264068711933));
#7928=DIRECTION('',(-0.599999999999999,1.82815455169837E-16,-0.8));
#7929=DIRECTION('',(0.599999999999999,-1.82815455169837E-16,0.8));
#7930=DIRECTION('center_axis',(-0.866025403784432,0.,0.500000000000012));
#7931=DIRECTION('ref_axis',(0.500000000000011,-2.01211509189381E-16,0.866025403784432));
#7932=DIRECTION('center_axis',(1.,0.,0.));
#7933=DIRECTION('ref_axis',(0.,-1.,0.));
#7934=DIRECTION('',(0.,0.,-1.));
#7935=DIRECTION('',(0.,-1.,0.));
#7936=DIRECTION('center_axis',(-2.1545008009383E-16,-0.707106781186554,
0.707106781186541));
#7937=DIRECTION('ref_axis',(1.,0.,3.04692425283067E-16));
#7938=DIRECTION('',(1.,-3.04692425283062E-16,0.));
#7939=DIRECTION('center_axis',(0.,1.,0.));
#7940=DIRECTION('ref_axis',(1.,0.,0.));
#7941=DIRECTION('',(0.,1.,0.));
#7942=DIRECTION('center_axis',(0.,1.,0.));
#7943=DIRECTION('ref_axis',(1.,0.,0.));
#7944=DIRECTION('',(0.,1.,0.));
#7945=DIRECTION('center_axis',(0.,-1.,0.));
#7946=DIRECTION('ref_axis',(1.,0.,0.));
#7947=DIRECTION('center_axis',(-3.04692425283062E-16,-1.,0.));
#7948=DIRECTION('ref_axis',(0.,0.,-1.));
#7949=DIRECTION('',(-0.500000000000012,0.,-0.866025403784432));
#7950=DIRECTION('center_axis',(-3.04692425283062E-16,-1.,0.));
#7951=DIRECTION('ref_axis',(0.,0.,-1.));
#7952=DIRECTION('',(1.,-3.04692425283062E-16,0.));
#7953=DIRECTION('',(0.,0.,1.));
#7954=DIRECTION('center_axis',(-3.04692425283062E-16,-1.,0.));
#7955=DIRECTION('ref_axis',(0.,0.,-1.));
#7956=DIRECTION('',(0.,0.,-1.));
#7957=DIRECTION('center_axis',(0.866025403784432,0.,-0.500000000000012));
#7958=DIRECTION('ref_axis',(-0.500000000000012,0.,-0.866025403784432));
#7959=DIRECTION('',(1.97372982155583E-16,1.,3.41860033134845E-16));
#7960=DIRECTION('',(-0.500000000000012,0.,-0.866025403784432));
#7961=DIRECTION('center_axis',(3.04692425283062E-16,1.,0.));
#7962=DIRECTION('ref_axis',(0.,0.,1.));
#7963=DIRECTION('',(0.,0.,-1.));
#7964=DIRECTION('center_axis',(0.,-1.,0.));
#7965=DIRECTION('ref_axis',(1.,0.,0.));
#7966=DIRECTION('center_axis',(0.,1.,0.));
#7967=DIRECTION('ref_axis',(1.,0.,0.));
#7968=DIRECTION('',(1.,0.,0.));
#7969=DIRECTION('',(0.,0.,-1.));
#7970=DIRECTION('center_axis',(1.,0.,0.));
#7971=DIRECTION('ref_axis',(0.,-1.,0.));
#7972=DIRECTION('',(0.,-1.,0.));
#7973=DIRECTION('center_axis',(0.,0.,1.));
#7974=DIRECTION('ref_axis',(1.,0.,0.));
#7975=DIRECTION('',(-7.89491928622333E-16,-1.,0.));
#7976=DIRECTION('',(8.66515531414757E-16,1.,0.));
#7977=DIRECTION('',(1.,-4.9343245538896E-16,0.));
#7978=DIRECTION('center_axis',(0.,-1.,0.));
#7979=DIRECTION('ref_axis',(-0.948683298050514,0.,0.316227766016838));
#7980=DIRECTION('',(0.,1.,0.));
#7981=DIRECTION('center_axis',(0.,1.,0.));
#7982=DIRECTION('ref_axis',(-0.948683298050514,0.,0.316227766016838));
#7983=DIRECTION('',(0.,-1.,0.));
#7984=DIRECTION('center_axis',(1.,0.,0.));
#7985=DIRECTION('ref_axis',(0.,-1.,0.));
#7986=DIRECTION('',(0.,0.,-1.));
#7987=DIRECTION('',(0.,-1.,0.));
#7988=DIRECTION('center_axis',(-0.8,0.,0.6));
#7989=DIRECTION('ref_axis',(0.599999999999999,0.,0.8));
#7990=DIRECTION('',(0.599999999999999,0.,0.8));
#7991=DIRECTION('center_axis',(-1.,0.,0.));
#7992=DIRECTION('ref_axis',(0.,1.,0.));
#7993=DIRECTION('',(0.,1.,0.));
#7994=DIRECTION('',(0.,0.,-1.));
#7995=DIRECTION('center_axis',(0.,1.,0.));
#7996=DIRECTION('ref_axis',(1.,0.,0.));
#7997=DIRECTION('',(1.,0.,0.));
#7998=DIRECTION('center_axis',(-0.577350269189654,-0.577350269189623,0.5773502691896));
#7999=DIRECTION('ref_axis',(0.707106781186515,0.,0.70710678118658));
#8000=DIRECTION('',(-0.707106781186546,3.76822190084107E-14,-0.707106781186549));
#8001=DIRECTION('',(0.707106781186529,-0.707106781186566,0.));
#8002=DIRECTION('',(-2.51214793389404E-14,0.707106781186546,0.707106781186549));
#8003=DIRECTION('center_axis',(0.,-0.707106781186549,0.707106781186546));
#8004=DIRECTION('ref_axis',(1.,0.,0.));
#8005=DIRECTION('',(1.,0.,0.));
#8006=DIRECTION('',(-1.,0.,0.));
#8007=DIRECTION('',(0.577350269189632,-0.577350269189622,-0.577350269189623));
#8008=DIRECTION('center_axis',(-0.301511344577769,-0.301511344577753,0.904534033733292));
#8009=DIRECTION('ref_axis',(0.948683298050512,0.,0.316227766016843));
#8010=DIRECTION('',(-0.707106781186529,0.707106781186566,0.));
#8011=DIRECTION('',(-0.408248290463856,-0.816496580927733,-0.408248290463856));
#8012=DIRECTION('center_axis',(-0.707106781186566,-0.707106781186529,0.));
#8013=DIRECTION('ref_axis',(0.,0.,1.));
#8014=DIRECTION('',(0.,0.,-1.));
#8015=DIRECTION('',(0.,0.,1.));
#8016=DIRECTION('center_axis',(-0.577350269189628,0.577350269189623,0.577350269189626));
#8017=DIRECTION('ref_axis',(0.707106781186546,0.,0.707106781186549));
#8018=DIRECTION('',(0.,0.707106781186544,-0.70710678118655));
#8019=DIRECTION('',(-0.707106781186544,-0.707106781186551,0.));
#8020=DIRECTION('',(0.707106781186546,0.,0.707106781186549));
#8021=DIRECTION('center_axis',(-0.301511344577765,0.301511344577763,0.904534033733291));
#8022=DIRECTION('ref_axis',(0.948683298050513,0.,0.31622776601684));
#8023=DIRECTION('',(0.408248290463864,-0.816496580927726,0.408248290463864));
#8024=DIRECTION('',(0.707106781186544,0.707106781186551,0.));
#8025=DIRECTION('',(-0.816496580927727,0.40824829046386,-0.408248290463864));
#8026=DIRECTION('center_axis',(-0.707106781186551,0.707106781186544,0.));
#8027=DIRECTION('ref_axis',(0.,0.,1.));
#8028=DIRECTION('',(0.,0.,-1.));
#8029=DIRECTION('',(0.,0.,1.));
#8030=DIRECTION('center_axis',(-0.577350269189552,0.57735026918966,0.577350269189665));
#8031=DIRECTION('ref_axis',(0.707106781186617,0.,0.707106781186478));
#8032=DIRECTION('',(0.707106781186613,0.707106781186482,0.));
#8033=DIRECTION('',(-0.707106781186548,1.38168136364173E-13,-0.707106781186548));
#8034=DIRECTION('center_axis',(-0.707106781186482,0.707106781186614,0.));
#8035=DIRECTION('ref_axis',(0.,0.,1.));
#8036=DIRECTION('',(-0.707106781186613,-0.707106781186482,0.));
#8037=DIRECTION('',(0.,0.,1.));
#8038=DIRECTION('',(0.,0.,-1.));
#8039=DIRECTION('center_axis',(-0.707106781186548,2.79127548210449E-16,
0.707106781186548));
#8040=DIRECTION('ref_axis',(0.707106781186548,0.,0.707106781186548));
#8041=DIRECTION('',(-3.94745964311167E-16,-1.,0.));
#8042=DIRECTION('center_axis',(0.577350269189621,0.577350269189631,0.577350269189626));
#8043=DIRECTION('ref_axis',(0.707106781186551,0.,-0.707106781186544));
#8044=DIRECTION('',(-0.707106781186548,-6.28036983473512E-15,0.707106781186548));
#8045=DIRECTION('',(0.707106781186554,-0.707106781186541,0.));
#8046=DIRECTION('center_axis',(0.707106781186541,0.707106781186554,0.));
#8047=DIRECTION('ref_axis',(0.,0.,-1.));
#8048=DIRECTION('',(-0.707106781186554,0.707106781186541,0.));
#8049=DIRECTION('',(0.,0.,1.));
#8050=DIRECTION('',(0.,0.,-1.));
#8051=DIRECTION('center_axis',(0.577350269189633,-0.577350269189622,0.577350269189622));
#8052=DIRECTION('ref_axis',(0.707106781186541,0.,-0.707106781186554));
#8053=DIRECTION('',(-0.707106781186541,-0.707106781186554,0.));
#8054=DIRECTION('',(0.707106781186548,1.25607396694702E-14,-0.707106781186548));
#8055=DIRECTION('center_axis',(0.707106781186554,-0.707106781186541,0.));
#8056=DIRECTION('ref_axis',(0.,0.,-1.));
#8057=DIRECTION('',(0.707106781186541,0.707106781186554,0.));
#8058=DIRECTION('',(0.,0.,1.));
#8059=DIRECTION('',(0.,0.,-1.));
#8060=DIRECTION('center_axis',(0.707106781186548,-5.58255096420898E-16,
0.707106781186548));
#8061=DIRECTION('ref_axis',(0.707106781186548,0.,-0.707106781186548));
#8062=DIRECTION('',(7.89491928622333E-16,1.,0.));
#8063=DIRECTION('center_axis',(-0.577350269189624,-0.577350269189624,0.577350269189629));
#8064=DIRECTION('ref_axis',(0.707106781186551,0.,0.707106781186544));
#8065=DIRECTION('',(0.707106781186551,0.,0.707106781186544));
#8066=DIRECTION('',(-0.707106781186548,0.707106781186548,0.));
#8067=DIRECTION('center_axis',(-0.707106781186548,-0.707106781186548,0.));
#8068=DIRECTION('ref_axis',(0.,0.,1.));
#8069=DIRECTION('',(0.707106781186548,-0.707106781186548,0.));
#8070=DIRECTION('',(0.,0.,1.));
#8071=DIRECTION('',(0.,0.,-1.));
#8072=DIRECTION('center_axis',(-0.707106781186544,2.79127548210448E-16,
0.707106781186551));
#8073=DIRECTION('ref_axis',(0.707106781186551,0.,0.707106781186544));
#8074=DIRECTION('',(-3.94745964311167E-16,-1.,0.));
#8075=DIRECTION('center_axis',(3.48909435263064E-16,0.707106781186551,0.707106781186544));
#8076=DIRECTION('ref_axis',(1.,0.,-4.93432455388964E-16));
#8077=DIRECTION('',(-1.,4.9343245538896E-16,0.));
#8078=DIRECTION('center_axis',(0.612372435695793,0.707106781186544,-0.353553390593283));
#8079=DIRECTION('ref_axis',(-0.500000000000011,0.,-0.866025403784432));
#8080=DIRECTION('',(0.,-0.447213595499969,-0.89442719099991));
#8081=DIRECTION('',(0.500000000000012,-2.46716227694486E-16,0.866025403784432));
#8082=DIRECTION('',(0.612372435695787,-0.707106781186551,-0.35355339059328));
#8083=DIRECTION('',(-0.500000000000012,2.46716227694486E-16,-0.866025403784432));
#8084=DIRECTION('center_axis',(0.,-1.,0.));
#8085=DIRECTION('ref_axis',(1.,-2.74129141882755E-16,0.));
#8086=DIRECTION('',(0.707106781186558,-0.707106781186536,0.));
#8087=DIRECTION('center_axis',(4.9343245538896E-16,1.,0.));
#8088=DIRECTION('ref_axis',(1.,-4.93432455388959E-16,0.));
#8089=DIRECTION('center_axis',(-4.9343245538896E-16,-1.,0.));
#8090=DIRECTION('ref_axis',(1.,0.,0.));
#8091=DIRECTION('center_axis',(0.707106781186552,0.707106781186543,0.));
#8092=DIRECTION('ref_axis',(0.,0.,-1.));
#8093=DIRECTION('',(0.,0.,1.));
#8094=DIRECTION('',(0.,0.,-1.));
#8095=DIRECTION('center_axis',(-0.707106781186548,6.12719008266839E-16,
0.707106781186548));
#8096=DIRECTION('ref_axis',(0.707106781186548,0.,0.707106781186548));
#8097=DIRECTION('',(-8.66515531414757E-16,-1.,0.));
#8098=DIRECTION('center_axis',(-0.707106781186549,6.12719008266841E-16,
0.707106781186546));
#8099=DIRECTION('ref_axis',(0.707106781186546,0.,0.707106781186549));
#8100=DIRECTION('',(8.66515531414757E-16,1.,0.));
#8101=DIRECTION('',(-8.66515531414757E-16,-1.,0.));
#8102=DIRECTION('center_axis',(3.48909435263063E-16,0.707106781186549,0.707106781186546));
#8103=DIRECTION('ref_axis',(1.,0.,-4.93432455388961E-16));
#8104=DIRECTION('',(1.,-4.9343245538896E-16,0.));
#8105=DIRECTION('',(-1.,4.9343245538896E-16,0.));
#8106=DIRECTION('',(-0.577350269189625,-0.577350269189627,0.577350269189626));
#8107=DIRECTION('center_axis',(0.707106781186545,0.,0.70710678118655));
#8108=DIRECTION('ref_axis',(0.70710678118655,0.,-0.707106781186545));
#8109=DIRECTION('',(0.,-1.,0.));
#8110=DIRECTION('',(0.,1.,0.));
#8111=DIRECTION('center_axis',(0.707106781186548,-0.707106781186548,0.));
#8112=DIRECTION('ref_axis',(0.,0.,-1.));
#8113=DIRECTION('',(0.707106781186548,0.707106781186548,0.));
#8114=DIRECTION('',(0.,0.,1.));
#8115=DIRECTION('',(0.,0.,-1.));
#8116=DIRECTION('center_axis',(0.,1.,0.));
#8117=DIRECTION('ref_axis',(1.,0.,0.));
#8118=DIRECTION('',(0.6123724356958,0.707106781186541,-0.353553390593277));
#8119=DIRECTION('center_axis',(0.,-1.,0.));
#8120=DIRECTION('ref_axis',(1.,0.,0.));
#8121=DIRECTION('center_axis',(0.612372435695782,-0.707106781186556,-0.353553390593277));
#8122=DIRECTION('ref_axis',(-0.500000000000011,0.,-0.866025403784432));
#8123=DIRECTION('',(0.,-0.447213595499957,0.894427190999916));
#8124=DIRECTION('',(0.500000000000012,0.,0.866025403784432));
#8125=DIRECTION('center_axis',(-1.33226762955019E-15,1.,0.));
#8126=DIRECTION('ref_axis',(-1.,-1.33226762955019E-15,0.));
#8127=DIRECTION('',(1.,1.33226762955019E-15,0.));
#8128=DIRECTION('center_axis',(1.,-7.89491928622333E-16,0.));
#8129=DIRECTION('ref_axis',(7.89491928622333E-16,1.,0.));
#8130=DIRECTION('',(-7.89491928622333E-16,-1.,0.));
#8131=DIRECTION('center_axis',(1.34064667124547E-16,-1.,0.));
#8132=DIRECTION('ref_axis',(1.,1.34064667124547E-16,0.));
#8133=DIRECTION('',(1.,1.34064667124547E-16,0.));
#8134=DIRECTION('center_axis',(0.,0.,1.));
#8135=DIRECTION('ref_axis',(1.,0.,0.));
#8136=DIRECTION('',(-3.94745964311167E-16,-1.,0.));
#8137=DIRECTION('',(4.33257765707378E-16,1.,0.));
#8138=DIRECTION('',(-1.,4.9343245538896E-16,0.));
#8139=DIRECTION('',(-1.08314441426845E-16,-1.,0.));
#8140=DIRECTION('',(1.,0.,0.));
#8141=DIRECTION('center_axis',(-1.,3.94745964311167E-16,0.));
#8142=DIRECTION('ref_axis',(-3.94745964311167E-16,-1.,0.));
#8143=DIRECTION('',(-2.14103517093243E-16,-0.707106781186551,-0.707106781186544));
#8144=DIRECTION('',(0.,0.,1.));
#8145=DIRECTION('',(-2.14103517093238E-16,-0.707106781186533,0.707106781186562));
#8146=DIRECTION('',(0.,0.,1.));
#8147=DIRECTION('',(-3.94745964311167E-16,-1.,0.));
#8148=DIRECTION('',(0.,0.,-1.));
#8149=DIRECTION('',(2.14103517093238E-16,0.707106781186533,0.707106781186562));
#8150=DIRECTION('',(0.,0.,1.));
#8151=DIRECTION('',(2.14103517093243E-16,0.707106781186551,-0.707106781186544));
#8152=DIRECTION('center_axis',(-1.,0.,0.));
#8153=DIRECTION('ref_axis',(0.,0.,-1.));
#8154=DIRECTION('',(0.,-1.,0.));
#8155=DIRECTION('center_axis',(0.,1.,0.));
#8156=DIRECTION('ref_axis',(1.,0.,0.));
#8157=DIRECTION('',(0.,-1.,0.));
#8158=DIRECTION('center_axis',(-0.866025403784432,0.,0.500000000000012));
#8159=DIRECTION('ref_axis',(-0.500000000000012,0.,-0.866025403784432));
#8160=DIRECTION('',(1.97372982155583E-16,1.,3.41860033134845E-16));
#8161=DIRECTION('center_axis',(0.,0.,1.));
#8162=DIRECTION('ref_axis',(1.,0.,0.));
#8163=DIRECTION('center_axis',(-1.,8.66515531414757E-16,0.));
#8164=DIRECTION('ref_axis',(-8.66515531414757E-16,-1.,0.));
#8165=DIRECTION('center_axis',(0.707106781186549,-3.0635950413342E-16,-0.707106781186546));
#8166=DIRECTION('ref_axis',(-0.707106781186546,0.,-0.707106781186549));
#8167=DIRECTION('',(0.577350269189622,-0.577350269189627,0.577350269189629));
#8168=DIRECTION('',(-4.33257765707378E-16,-1.,0.));
#8169=DIRECTION('',(0.57735026918963,0.57735026918962,0.577350269189627));
#8170=DIRECTION('center_axis',(0.,-0.707106781186549,-0.707106781186546));
#8171=DIRECTION('ref_axis',(-1.,0.,0.));
#8172=DIRECTION('',(-0.577350269189622,-0.577350269189627,0.577350269189629));
#8173=DIRECTION('',(-1.,0.,0.));
#8174=DIRECTION('center_axis',(3.48909435263064E-16,0.707106781186552,-0.707106781186543));
#8175=DIRECTION('ref_axis',(-1.,0.,-4.93432455388966E-16));
#8176=DIRECTION('',(1.,-4.9343245538896E-16,0.));
#8177=DIRECTION('',(0.577350269189623,-0.577350269189623,-0.577350269189631));
#8178=DIRECTION('center_axis',(-0.707106781186552,7.65898760333554E-17,
-0.707106781186543));
#8179=DIRECTION('ref_axis',(-0.707106781186543,0.,0.707106781186552));
#8180=DIRECTION('',(1.08314441426845E-16,1.,0.));
#8181=DIRECTION('center_axis',(4.9343245538896E-16,1.,0.));
#8182=DIRECTION('ref_axis',(-1.,4.9343245538896E-16,0.));
#8183=DIRECTION('',(0.,0.,1.));
#8184=DIRECTION('',(1.,-4.9343245538896E-16,-4.9343245538896E-16));
#8185=DIRECTION('',(0.,0.,-1.));
#8186=DIRECTION('center_axis',(1.,-4.33257765707378E-16,0.));
#8187=DIRECTION('ref_axis',(4.33257765707378E-16,1.,0.));
#8188=DIRECTION('',(-3.06359504133419E-16,-0.707106781186548,-0.707106781186548));
#8189=DIRECTION('',(0.,0.,-1.));
#8190=DIRECTION('',(-3.06359504133417E-16,-0.707106781186541,0.707106781186554));
#8191=DIRECTION('',(4.33257765707378E-16,1.,0.));
#8192=DIRECTION('center_axis',(0.,-1.,0.));
#8193=DIRECTION('ref_axis',(1.,0.,0.));
#8194=DIRECTION('',(0.,0.,-1.));
#8195=DIRECTION('center_axis',(1.,0.,0.));
#8196=DIRECTION('ref_axis',(0.,0.,-1.));
#8197=DIRECTION('',(0.,0.,1.));
#8198=DIRECTION('',(-1.97372982155583E-16,-1.,0.));
#8199=DIRECTION('center_axis',(4.9343245538896E-16,1.,0.));
#8200=DIRECTION('ref_axis',(-1.,4.9343245538896E-16,0.));
#8201=DIRECTION('center_axis',(-1.,1.08314441426845E-16,0.));
#8202=DIRECTION('ref_axis',(0.,0.,1.));
#8203=DIRECTION('',(7.65898760333549E-17,0.707106781186548,0.707106781186548));
#8204=DIRECTION('',(-1.08314441426845E-16,-1.,0.));
#8205=DIRECTION('',(0.,0.,-1.));
#8206=DIRECTION('',(7.65898760333545E-17,0.707106781186544,0.707106781186551));
#8207=DIRECTION('',(0.,0.,1.));
#8208=DIRECTION('',(7.65898760333533E-17,0.707106781186533,-0.707106781186562));
#8209=DIRECTION('',(0.,0.,-1.));
#8210=DIRECTION('',(-7.65898760333552E-17,-0.707106781186551,-0.707106781186544));
#8211=DIRECTION('',(-1.08314441426845E-16,-1.,0.));
#8212=DIRECTION('',(-7.65898760333552E-17,-0.707106781186551,0.707106781186544));
#8213=DIRECTION('',(0.,0.,1.));
#8214=DIRECTION('',(7.65898760333533E-17,0.707106781186533,0.707106781186562));
#8215=DIRECTION('',(0.,0.,1.));
#8216=DIRECTION('',(7.65898760333545E-17,0.707106781186544,-0.707106781186551));
#8217=DIRECTION('',(0.,0.,1.));
#8218=DIRECTION('',(-1.08314441426845E-16,-1.,0.));
#8219=DIRECTION('',(7.65898760333542E-17,0.707106781186541,-0.707106781186554));
#8220=DIRECTION('',(0.,0.,1.));
#8221=DIRECTION('center_axis',(1.,0.,0.));
#8222=DIRECTION('ref_axis',(0.,0.,-1.));
#8223=DIRECTION('center_axis',(-3.04692425283062E-16,-1.,0.));
#8224=DIRECTION('ref_axis',(0.,0.,-1.));
#8225=DIRECTION('',(1.,-3.04692425283062E-16,0.));
#8226=DIRECTION('',(0.,0.,-1.));
#8227=DIRECTION('',(1.,-3.04692425283062E-16,0.));
#8228=DIRECTION('center_axis',(0.5,0.866025403784439,0.));
#8229=DIRECTION('ref_axis',(0.,0.,1.));
#8230=DIRECTION('',(0.,0.,-1.));
#8231=DIRECTION('',(0.866025403784439,-0.5,0.));
#8232=DIRECTION('',(0.,0.,-1.));
#8233=DIRECTION('',(-0.654653670707977,0.377964473009227,-0.654653670707977));
#8234=DIRECTION('center_axis',(0.,0.866025403784439,0.5));
#8235=DIRECTION('ref_axis',(-1.,0.,0.));
#8236=DIRECTION('',(1.,-4.9343245538896E-16,8.54650082837141E-16));
#8237=DIRECTION('',(-1.,0.,0.));
#8238=DIRECTION('',(-0.654653670707977,-0.377964473009227,0.654653670707977));
#8239=DIRECTION('center_axis',(-0.5,0.866025403784439,0.));
#8240=DIRECTION('ref_axis',(0.,0.,1.));
#8241=DIRECTION('',(0.,0.,1.));
#8242=DIRECTION('',(0.654653670707977,0.377964473009227,0.654653670707977));
#8243=DIRECTION('',(0.,0.,-1.));
#8244=DIRECTION('',(0.866025403784439,0.5,0.));
#8245=DIRECTION('center_axis',(0.,0.,1.));
#8246=DIRECTION('ref_axis',(1.,0.,0.));
#8247=DIRECTION('',(1.,0.,0.));
#8248=DIRECTION('',(1.,0.,0.));
#8249=DIRECTION('',(0.866025403784439,-0.5,0.));
#8250=DIRECTION('center_axis',(-0.5,0.866025403784439,0.));
#8251=DIRECTION('ref_axis',(0.,0.,-1.));
#8252=DIRECTION('',(0.,0.,1.));
#8253=DIRECTION('',(0.,0.,-1.));
#8254=DIRECTION('',(-0.866025403784439,-0.5,0.));
#8255=DIRECTION('center_axis',(0.,0.,-1.));
#8256=DIRECTION('ref_axis',(1.,0.,0.));
#8257=DIRECTION('',(-1.,4.9343245538896E-16,0.));
#8258=DIRECTION('',(-1.,0.,0.));
#8259=DIRECTION('center_axis',(0.,1.,0.));
#8260=DIRECTION('ref_axis',(0.,0.,1.));
#8261=DIRECTION('center_axis',(0.5,0.866025403784439,0.));
#8262=DIRECTION('ref_axis',(0.,0.,-1.));
#8263=DIRECTION('',(0.,0.,-1.));
#8264=DIRECTION('',(0.,0.,-1.));
#8265=DIRECTION('',(0.654653670707977,-0.377964473009227,-0.654653670707977));
#8266=DIRECTION('center_axis',(0.,0.866025403784439,-0.5));
#8267=DIRECTION('ref_axis',(-1.,0.,0.));
#8268=DIRECTION('',(-1.,0.,0.));
#8269=DIRECTION('',(1.,0.,0.));
#8270=DIRECTION('center_axis',(0.,1.,0.));
#8271=DIRECTION('ref_axis',(0.,0.,1.));
#8272=DIRECTION('center_axis',(1.,0.,0.));
#8273=DIRECTION('ref_axis',(0.,-1.,0.));
#8274=DIRECTION('',(0.,-0.707106781186533,-0.707106781186562));
#8275=DIRECTION('',(0.,0.,-1.));
#8276=DIRECTION('',(0.,0.707106781186544,-0.707106781186551));
#8277=DIRECTION('center_axis',(-1.,0.,0.));
#8278=DIRECTION('ref_axis',(0.,1.,0.));
#8279=DIRECTION('',(0.,0.707106781186533,0.707106781186562));
#8280=DIRECTION('',(0.,0.,-1.));
#8281=DIRECTION('',(0.,-0.707106781186544,0.707106781186551));
#8282=DIRECTION('',(0.,0.,-1.));
#8283=DIRECTION('center_axis',(1.,0.,0.));
#8284=DIRECTION('ref_axis',(0.,-1.,0.));
#8285=DIRECTION('',(0.,0.707106781186544,0.707106781186551));
#8286=DIRECTION('',(0.,0.,-1.));
#8287=DIRECTION('',(0.,-0.707106781186533,0.707106781186562));
#8288=DIRECTION('',(0.,0.,1.));
#8289=DIRECTION('center_axis',(-1.,0.,0.));
#8290=DIRECTION('ref_axis',(0.,1.,0.));
#8291=DIRECTION('',(0.,-0.707106781186544,-0.707106781186551));
#8292=DIRECTION('',(0.,0.,1.));
#8293=DIRECTION('',(0.,0.707106781186533,-0.707106781186562));
#8294=DIRECTION('',(0.,0.,-1.));
#8295=DIRECTION('center_axis',(0.,-0.707106781186562,0.707106781186533));
#8296=DIRECTION('ref_axis',(-2.14103517093238E-16,-0.707106781186533,-0.707106781186562));
#8297=DIRECTION('',(1.,0.,0.));
#8298=DIRECTION('center_axis',(-2.1545008009383E-16,-0.707106781186551,
-0.707106781186544));
#8299=DIRECTION('ref_axis',(2.14103517093241E-16,0.707106781186544,-0.707106781186551));
#8300=DIRECTION('',(-1.,0.,3.04692425283065E-16));
#8301=DIRECTION('center_axis',(2.1545008009383E-16,0.707106781186551,-0.707106781186544));
#8302=DIRECTION('ref_axis',(2.14103517093241E-16,0.707106781186544,0.707106781186551));
#8303=DIRECTION('',(1.,-3.04692425283062E-16,0.));
#8304=DIRECTION('',(1.,-4.9343245538896E-16,-1.887400301059E-16));
#8305=DIRECTION('center_axis',(3.04692425283062E-16,1.,0.));
#8306=DIRECTION('ref_axis',(0.,0.,1.));
#8307=DIRECTION('',(1.,0.,0.));
#8308=DIRECTION('center_axis',(0.,0.707106781186562,0.707106781186533));
#8309=DIRECTION('ref_axis',(-2.14103517093238E-16,-0.707106781186533,0.707106781186562));
#8310=DIRECTION('',(-1.,4.9343245538896E-16,-4.9343245538898E-16));
#8311=DIRECTION('center_axis',(2.15450080093827E-16,0.707106781186544,-0.707106781186551));
#8312=DIRECTION('ref_axis',(2.14103517093243E-16,0.707106781186551,0.707106781186544));
#8313=DIRECTION('',(1.,-4.9343245538896E-16,-1.88740030105896E-16));
#8314=DIRECTION('center_axis',(0.,0.707106781186562,0.707106781186533));
#8315=DIRECTION('ref_axis',(-2.14103517093238E-16,-0.707106781186533,0.707106781186562));
#8316=DIRECTION('',(1.,-3.04692425283062E-16,3.04692425283075E-16));
#8317=DIRECTION('',(-1.,4.9343245538896E-16,-4.9343245538898E-16));
#8318=DIRECTION('center_axis',(0.,-0.707106781186562,0.707106781186533));
#8319=DIRECTION('ref_axis',(-2.14103517093238E-16,-0.707106781186533,-0.707106781186562));
#8320=DIRECTION('',(1.,0.,0.));
#8321=DIRECTION('',(-1.,3.04692425283062E-16,3.04692425283075E-16));
#8322=DIRECTION('center_axis',(3.04692425283062E-16,1.,0.));
#8323=DIRECTION('ref_axis',(0.,0.,1.));
#8324=DIRECTION('',(1.,-3.04692425283062E-16,0.));
#8325=DIRECTION('',(-1.,3.04692425283062E-16,0.));
#8326=DIRECTION('',(-7.90856276162154E-47,2.40967916834177E-62,1.));
#8327=DIRECTION('center_axis',(-2.1545008009383E-16,-0.707106781186551,
-0.707106781186544));
#8328=DIRECTION('ref_axis',(2.14103517093241E-16,0.707106781186544,-0.707106781186551));
#8329=DIRECTION('',(1.,-3.04692425283062E-16,0.));
#8330=DIRECTION('',(-2.14103517093241E-16,-0.707106781186544,0.707106781186551));
#8331=DIRECTION('',(-1.,0.,3.04692425283065E-16));
#8332=DIRECTION('center_axis',(0.,0.,1.));
#8333=DIRECTION('ref_axis',(1.,0.,0.));
#8334=DIRECTION('center_axis',(1.,-4.33257765707378E-16,0.));
#8335=DIRECTION('ref_axis',(4.33257765707378E-16,1.,0.));
#8336=DIRECTION('',(-3.02788097625043E-16,-1.,0.));
#8337=DIRECTION('',(7.90856276162154E-47,0.,-1.));
#8338=DIRECTION('',(7.90856276162154E-47,-2.40967916834177E-62,-1.));
#8339=DIRECTION('center_axis',(-2.15450080093827E-16,-0.707106781186544,
-0.707106781186551));
#8340=DIRECTION('ref_axis',(2.14103517093243E-16,0.707106781186551,-0.707106781186544));
#8341=DIRECTION('',(-1.,0.,3.04692425283059E-16));
#8342=DIRECTION('center_axis',(-3.04692425283062E-16,-1.,0.));
#8343=DIRECTION('ref_axis',(0.,0.,-1.));
#8344=DIRECTION('',(-1.,3.04692425283062E-16,0.));
#8345=DIRECTION('center_axis',(2.1545008009383E-16,0.707106781186551,-0.707106781186544));
#8346=DIRECTION('ref_axis',(2.14103517093241E-16,0.707106781186544,0.707106781186551));
#8347=DIRECTION('',(1.,-4.9343245538896E-16,-1.887400301059E-16));
#8348=DIRECTION('',(-2.14103517093241E-16,-0.707106781186544,-0.707106781186551));
#8349=DIRECTION('center_axis',(4.9343245538896E-16,1.,0.));
#8350=DIRECTION('ref_axis',(-1.,4.9343245538896E-16,0.));
#8351=DIRECTION('',(-1.,4.9343245538896E-16,0.));
#8352=DIRECTION('',(-7.90856276162154E-47,3.9023415420646E-62,1.));
#8353=DIRECTION('center_axis',(1.,-4.33257765707378E-16,0.));
#8354=DIRECTION('ref_axis',(4.33257765707378E-16,1.,0.));
#8355=DIRECTION('',(-3.02788097625043E-16,-1.,0.));
#8356=DIRECTION('center_axis',(0.,0.,1.));
#8357=DIRECTION('ref_axis',(1.,0.,0.));
#8358=DIRECTION('',(1.,0.,0.));
#8359=DIRECTION('',(1.,0.,0.));
#8360=DIRECTION('',(1.,0.,0.));
#8361=DIRECTION('center_axis',(0.,-1.,0.));
#8362=DIRECTION('ref_axis',(1.,0.,0.));
#8363=DIRECTION('center_axis',(0.,0.707106781186548,-0.707106781186548));
#8364=DIRECTION('ref_axis',(0.,0.707106781186548,0.707106781186548));
#8365=DIRECTION('center_axis',(0.,-0.707106781186554,-0.707106781186541));
#8366=DIRECTION('ref_axis',(0.,0.707106781186541,-0.707106781186554));
#8367=DIRECTION('',(-1.,0.,0.));
#8368=DIRECTION('center_axis',(0.,-1.,0.));
#8369=DIRECTION('ref_axis',(1.,0.,0.));
#8370=DIRECTION('',(0.,0.,1.));
#8371=DIRECTION('',(1.,0.,0.));
#8372=DIRECTION('axis',(0.,0.,1.));
#8373=DIRECTION('refdir',(1.,0.,0.));
#8374=DIRECTION('center_axis',(0.,0.,-1.));
#8375=DIRECTION('ref_axis',(-0.0700634253385338,-0.997542538656789,0.));
#8376=DIRECTION('center_axis',(0.,0.,1.));
#8377=DIRECTION('ref_axis',(-0.0700634253385338,-0.997542538656789,0.));
#8378=DIRECTION('',(0.,0.,-1.));
#8379=DIRECTION('center_axis',(0.,0.,-1.));
#8380=DIRECTION('ref_axis',(-0.0700634253385338,-0.997542538656789,0.));
#8381=DIRECTION('',(0.,0.,1.));
#8382=DIRECTION('center_axis',(0.990182232859641,-0.13978249435854,0.));
#8383=DIRECTION('ref_axis',(-0.13978249435854,-0.990182232859641,0.));
#8384=DIRECTION('',(0.13978249435854,0.990182232859641,0.));
#8385=DIRECTION('',(0.,0.,-1.));
#8386=DIRECTION('',(0.13978249435854,0.990182232859641,0.));
#8387=DIRECTION('center_axis',(0.,0.,1.));
#8388=DIRECTION('ref_axis',(-0.0700634253385338,0.997542538656789,0.));
#8389=DIRECTION('center_axis',(0.,0.,-1.));
#8390=DIRECTION('ref_axis',(-0.0700634253385338,0.997542538656789,0.));
#8391=DIRECTION('',(0.,0.,1.));
#8392=DIRECTION('center_axis',(0.,0.,1.));
#8393=DIRECTION('ref_axis',(-0.0700634253385338,0.997542538656789,0.));
#8394=DIRECTION('',(0.,0.,-1.));
#8395=DIRECTION('center_axis',(-0.990182232859641,-0.13978249435854,0.));
#8396=DIRECTION('ref_axis',(-0.13978249435854,0.990182232859641,0.));
#8397=DIRECTION('',(0.13978249435854,-0.990182232859641,0.));
#8398=DIRECTION('',(0.,0.,-1.));
#8399=DIRECTION('',(0.13978249435854,-0.990182232859641,0.));
#8400=DIRECTION('center_axis',(0.,0.,-1.));
#8401=DIRECTION('ref_axis',(1.,7.70846319091607E-18,0.));
#8402=DIRECTION('center_axis',(0.,0.,1.));
#8403=DIRECTION('ref_axis',(1.,7.70846319091607E-18,0.));
#8404=DIRECTION('',(0.,0.,-1.));
#8405=DIRECTION('center_axis',(0.,0.,-1.));
#8406=DIRECTION('ref_axis',(1.,7.70846319091607E-18,0.));
#8407=DIRECTION('',(0.,0.,1.));
#8408=DIRECTION('center_axis',(-0.990182232859683,-0.139782494358244,0.));
#8409=DIRECTION('ref_axis',(-0.139782494358244,0.990182232859683,0.));
#8410=DIRECTION('',(0.139782494358244,-0.990182232859683,0.));
#8411=DIRECTION('',(0.,0.,-1.));
#8412=DIRECTION('',(-0.139782494358244,0.990182232859683,0.));
#8413=DIRECTION('center_axis',(-0.990182232859683,-0.139782494358244,0.));
#8414=DIRECTION('ref_axis',(-0.139782494358244,0.990182232859683,0.));
#8415=DIRECTION('',(0.139782494358244,-0.990182232859683,0.));
#8416=DIRECTION('',(0.,0.,-1.));
#8417=DIRECTION('',(0.139782494358244,-0.990182232859683,0.));
#8418=DIRECTION('',(0.,0.,1.));
#8419=DIRECTION('center_axis',(0.,0.,1.));
#8420=DIRECTION('ref_axis',(-0.990182232859488,0.139782494359626,0.));
#8421=DIRECTION('center_axis',(0.,0.,1.));
#8422=DIRECTION('ref_axis',(-0.990182232859488,0.139782494359626,0.));
#8423=DIRECTION('center_axis',(0.,0.,-1.));
#8424=DIRECTION('ref_axis',(-0.990182232859488,0.139782494359626,0.));
#8425=DIRECTION('',(0.,0.,-1.));
#8426=DIRECTION('center_axis',(0.,0.,1.));
#8427=DIRECTION('ref_axis',(-0.990182232859488,0.139782494359626,0.));
#8428=DIRECTION('center_axis',(0.,0.,-1.));
#8429=DIRECTION('ref_axis',(-0.990182232859488,0.139782494359626,0.));
#8430=DIRECTION('center_axis',(0.,0.,-1.));
#8431=DIRECTION('ref_axis',(-0.990182232859488,0.139782494359626,0.));
#8432=DIRECTION('center_axis',(0.990182232859641,-0.13978249435854,0.));
#8433=DIRECTION('ref_axis',(-0.13978249435854,-0.990182232859641,0.));
#8434=DIRECTION('',(-0.13978249435854,-0.990182232859641,0.));
#8435=DIRECTION('',(0.13978249435854,0.990182232859641,0.));
#8436=DIRECTION('',(0.,0.,-1.));
#8437=DIRECTION('center_axis',(-1.,-4.9343245538896E-16,0.));
#8438=DIRECTION('ref_axis',(-2.94392336003207E-16,0.707106781186549,-0.707106781186546));
#8439=DIRECTION('center_axis',(-0.707106781186548,0.707106781186548,-2.45501439249054E-15));
#8440=DIRECTION('ref_axis',(0.707106781186547,0.707106781186548,-2.4532694666934E-15));
#8441=DIRECTION('',(-1.,-4.9343245538896E-16,0.));
#8442=DIRECTION('center_axis',(0.707106781186548,0.707106781186548,-5.08142940919158E-15));
#8443=DIRECTION('ref_axis',(-0.707106781186547,0.707106781186547,-5.10280049072227E-15));
#8444=DIRECTION('',(1.,4.9343245538896E-16,0.));
#8445=DIRECTION('center_axis',(0.707106781186548,-0.707106781186548,2.45501439249054E-15));
#8446=DIRECTION('ref_axis',(3.70545741367446E-15,2.33542763993194E-16,-1.));
#8447=DIRECTION('',(0.707106781186548,0.707106781186548,0.));
#8448=DIRECTION('',(7.91280674818189E-15,4.44089209850063E-15,-1.));
#8449=DIRECTION('',(0.707106781186548,0.707106781186548,3.83434286573895E-15));
#8450=DIRECTION('',(3.47191464968127E-15,1.71315537049313E-30,-1.));
#8451=DIRECTION('center_axis',(0.,-1.,-2.27349424837926E-15));
#8452=DIRECTION('ref_axis',(1.,0.,0.));
#8453=DIRECTION('center_axis',(4.9343245538896E-16,-1.,0.));
#8454=DIRECTION('ref_axis',(1.,0.,0.));
#8455=DIRECTION('center_axis',(0.,-1.,-4.44089209850063E-15));
#8456=DIRECTION('ref_axis',(1.,0.,0.));
#8457=DIRECTION('',(-0.707106781186548,0.707106781186548,3.79552535757512E-15));
#8458=DIRECTION('center_axis',(-0.707106781186548,-0.707106781186548,5.08142940919158E-15));
#8459=DIRECTION('ref_axis',(7.41976915071344E-15,-2.33542763993194E-16,
1.));
#8460=DIRECTION('',(7.18622638672024E-15,3.5459173309803E-30,1.));
#8461=DIRECTION('',(1.16271184852209E-14,-4.44089209850063E-15,1.));
#8462=DIRECTION('',(0.707106781186548,-0.707106781186548,0.));
#8463=DIRECTION('center_axis',(-4.9343245538896E-16,1.,0.));
#8464=DIRECTION('ref_axis',(0.,0.,1.));
#8465=DIRECTION('center_axis',(0.,1.,4.44089209850063E-15));
#8466=DIRECTION('ref_axis',(0.,4.44089209850063E-15,-1.));
#8467=DIRECTION('',(-1.,0.,0.));
#8468=DIRECTION('',(-1.75302423382447E-30,-4.44089209850063E-15,1.));
#8469=DIRECTION('',(1.,0.,0.));
#8470=DIRECTION('',(0.,-4.44089209850063E-15,1.));
#8471=DIRECTION('',(-1.,0.,0.));
#8472=DIRECTION('',(1.16271184852209E-14,-4.44089209850063E-15,1.));
#8473=DIRECTION('center_axis',(0.,-1.,-4.44089209850063E-15));
#8474=DIRECTION('ref_axis',(1.,0.,0.));
#8475=DIRECTION('',(7.91280674818189E-15,4.44089209850063E-15,-1.));
#8476=DIRECTION('',(-1.,0.,0.));
#8477=DIRECTION('center_axis',(-1.,3.94745964311167E-16,0.));
#8478=DIRECTION('ref_axis',(0.,0.,1.));
#8479=DIRECTION('',(-3.94745964311167E-16,-1.,0.));
#8480=DIRECTION('',(0.,0.,-1.));
#8481=DIRECTION('',(3.94745964311167E-16,1.,0.));
#8482=DIRECTION('',(0.,0.,1.));
#8483=DIRECTION('',(-3.94745964311167E-16,-1.,0.));
#8484=DIRECTION('',(2.10362908058936E-30,5.32907051820075E-15,-1.));
#8485=DIRECTION('',(3.94745964311167E-16,1.,0.));
#8486=DIRECTION('center_axis',(0.,0.,-1.));
#8487=DIRECTION('ref_axis',(0.,-1.,0.));
#8488=DIRECTION('',(0.,1.,0.));
#8489=DIRECTION('',(0.139782494358244,0.990182232859683,0.));
#8490=DIRECTION('center_axis',(0.,0.,1.));
#8491=DIRECTION('ref_axis',(-0.990182232859488,-0.139782494359626,0.));
#8492=DIRECTION('',(0.,-1.,0.));
#8493=DIRECTION('',(1.,0.,0.));
#8494=DIRECTION('',(0.707106781186548,0.707106781186548,0.));
#8495=DIRECTION('',(1.,-4.9343245538896E-16,0.));
#8496=DIRECTION('',(0.707106781186548,-0.707106781186548,0.));
#8497=DIRECTION('',(1.,0.,0.));
#8498=DIRECTION('',(0.707106781186548,0.707106781186548,0.));
#8499=DIRECTION('',(1.,-4.9343245538896E-16,0.));
#8500=DIRECTION('',(0.707106781186548,-0.707106781186548,0.));
#8501=DIRECTION('',(1.,0.,0.));
#8502=DIRECTION('center_axis',(0.,0.,-1.));
#8503=DIRECTION('ref_axis',(0.707106781186547,0.707106781186548,0.));
#8504=DIRECTION('',(-1.,0.,0.));
#8505=DIRECTION('center_axis',(0.,0.,1.));
#8506=DIRECTION('ref_axis',(-0.707106781186548,-0.707106781186547,0.));
#8507=DIRECTION('',(0.,1.,0.));
#8508=DIRECTION('center_axis',(0.,0.,1.));
#8509=DIRECTION('ref_axis',(-0.707106781186548,0.707106781186547,0.));
#8510=DIRECTION('',(1.,0.,0.));
#8511=DIRECTION('center_axis',(0.,0.,-1.));
#8512=DIRECTION('ref_axis',(0.707106781186549,-0.707106781186546,0.));
#8513=DIRECTION('',(0.707106781186548,0.707106781186548,0.));
#8514=DIRECTION('',(-1.,-4.9343245538896E-16,0.));
#8515=DIRECTION('',(0.707106781186548,-0.707106781186548,0.));
#8516=DIRECTION('',(0.,-1.,0.));
#8517=DIRECTION('center_axis',(0.,0.,1.));
#8518=DIRECTION('ref_axis',(1.,0.,0.));
#8519=DIRECTION('center_axis',(0.,0.,1.));
#8520=DIRECTION('ref_axis',(1.,0.,0.));
#8521=DIRECTION('center_axis',(0.,0.,1.));
#8522=DIRECTION('ref_axis',(1.,0.,0.));
#8523=DIRECTION('center_axis',(0.,0.,1.));
#8524=DIRECTION('ref_axis',(1.,0.,0.));
#8525=DIRECTION('center_axis',(0.,0.,1.));
#8526=DIRECTION('ref_axis',(1.,0.,0.));
#8527=DIRECTION('center_axis',(0.,0.,1.));
#8528=DIRECTION('ref_axis',(1.,0.,0.));
#8529=DIRECTION('center_axis',(0.,0.,1.));
#8530=DIRECTION('ref_axis',(1.,0.,0.));
#8531=DIRECTION('center_axis',(0.,0.,1.));
#8532=DIRECTION('ref_axis',(1.,0.,0.));
#8533=DIRECTION('center_axis',(0.,0.,1.));
#8534=DIRECTION('ref_axis',(1.,0.,0.));
#8535=DIRECTION('center_axis',(0.,0.,1.));
#8536=DIRECTION('ref_axis',(1.,0.,0.));
#8537=DIRECTION('center_axis',(0.,0.,1.));
#8538=DIRECTION('ref_axis',(1.,0.,0.));
#8539=DIRECTION('center_axis',(0.,0.,1.));
#8540=DIRECTION('ref_axis',(1.,0.,0.));
#8541=DIRECTION('center_axis',(0.,0.,1.));
#8542=DIRECTION('ref_axis',(1.,0.,0.));
#8543=DIRECTION('center_axis',(0.,0.,1.));
#8544=DIRECTION('ref_axis',(1.,0.,0.));
#8545=DIRECTION('center_axis',(0.,0.,1.));
#8546=DIRECTION('ref_axis',(1.,0.,0.));
#8547=DIRECTION('center_axis',(0.,0.,1.));
#8548=DIRECTION('ref_axis',(1.,0.,0.));
#8549=DIRECTION('center_axis',(0.,0.,1.));
#8550=DIRECTION('ref_axis',(1.,0.,0.));
#8551=DIRECTION('center_axis',(0.,0.,1.));
#8552=DIRECTION('ref_axis',(1.,0.,0.));
#8553=DIRECTION('center_axis',(0.,0.,1.));
#8554=DIRECTION('ref_axis',(1.,0.,0.));
#8555=DIRECTION('center_axis',(0.,0.,1.));
#8556=DIRECTION('ref_axis',(1.,0.,0.));
#8557=DIRECTION('center_axis',(0.,0.,1.));
#8558=DIRECTION('ref_axis',(1.,0.,0.));
#8559=DIRECTION('center_axis',(0.,0.,1.));
#8560=DIRECTION('ref_axis',(1.,0.,0.));
#8561=DIRECTION('center_axis',(0.,0.,1.));
#8562=DIRECTION('ref_axis',(1.,0.,0.));
#8563=DIRECTION('center_axis',(0.,0.,1.));
#8564=DIRECTION('ref_axis',(1.,0.,0.));
#8565=DIRECTION('',(-0.13978249435854,0.990182232859641,0.));
#8566=DIRECTION('center_axis',(0.,0.,-1.));
#8567=DIRECTION('ref_axis',(-0.990182232859488,-0.139782494359626,0.));
#8568=DIRECTION('',(-0.139782494358244,-0.990182232859683,0.));
#8569=DIRECTION('center_axis',(1.,4.9343245538896E-16,0.));
#8570=DIRECTION('ref_axis',(0.,0.707106781186546,-0.707106781186549));
#8571=DIRECTION('center_axis',(-0.707106781186548,-0.707106781186548,5.08142940919158E-15));
#8572=DIRECTION('ref_axis',(-0.707106781186548,0.707106781186547,-5.10280049072227E-15));
#8573=DIRECTION('center_axis',(0.707106781186548,-0.707106781186548,2.45501439249054E-15));
#8574=DIRECTION('ref_axis',(0.707106781186547,0.707106781186547,-2.50233485602726E-15));
#8575=DIRECTION('',(1.,4.9343245538896E-16,0.));
#8576=DIRECTION('center_axis',(-4.9343245538896E-16,1.,0.));
#8577=DIRECTION('ref_axis',(0.,0.,1.));
#8578=DIRECTION('',(3.47191464968127E-15,1.71315537049313E-30,-1.));
#8579=DIRECTION('center_axis',(4.9343245538896E-16,-1.,0.));
#8580=DIRECTION('ref_axis',(1.,0.,0.));
#8581=DIRECTION('',(7.18622638672024E-15,3.5459173309803E-30,1.));
#8582=DIRECTION('center_axis',(0.707106781186548,-0.707106781186548,2.45501439249054E-15));
#8583=DIRECTION('ref_axis',(3.70545741367446E-15,2.33542763993194E-16,-1.));
#8584=DIRECTION('',(0.707106781186548,0.707106781186548,3.8343428657389E-15));
#8585=DIRECTION('center_axis',(0.,-1.,-2.27349424837921E-15));
#8586=DIRECTION('ref_axis',(1.,0.,0.));
#8587=DIRECTION('',(-0.707106781186548,0.707106781186548,3.79552535757508E-15));
#8588=DIRECTION('center_axis',(-0.707106781186548,-0.707106781186548,5.08142940919158E-15));
#8589=DIRECTION('ref_axis',(7.41976915071344E-15,-2.33542763993194E-16,
1.));
#8590=DIRECTION('center_axis',(1.,-4.9343245538896E-16,0.));
#8591=DIRECTION('ref_axis',(0.,-0.707106781186546,-0.707106781186549));
#8592=DIRECTION('center_axis',(-0.707106781186548,0.707106781186548,5.08142940919158E-15));
#8593=DIRECTION('ref_axis',(-0.707106781186548,-0.707106781186547,-5.10280049072227E-15));
#8594=DIRECTION('',(-1.,4.9343245538896E-16,0.));
#8595=DIRECTION('center_axis',(0.707106781186548,0.707106781186548,2.45501439249054E-15));
#8596=DIRECTION('ref_axis',(0.707106781186547,-0.707106781186547,-2.50233485602726E-15));
#8597=DIRECTION('center_axis',(0.707106781186548,-0.707106781186548,-5.08142940919158E-15));
#8598=DIRECTION('ref_axis',(7.41976915071344E-15,2.33542763993194E-16,1.));
#8599=DIRECTION('',(-1.85715586851949E-15,5.32907051820075E-15,-1.));
#8600=DIRECTION('',(-0.707106781186548,-0.707106781186548,3.79552535757508E-15));
#8601=DIRECTION('',(7.18622638672024E-15,-3.5459173309803E-30,1.));
#8602=DIRECTION('center_axis',(-0.707106781186548,-0.707106781186548,-2.45501439249054E-15));
#8603=DIRECTION('ref_axis',(3.70545741367446E-15,-2.33542763993194E-16,
-1.));
#8604=DIRECTION('',(3.47191464968127E-15,-1.71315537049313E-30,-1.));
#8605=DIRECTION('',(0.707106781186548,-0.707106781186548,3.8343428657389E-15));
#8606=DIRECTION('',(1.85715586851949E-15,-5.32907051820075E-15,1.));
#8607=DIRECTION('center_axis',(4.9343245538896E-16,1.,0.));
#8608=DIRECTION('ref_axis',(0.,0.,1.));
#8609=DIRECTION('center_axis',(-4.9343245538896E-16,-1.,0.));
#8610=DIRECTION('ref_axis',(1.,0.,0.));
#8611=DIRECTION('center_axis',(1.,-4.9343245538896E-16,0.));
#8612=DIRECTION('ref_axis',(-2.94392336003207E-16,-0.707106781186549,-0.707106781186546));
#8613=DIRECTION('center_axis',(0.707106781186548,0.707106781186548,2.45501439249054E-15));
#8614=DIRECTION('ref_axis',(0.707106781186547,-0.707106781186548,-2.4532694666934E-15));
#8615=DIRECTION('center_axis',(-0.707106781186548,0.707106781186548,5.08142940919158E-15));
#8616=DIRECTION('ref_axis',(-0.707106781186547,-0.707106781186547,-5.10280049072227E-15));
#8617=DIRECTION('',(-1.,4.9343245538896E-16,0.));
#8618=DIRECTION('center_axis',(-0.707106781186548,-0.707106781186548,-2.45501439249054E-15));
#8619=DIRECTION('ref_axis',(3.70545741367446E-15,-2.33542763993194E-16,
-1.));
#8620=DIRECTION('',(3.47191464968127E-15,-1.71315537049313E-30,-1.));
#8621=DIRECTION('',(0.707106781186548,-0.707106781186548,3.83434286573895E-15));
#8622=DIRECTION('',(1.85715586851949E-15,-5.32907051820075E-15,1.));
#8623=DIRECTION('center_axis',(0.,1.,-2.27349424837926E-15));
#8624=DIRECTION('ref_axis',(1.,0.,0.));
#8625=DIRECTION('center_axis',(-4.9343245538896E-16,-1.,0.));
#8626=DIRECTION('ref_axis',(1.,0.,0.));
#8627=DIRECTION('',(-0.707106781186548,-0.707106781186548,3.79552535757512E-15));
#8628=DIRECTION('center_axis',(0.,1.,5.32907051820075E-15));
#8629=DIRECTION('ref_axis',(1.,0.,0.));
#8630=DIRECTION('center_axis',(0.707106781186548,-0.707106781186548,-5.08142940919158E-15));
#8631=DIRECTION('ref_axis',(7.41976915071344E-15,2.33542763993194E-16,1.));
#8632=DIRECTION('',(-1.85715586851949E-15,5.32907051820075E-15,-1.));
#8633=DIRECTION('',(7.18622638672024E-15,-3.5459173309803E-30,1.));
#8634=DIRECTION('center_axis',(4.9343245538896E-16,1.,0.));
#8635=DIRECTION('ref_axis',(0.,0.,1.));
#8636=DIRECTION('center_axis',(0.,1.,-2.27349424837921E-15));
#8637=DIRECTION('ref_axis',(1.,0.,0.));
#8638=DIRECTION('center_axis',(0.,1.,5.32907051820075E-15));
#8639=DIRECTION('ref_axis',(1.,0.,0.));
#8640=DIRECTION('center_axis',(0.,0.,1.));
#8641=DIRECTION('ref_axis',(0.,-1.,0.));
#8642=DIRECTION('center_axis',(2.22044604925032E-15,1.,0.));
#8643=DIRECTION('ref_axis',(1.,-2.22044604925032E-15,0.));
#8644=DIRECTION('center_axis',(0.,0.,1.));
#8645=DIRECTION('ref_axis',(0.707106781186549,-0.707106781186546,0.));
#8646=DIRECTION('',(0.,0.,1.));
#8647=DIRECTION('center_axis',(0.,0.,1.));
#8648=DIRECTION('ref_axis',(1.,-5.55111512312579E-16,0.));
#8649=DIRECTION('center_axis',(-2.22044604925032E-15,-1.,0.));
#8650=DIRECTION('ref_axis',(0.,0.,-1.));
#8651=DIRECTION('center_axis',(0.,0.,-1.));
#8652=DIRECTION('ref_axis',(0.707106781186547,0.707106781186548,0.));
#8653=DIRECTION('',(0.,0.,-1.));
#8654=DIRECTION('center_axis',(-3.94745964311167E-16,-1.,0.));
#8655=DIRECTION('ref_axis',(0.707106781186546,-2.79127548210448E-16,-0.707106781186549));
#8656=DIRECTION('',(-3.94745964311167E-16,-1.,0.));
#8657=DIRECTION('center_axis',(0.,0.,1.));
#8658=DIRECTION('ref_axis',(1.,0.,0.));
#8659=DIRECTION('center_axis',(1.,0.,0.));
#8660=DIRECTION('ref_axis',(0.,1.,0.));
#8661=DIRECTION('center_axis',(0.,0.,1.));
#8662=DIRECTION('ref_axis',(-1.,0.,0.));
#8663=DIRECTION('center_axis',(0.,-1.,0.));
#8664=DIRECTION('ref_axis',(0.,0.,1.));
#8665=DIRECTION('center_axis',(0.,0.,-1.));
#8666=DIRECTION('ref_axis',(-0.707106781186549,0.707106781186547,0.));
#8667=DIRECTION('center_axis',(0.,0.,1.));
#8668=DIRECTION('ref_axis',(-0.707106781186548,0.707106781186547,0.));
#8669=DIRECTION('',(0.,0.,1.));
#8670=DIRECTION('',(0.,0.,-1.));
#8671=DIRECTION('center_axis',(0.,0.,1.));
#8672=DIRECTION('ref_axis',(1.,0.,0.));
#8673=DIRECTION('center_axis',(0.,1.,0.));
#8674=DIRECTION('ref_axis',(-1.,0.,0.));
#8675=DIRECTION('center_axis',(0.,0.,1.));
#8676=DIRECTION('ref_axis',(0.,-1.,0.));
#8677=DIRECTION('center_axis',(1.,0.,0.));
#8678=DIRECTION('ref_axis',(0.,0.,1.));
#8679=DIRECTION('center_axis',(0.,0.,-1.));
#8680=DIRECTION('ref_axis',(-0.707106781186549,-0.707106781186546,0.));
#8681=DIRECTION('center_axis',(0.,0.,1.));
#8682=DIRECTION('ref_axis',(-0.707106781186548,-0.707106781186547,0.));
#8683=DIRECTION('',(0.,0.,1.));
#8684=DIRECTION('',(0.,0.,-1.));
#8685=DIRECTION('center_axis',(1.,0.,0.));
#8686=DIRECTION('ref_axis',(0.,-0.707106781186548,0.707106781186548));
#8687=DIRECTION('',(-1.,0.,0.));
#8688=DIRECTION('',(1.,0.,0.));
#8689=DIRECTION('center_axis',(0.,-1.,0.));
#8690=DIRECTION('ref_axis',(-0.70710678118654,0.,0.707106781186555));
#8691=DIRECTION('',(0.,1.,0.));
#8692=DIRECTION('',(0.,-1.,0.));
#8693=DIRECTION('center_axis',(-1.,0.,0.));
#8694=DIRECTION('ref_axis',(0.,0.707106781186548,0.707106781186548));
#8695=DIRECTION('',(1.,0.,0.));
#8696=DIRECTION('',(-1.,0.,0.));
#8697=DIRECTION('center_axis',(0.,-1.,0.));
#8698=DIRECTION('ref_axis',(1.,0.,0.));
#8699=DIRECTION('center_axis',(0.,0.,1.));
#8700=DIRECTION('ref_axis',(1.,0.,0.));
#8701=DIRECTION('center_axis',(-1.,0.,0.));
#8702=DIRECTION('ref_axis',(0.,-1.,0.));
#8703=DIRECTION('center_axis',(0.,1.,0.));
#8704=DIRECTION('ref_axis',(-1.,0.,0.));
#8705=DIRECTION('center_axis',(0.990182232859683,-0.139782494358244,0.));
#8706=DIRECTION('ref_axis',(-0.139782494358244,-0.990182232859683,0.));
#8707=DIRECTION('',(0.,0.,1.));
#8708=DIRECTION('',(0.139782494358244,0.990182232859683,0.));
#8709=DIRECTION('',(0.,0.,-1.));
#8710=DIRECTION('center_axis',(-1.,0.,0.));
#8711=DIRECTION('ref_axis',(0.,0.,1.));
#8712=DIRECTION('',(0.,1.,0.));
#8713=DIRECTION('center_axis',(0.990182232859683,-0.139782494358244,0.));
#8714=DIRECTION('ref_axis',(-0.139782494358244,-0.990182232859683,0.));
#8715=DIRECTION('',(0.,0.,-1.));
#8716=DIRECTION('',(0.139782494358244,0.990182232859683,0.));
#8717=DIRECTION('center_axis',(0.,0.,-1.));
#8718=DIRECTION('ref_axis',(-0.990182232859488,-0.139782494359626,0.));
#8719=DIRECTION('',(0.,0.,-1.));
#8720=DIRECTION('center_axis',(0.,0.,1.));
#8721=DIRECTION('ref_axis',(-0.990182232859488,-0.139782494359626,0.));
#8722=DIRECTION('center_axis',(0.,0.,-1.));
#8723=DIRECTION('ref_axis',(-0.990182232859488,-0.139782494359626,0.));
#8724=DIRECTION('center_axis',(0.,0.,1.));
#8725=DIRECTION('ref_axis',(-0.990182232859488,-0.139782494359626,0.));
#8726=DIRECTION('center_axis',(-0.990182232859641,-0.13978249435854,0.));
#8727=DIRECTION('ref_axis',(-0.13978249435854,0.990182232859641,0.));
#8728=DIRECTION('',(0.13978249435854,-0.990182232859641,0.));
#8729=DIRECTION('center_axis',(-1.,0.,0.));
#8730=DIRECTION('ref_axis',(0.,0.,1.));
#8731=DIRECTION('',(0.,1.,0.));
#8732=DIRECTION('',(0.,5.32907051820075E-15,-1.));
#8733=DIRECTION('center_axis',(-1.,0.,0.));
#8734=DIRECTION('ref_axis',(0.,0.,1.));
#8735=DIRECTION('',(0.,1.,0.));
#8736=DIRECTION('center_axis',(0.,-1.,-5.32907051820075E-15));
#8737=DIRECTION('ref_axis',(0.,-5.32907051820075E-15,1.));
#8738=DIRECTION('',(-1.,0.,0.));
#8739=DIRECTION('center_axis',(0.,0.,1.));
#8740=DIRECTION('ref_axis',(1.,0.,0.));
#8741=DIRECTION('',(0.,0.,1.));
#8742=DIRECTION('center_axis',(0.,0.,-1.));
#8743=DIRECTION('ref_axis',(1.,0.,0.));
#8744=DIRECTION('center_axis',(0.,0.,1.));
#8745=DIRECTION('ref_axis',(1.,0.,0.));
#8746=DIRECTION('',(0.,0.,1.));
#8747=DIRECTION('center_axis',(0.,0.,-1.));
#8748=DIRECTION('ref_axis',(1.,0.,0.));
#8749=DIRECTION('center_axis',(0.,0.,1.));
#8750=DIRECTION('ref_axis',(1.,0.,0.));
#8751=DIRECTION('',(0.,0.,1.));
#8752=DIRECTION('center_axis',(0.,0.,-1.));
#8753=DIRECTION('ref_axis',(1.,0.,0.));
#8754=DIRECTION('center_axis',(0.,0.,1.));
#8755=DIRECTION('ref_axis',(1.,0.,0.));
#8756=DIRECTION('',(0.,0.,1.));
#8757=DIRECTION('center_axis',(0.,0.,-1.));
#8758=DIRECTION('ref_axis',(1.,0.,0.));
#8759=DIRECTION('center_axis',(0.,0.,1.));
#8760=DIRECTION('ref_axis',(1.,0.,0.));
#8761=DIRECTION('',(0.,0.,1.));
#8762=DIRECTION('center_axis',(0.,0.,-1.));
#8763=DIRECTION('ref_axis',(1.,0.,0.));
#8764=DIRECTION('center_axis',(0.,0.,1.));
#8765=DIRECTION('ref_axis',(1.,0.,0.));
#8766=DIRECTION('',(0.,0.,1.));
#8767=DIRECTION('center_axis',(0.,0.,-1.));
#8768=DIRECTION('ref_axis',(1.,0.,0.));
#8769=DIRECTION('center_axis',(0.,0.,1.));
#8770=DIRECTION('ref_axis',(1.,0.,0.));
#8771=DIRECTION('',(0.,0.,1.));
#8772=DIRECTION('center_axis',(0.,0.,-1.));
#8773=DIRECTION('ref_axis',(1.,0.,0.));
#8774=DIRECTION('center_axis',(0.,0.,1.));
#8775=DIRECTION('ref_axis',(1.,0.,0.));
#8776=DIRECTION('',(0.,0.,1.));
#8777=DIRECTION('center_axis',(0.,0.,-1.));
#8778=DIRECTION('ref_axis',(1.,0.,0.));
#8779=DIRECTION('center_axis',(0.,0.,1.));
#8780=DIRECTION('ref_axis',(1.,0.,0.));
#8781=DIRECTION('',(0.,0.,1.));
#8782=DIRECTION('center_axis',(0.,0.,-1.));
#8783=DIRECTION('ref_axis',(1.,0.,0.));
#8784=DIRECTION('center_axis',(0.,0.,1.));
#8785=DIRECTION('ref_axis',(1.,0.,0.));
#8786=DIRECTION('',(0.,0.,1.));
#8787=DIRECTION('center_axis',(0.,0.,-1.));
#8788=DIRECTION('ref_axis',(1.,0.,0.));
#8789=DIRECTION('center_axis',(0.,0.,1.));
#8790=DIRECTION('ref_axis',(1.,0.,0.));
#8791=DIRECTION('',(0.,0.,1.));
#8792=DIRECTION('center_axis',(0.,0.,-1.));
#8793=DIRECTION('ref_axis',(1.,0.,0.));
#8794=DIRECTION('center_axis',(0.,0.,1.));
#8795=DIRECTION('ref_axis',(1.,0.,0.));
#8796=DIRECTION('',(0.,0.,1.));
#8797=DIRECTION('center_axis',(0.,0.,-1.));
#8798=DIRECTION('ref_axis',(1.,0.,0.));
#8799=DIRECTION('center_axis',(0.,0.,1.));
#8800=DIRECTION('ref_axis',(1.,0.,0.));
#8801=DIRECTION('',(0.,0.,1.));
#8802=DIRECTION('center_axis',(0.,0.,-1.));
#8803=DIRECTION('ref_axis',(1.,0.,0.));
#8804=DIRECTION('center_axis',(0.,0.,1.));
#8805=DIRECTION('ref_axis',(1.,0.,0.));
#8806=DIRECTION('',(0.,0.,1.));
#8807=DIRECTION('center_axis',(0.,0.,-1.));
#8808=DIRECTION('ref_axis',(1.,0.,0.));
#8809=DIRECTION('center_axis',(0.,0.,1.));
#8810=DIRECTION('ref_axis',(1.,0.,0.));
#8811=DIRECTION('',(0.,0.,1.));
#8812=DIRECTION('center_axis',(0.,0.,-1.));
#8813=DIRECTION('ref_axis',(1.,0.,0.));
#8814=DIRECTION('center_axis',(0.,0.,1.));
#8815=DIRECTION('ref_axis',(1.,0.,0.));
#8816=DIRECTION('',(0.,0.,1.));
#8817=DIRECTION('center_axis',(0.,0.,-1.));
#8818=DIRECTION('ref_axis',(1.,0.,0.));
#8819=DIRECTION('center_axis',(0.,0.,1.));
#8820=DIRECTION('ref_axis',(1.,0.,0.));
#8821=DIRECTION('',(0.,0.,1.));
#8822=DIRECTION('center_axis',(0.,0.,-1.));
#8823=DIRECTION('ref_axis',(1.,0.,0.));
#8824=DIRECTION('center_axis',(0.,0.,1.));
#8825=DIRECTION('ref_axis',(1.,0.,0.));
#8826=DIRECTION('',(0.,0.,1.));
#8827=DIRECTION('center_axis',(0.,0.,-1.));
#8828=DIRECTION('ref_axis',(1.,0.,0.));
#8829=DIRECTION('center_axis',(0.,0.,1.));
#8830=DIRECTION('ref_axis',(1.,0.,0.));
#8831=DIRECTION('',(0.,0.,1.));
#8832=DIRECTION('center_axis',(0.,0.,-1.));
#8833=DIRECTION('ref_axis',(1.,0.,0.));
#8834=DIRECTION('center_axis',(0.,0.,1.));
#8835=DIRECTION('ref_axis',(1.,0.,0.));
#8836=DIRECTION('',(0.,0.,1.));
#8837=DIRECTION('center_axis',(0.,0.,-1.));
#8838=DIRECTION('ref_axis',(1.,0.,0.));
#8839=DIRECTION('center_axis',(0.,0.,1.));
#8840=DIRECTION('ref_axis',(1.,0.,0.));
#8841=DIRECTION('',(0.,0.,1.));
#8842=DIRECTION('center_axis',(0.,0.,-1.));
#8843=DIRECTION('ref_axis',(1.,0.,0.));
#8844=DIRECTION('center_axis',(0.,0.,1.));
#8845=DIRECTION('ref_axis',(1.,0.,0.));
#8846=DIRECTION('',(0.,0.,1.));
#8847=DIRECTION('center_axis',(0.,0.,-1.));
#8848=DIRECTION('ref_axis',(1.,0.,0.));
#8849=DIRECTION('center_axis',(0.,0.,1.));
#8850=DIRECTION('ref_axis',(1.,0.,0.));
#8851=DIRECTION('',(0.,0.,1.));
#8852=DIRECTION('center_axis',(0.,0.,-1.));
#8853=DIRECTION('ref_axis',(1.,0.,0.));
#8854=DIRECTION('center_axis',(0.,0.,1.));
#8855=DIRECTION('ref_axis',(1.,0.,0.));
#8856=DIRECTION('',(0.,0.,1.));
#8857=DIRECTION('center_axis',(0.,0.,-1.));
#8858=DIRECTION('ref_axis',(1.,0.,0.));
#8859=DIRECTION('center_axis',(0.,0.,1.));
#8860=DIRECTION('ref_axis',(0.,1.,0.));
#8861=DIRECTION('axis',(0.,0.,1.));
#8862=DIRECTION('refdir',(1.,0.,0.));
#8863=DIRECTION('center_axis',(-0.5,0.866025403784439,0.));
#8864=DIRECTION('ref_axis',(0.,0.,-1.));
#8865=DIRECTION('',(-6.4996165994694E-16,-3.75255539333302E-16,-1.));
#8866=DIRECTION('',(-0.866025403784439,-0.5,0.));
#8867=DIRECTION('',(0.,0.,-1.));
#8868=DIRECTION('',(-0.654653670707977,-0.377964473009227,0.654653670707977));
#8869=DIRECTION('center_axis',(0.,0.,-1.));
#8870=DIRECTION('ref_axis',(1.,0.,0.));
#8871=DIRECTION('',(1.,-3.14177014396931E-16,0.));
#8872=DIRECTION('',(-0.866025403784439,0.5,0.));
#8873=DIRECTION('',(1.,0.,0.));
#8874=DIRECTION('center_axis',(0.5,0.866025403784439,0.));
#8875=DIRECTION('ref_axis',(0.,0.,1.));
#8876=DIRECTION('',(-6.4996165994694E-16,3.75255539333302E-16,1.));
#8877=DIRECTION('',(-0.654653670707977,0.377964473009227,-0.654653670707977));
#8878=DIRECTION('',(0.,0.,1.));
#8879=DIRECTION('center_axis',(0.,0.866025403784439,0.5));
#8880=DIRECTION('ref_axis',(-1.,0.,0.));
#8881=DIRECTION('',(-1.,3.14177014396931E-16,-5.44170551505783E-16));
#8882=DIRECTION('',(-1.,0.,0.));
#8883=DIRECTION('center_axis',(0.,1.,0.));
#8884=DIRECTION('ref_axis',(0.,0.,1.));
#8885=DIRECTION('center_axis',(0.5,0.866025403784439,0.));
#8886=DIRECTION('ref_axis',(0.,0.,-1.));
#8887=DIRECTION('',(6.4996165994694E-16,-3.75255539333302E-16,1.));
#8888=DIRECTION('',(0.654653670707977,-0.377964473009227,-0.654653670707977));
#8889=DIRECTION('',(0.,0.,-1.));
#8890=DIRECTION('',(0.866025403784439,-0.5,0.));
#8891=DIRECTION('center_axis',(0.,0.,1.));
#8892=DIRECTION('ref_axis',(1.,0.,0.));
#8893=DIRECTION('',(-1.,3.14177014396931E-16,0.));
#8894=DIRECTION('',(1.,0.,0.));
#8895=DIRECTION('',(0.866025403784439,0.5,0.));
#8896=DIRECTION('center_axis',(-0.5,0.866025403784439,0.));
#8897=DIRECTION('ref_axis',(0.,0.,1.));
#8898=DIRECTION('',(6.4996165994694E-16,3.75255539333302E-16,-1.));
#8899=DIRECTION('',(0.,0.,1.));
#8900=DIRECTION('',(0.654653670707977,0.377964473009227,0.654653670707977));
#8901=DIRECTION('center_axis',(0.,0.866025403784439,-0.5));
#8902=DIRECTION('ref_axis',(-1.,0.,0.));
#8903=DIRECTION('',(1.,-3.14177014396931E-16,-5.44170551505783E-16));
#8904=DIRECTION('',(-1.,0.,0.));
#8905=DIRECTION('center_axis',(0.,1.,0.));
#8906=DIRECTION('ref_axis',(0.,0.,1.));
#8907=DIRECTION('center_axis',(0.,0.,1.));
#8908=DIRECTION('ref_axis',(1.,0.,0.));
#8909=DIRECTION('center_axis',(1.78875156508442E-32,5.69345140833413E-17,
1.));
#8910=DIRECTION('ref_axis',(1.,0.,0.));
#8911=DIRECTION('',(0.,0.,1.));
#8912=DIRECTION('center_axis',(0.,0.,-1.));
#8913=DIRECTION('ref_axis',(1.,0.,0.));
#8914=DIRECTION('center_axis',(0.,0.,1.));
#8915=DIRECTION('ref_axis',(1.,0.,0.));
#8916=DIRECTION('center_axis',(1.78875156508442E-32,5.69345140833413E-17,
1.));
#8917=DIRECTION('ref_axis',(1.,0.,0.));
#8918=DIRECTION('',(0.,0.,1.));
#8919=DIRECTION('center_axis',(0.,0.,-1.));
#8920=DIRECTION('ref_axis',(1.,0.,0.));
#8921=DIRECTION('center_axis',(0.,0.,1.));
#8922=DIRECTION('ref_axis',(1.,0.,0.));
#8923=DIRECTION('center_axis',(1.78875156508442E-32,5.69345140833413E-17,
1.));
#8924=DIRECTION('ref_axis',(1.,0.,0.));
#8925=DIRECTION('',(0.,0.,1.));
#8926=DIRECTION('center_axis',(0.,0.,-1.));
#8927=DIRECTION('ref_axis',(1.,0.,0.));
#8928=DIRECTION('center_axis',(0.,0.,1.));
#8929=DIRECTION('ref_axis',(1.,0.,0.));
#8930=DIRECTION('center_axis',(1.78875156508442E-32,5.69345140833413E-17,
1.));
#8931=DIRECTION('ref_axis',(1.,0.,0.));
#8932=DIRECTION('',(0.,0.,1.));
#8933=DIRECTION('center_axis',(0.,0.,-1.));
#8934=DIRECTION('ref_axis',(1.,0.,0.));
#8935=DIRECTION('center_axis',(0.,0.,1.));
#8936=DIRECTION('ref_axis',(1.,0.,0.));
#8937=DIRECTION('center_axis',(1.78875156508442E-32,5.69345140833413E-17,
1.));
#8938=DIRECTION('ref_axis',(1.,0.,0.));
#8939=DIRECTION('',(0.,0.,1.));
#8940=DIRECTION('center_axis',(0.,0.,-1.));
#8941=DIRECTION('ref_axis',(1.,0.,0.));
#8942=DIRECTION('center_axis',(0.,0.,1.));
#8943=DIRECTION('ref_axis',(1.,0.,0.));
#8944=DIRECTION('center_axis',(1.78875156508442E-32,5.69345140833413E-17,
1.));
#8945=DIRECTION('ref_axis',(1.,0.,0.));
#8946=DIRECTION('',(0.,0.,1.));
#8947=DIRECTION('center_axis',(0.,0.,-1.));
#8948=DIRECTION('ref_axis',(1.,0.,0.));
#8949=DIRECTION('center_axis',(0.,0.,1.));
#8950=DIRECTION('ref_axis',(1.,0.,0.));
#8951=DIRECTION('center_axis',(1.78875156508442E-32,5.69345140833413E-17,
1.));
#8952=DIRECTION('ref_axis',(1.,0.,0.));
#8953=DIRECTION('',(0.,0.,1.));
#8954=DIRECTION('center_axis',(0.,0.,-1.));
#8955=DIRECTION('ref_axis',(1.,0.,0.));
#8956=DIRECTION('center_axis',(0.,0.,1.));
#8957=DIRECTION('ref_axis',(1.,0.,0.));
#8958=DIRECTION('center_axis',(1.78875156508442E-32,5.69345140833413E-17,
1.));
#8959=DIRECTION('ref_axis',(1.,0.,0.));
#8960=DIRECTION('',(0.,0.,1.));
#8961=DIRECTION('center_axis',(0.,0.,-1.));
#8962=DIRECTION('ref_axis',(1.,0.,0.));
#8963=DIRECTION('center_axis',(0.,0.,1.));
#8964=DIRECTION('ref_axis',(1.,0.,0.));
#8965=DIRECTION('center_axis',(1.78875156508442E-32,5.69345140833413E-17,
1.));
#8966=DIRECTION('ref_axis',(1.,0.,0.));
#8967=DIRECTION('',(0.,0.,1.));
#8968=DIRECTION('center_axis',(0.,0.,-1.));
#8969=DIRECTION('ref_axis',(1.,0.,0.));
#8970=DIRECTION('center_axis',(0.,0.,1.));
#8971=DIRECTION('ref_axis',(1.,0.,0.));
#8972=DIRECTION('center_axis',(1.78875156508442E-32,5.69345140833413E-17,
1.));
#8973=DIRECTION('ref_axis',(1.,0.,0.));
#8974=DIRECTION('',(0.,0.,1.));
#8975=DIRECTION('center_axis',(0.,0.,-1.));
#8976=DIRECTION('ref_axis',(1.,0.,0.));
#8977=DIRECTION('center_axis',(0.,0.,1.));
#8978=DIRECTION('ref_axis',(1.,0.,0.));
#8979=DIRECTION('center_axis',(1.78875156508442E-32,5.69345140833413E-17,
1.));
#8980=DIRECTION('ref_axis',(1.,0.,0.));
#8981=DIRECTION('',(0.,0.,1.));
#8982=DIRECTION('center_axis',(0.,0.,-1.));
#8983=DIRECTION('ref_axis',(1.,0.,0.));
#8984=DIRECTION('center_axis',(0.,0.,1.));
#8985=DIRECTION('ref_axis',(1.,0.,0.));
#8986=DIRECTION('center_axis',(1.78875156508442E-32,5.69345140833413E-17,
1.));
#8987=DIRECTION('ref_axis',(1.,0.,0.));
#8988=DIRECTION('',(0.,0.,1.));
#8989=DIRECTION('center_axis',(0.,0.,-1.));
#8990=DIRECTION('ref_axis',(1.,0.,0.));
#8991=DIRECTION('center_axis',(0.,0.,1.));
#8992=DIRECTION('ref_axis',(1.,0.,0.));
#8993=DIRECTION('center_axis',(1.78875156508442E-32,5.69345140833413E-17,
1.));
#8994=DIRECTION('ref_axis',(1.,0.,0.));
#8995=DIRECTION('',(0.,0.,1.));
#8996=DIRECTION('center_axis',(0.,0.,-1.));
#8997=DIRECTION('ref_axis',(1.,0.,0.));
#8998=DIRECTION('center_axis',(0.,0.,1.));
#8999=DIRECTION('ref_axis',(1.,0.,0.));
#9000=DIRECTION('center_axis',(1.78875156508442E-32,5.69345140833413E-17,
1.));
#9001=DIRECTION('ref_axis',(1.,0.,0.));
#9002=DIRECTION('',(0.,0.,1.));
#9003=DIRECTION('center_axis',(0.,0.,-1.));
#9004=DIRECTION('ref_axis',(1.,0.,0.));
#9005=DIRECTION('center_axis',(0.,0.,1.));
#9006=DIRECTION('ref_axis',(1.,0.,0.));
#9007=DIRECTION('center_axis',(1.78875156508442E-32,5.69345140833413E-17,
1.));
#9008=DIRECTION('ref_axis',(1.,0.,0.));
#9009=DIRECTION('',(0.,0.,1.));
#9010=DIRECTION('center_axis',(0.,0.,-1.));
#9011=DIRECTION('ref_axis',(1.,0.,0.));
#9012=DIRECTION('center_axis',(0.,0.,1.));
#9013=DIRECTION('ref_axis',(1.,0.,0.));
#9014=DIRECTION('center_axis',(1.78875156508442E-32,5.69345140833413E-17,
1.));
#9015=DIRECTION('ref_axis',(1.,0.,0.));
#9016=DIRECTION('',(0.,0.,1.));
#9017=DIRECTION('center_axis',(0.,0.,-1.));
#9018=DIRECTION('ref_axis',(1.,0.,0.));
#9019=DIRECTION('center_axis',(0.,0.,1.));
#9020=DIRECTION('ref_axis',(1.,0.,0.));
#9021=DIRECTION('center_axis',(1.78875156508442E-32,5.69345140833413E-17,
1.));
#9022=DIRECTION('ref_axis',(1.,0.,0.));
#9023=DIRECTION('',(0.,0.,1.));
#9024=DIRECTION('center_axis',(0.,0.,-1.));
#9025=DIRECTION('ref_axis',(1.,0.,0.));
#9026=DIRECTION('center_axis',(0.,0.,1.));
#9027=DIRECTION('ref_axis',(1.,0.,0.));
#9028=DIRECTION('center_axis',(1.78875156508442E-32,5.69345140833413E-17,
1.));
#9029=DIRECTION('ref_axis',(1.,0.,0.));
#9030=DIRECTION('',(0.,0.,1.));
#9031=DIRECTION('center_axis',(0.,0.,-1.));
#9032=DIRECTION('ref_axis',(1.,0.,0.));
#9033=DIRECTION('center_axis',(0.,0.,1.));
#9034=DIRECTION('ref_axis',(1.,0.,0.));
#9035=DIRECTION('center_axis',(1.78875156508442E-32,5.69345140833413E-17,
1.));
#9036=DIRECTION('ref_axis',(1.,0.,0.));
#9037=DIRECTION('',(0.,0.,1.));
#9038=DIRECTION('center_axis',(0.,0.,-1.));
#9039=DIRECTION('ref_axis',(1.,0.,0.));
#9040=DIRECTION('center_axis',(0.,0.,1.));
#9041=DIRECTION('ref_axis',(1.,0.,0.));
#9042=DIRECTION('center_axis',(1.78875156508442E-32,5.69345140833413E-17,
1.));
#9043=DIRECTION('ref_axis',(1.,0.,0.));
#9044=DIRECTION('',(0.,0.,1.));
#9045=DIRECTION('center_axis',(0.,0.,-1.));
#9046=DIRECTION('ref_axis',(1.,0.,0.));
#9047=DIRECTION('center_axis',(0.,0.,1.));
#9048=DIRECTION('ref_axis',(1.,0.,0.));
#9049=DIRECTION('center_axis',(1.78875156508442E-32,5.69345140833413E-17,
1.));
#9050=DIRECTION('ref_axis',(1.,0.,0.));
#9051=DIRECTION('',(0.,0.,1.));
#9052=DIRECTION('center_axis',(0.,0.,-1.));
#9053=DIRECTION('ref_axis',(1.,0.,0.));
#9054=DIRECTION('center_axis',(0.,0.,1.));
#9055=DIRECTION('ref_axis',(1.,0.,0.));
#9056=DIRECTION('center_axis',(1.78875156508442E-32,5.69345140833413E-17,
1.));
#9057=DIRECTION('ref_axis',(1.,0.,0.));
#9058=DIRECTION('',(0.,0.,1.));
#9059=DIRECTION('center_axis',(0.,0.,-1.));
#9060=DIRECTION('ref_axis',(1.,0.,0.));
#9061=DIRECTION('center_axis',(0.,0.,1.));
#9062=DIRECTION('ref_axis',(1.,0.,0.));
#9063=DIRECTION('center_axis',(1.78875156508442E-32,5.69345140833413E-17,
1.));
#9064=DIRECTION('ref_axis',(1.,0.,0.));
#9065=DIRECTION('',(0.,0.,1.));
#9066=DIRECTION('center_axis',(0.,0.,-1.));
#9067=DIRECTION('ref_axis',(1.,0.,0.));
#9068=DIRECTION('center_axis',(0.,0.,1.));
#9069=DIRECTION('ref_axis',(1.,0.,0.));
#9070=DIRECTION('center_axis',(1.78875156508442E-32,5.69345140833413E-17,
1.));
#9071=DIRECTION('ref_axis',(1.,0.,0.));
#9072=DIRECTION('',(0.,0.,1.));
#9073=DIRECTION('center_axis',(0.,0.,-1.));
#9074=DIRECTION('ref_axis',(1.,0.,0.));
#9075=DIRECTION('center_axis',(0.,0.,1.));
#9076=DIRECTION('ref_axis',(-3.02788097625043E-16,-1.,0.));
#9077=DIRECTION('',(-3.02788097625043E-16,-1.,0.));
#9078=DIRECTION('',(1.,-3.14177014396931E-16,0.));
#9079=DIRECTION('',(-3.02788097625043E-16,-1.,0.));
#9080=DIRECTION('',(1.,-3.14177014396931E-16,0.));
#9081=DIRECTION('center_axis',(1.,0.,0.));
#9082=DIRECTION('ref_axis',(0.,0.,-1.));
#9083=DIRECTION('',(0.,-1.,0.));
#9084=DIRECTION('',(0.,3.09829681290741E-15,-1.));
#9085=DIRECTION('',(0.,0.,1.));
#9086=DIRECTION('center_axis',(-3.14177014396931E-16,-1.,-3.09829681290741E-15));
#9087=DIRECTION('ref_axis',(9.38127397857968E-31,3.09829681290741E-15,-1.));
#9088=DIRECTION('',(1.,-3.14177014396931E-16,0.));
#9089=DIRECTION('',(3.35590288664639E-31,3.09829681290741E-15,-1.));
#9090=DIRECTION('',(1.,-3.14177014396931E-16,0.));
#9091=DIRECTION('center_axis',(2.22156697373012E-16,0.707106781186541,0.707106781186554));
#9092=DIRECTION('ref_axis',(-2.14103517093244E-16,-0.707106781186554,0.707106781186541));
#9093=DIRECTION('',(-7.65898760333556E-17,-0.707106781186554,0.707106781186541));
#9094=DIRECTION('',(1.,-3.14177014396931E-16,0.));
#9095=DIRECTION('',(-2.14103517093244E-16,-0.707106781186554,0.707106781186541));
#9096=DIRECTION('center_axis',(3.14177014396931E-16,1.,3.75255539333302E-16));
#9097=DIRECTION('ref_axis',(-1.1362291087799E-31,-3.75255539333302E-16,
1.));
#9098=DIRECTION('',(-4.06455941352159E-32,-3.75255539333302E-16,1.));
#9099=DIRECTION('',(1.,-3.14177014396931E-16,0.));
#9100=DIRECTION('',(-1.1362291087799E-31,-3.75255539333302E-16,1.));
#9101=DIRECTION('center_axis',(2.22156697373017E-16,0.707106781186557,-0.707106781186538));
#9102=DIRECTION('ref_axis',(2.14103517093239E-16,0.707106781186538,0.707106781186557));
#9103=DIRECTION('',(7.65898760333539E-17,0.707106781186538,0.707106781186557));
#9104=DIRECTION('',(1.,-3.14177014396931E-16,0.));
#9105=DIRECTION('',(2.14103517093239E-16,0.707106781186538,0.707106781186557));
#9106=DIRECTION('center_axis',(-1.78875156508442E-32,-5.69345140833413E-17,
-1.));
#9107=DIRECTION('ref_axis',(3.02788097625043E-16,1.,-5.69345140833413E-17));
#9108=DIRECTION('',(1.08314441426845E-16,1.,-5.69345140833413E-17));
#9109=DIRECTION('',(1.,-3.14177014396931E-16,0.));
#9110=DIRECTION('',(-3.02788097625043E-16,-1.,5.69345140833413E-17));
#9111=DIRECTION('center_axis',(-2.22156697373017E-16,-0.707106781186557,
-0.707106781186538));
#9112=DIRECTION('ref_axis',(2.14103517093239E-16,0.707106781186538,-0.707106781186557));
#9113=DIRECTION('',(7.65898760333539E-17,0.707106781186538,-0.707106781186557));
#9114=DIRECTION('',(1.,-3.14177014396931E-16,0.));
#9115=DIRECTION('',(-2.14103517093239E-16,-0.707106781186538,0.707106781186557));
#9116=DIRECTION('center_axis',(-3.14177014396931E-16,-1.,3.75255539333302E-16));
#9117=DIRECTION('ref_axis',(-1.1362291087799E-31,-3.75255539333302E-16,
-1.));
#9118=DIRECTION('',(-4.06455941352159E-32,-3.75255539333302E-16,-1.));
#9119=DIRECTION('',(1.,-3.14177014396931E-16,0.));
#9120=DIRECTION('',(1.1362291087799E-31,3.75255539333302E-16,1.));
#9121=DIRECTION('center_axis',(-2.22156697373012E-16,-0.707106781186541,
0.707106781186554));
#9122=DIRECTION('ref_axis',(-2.14103517093244E-16,-0.707106781186554,-0.707106781186541));
#9123=DIRECTION('',(-7.65898760333556E-17,-0.707106781186554,-0.707106781186541));
#9124=DIRECTION('',(1.,-3.14177014396931E-16,0.));
#9125=DIRECTION('',(2.14103517093244E-16,0.707106781186554,0.707106781186541));
#9126=DIRECTION('center_axis',(3.14177014396931E-16,1.,0.));
#9127=DIRECTION('ref_axis',(0.,0.,1.));
#9128=DIRECTION('',(0.,0.,1.));
#9129=DIRECTION('',(1.,-3.14177014396931E-16,0.));
#9130=DIRECTION('center_axis',(0.,0.,1.));
#9131=DIRECTION('ref_axis',(-3.02788097625043E-16,-1.,0.));
#9132=DIRECTION('',(-1.08314441426845E-16,-1.,0.));
#9133=DIRECTION('center_axis',(-1.,3.02788097625043E-16,0.));
#9134=DIRECTION('ref_axis',(-3.02788097625043E-16,-1.,0.));
#9135=DIRECTION('center_axis',(-1.,1.08314441426845E-16,0.));
#9136=DIRECTION('ref_axis',(0.,0.,1.));
#9137=DIRECTION('axis',(0.,0.,1.));
#9138=DIRECTION('refdir',(1.,0.,0.));
#9139=DIRECTION('center_axis',(0.,0.,1.));
#9140=DIRECTION('ref_axis',(0.707106781186548,-0.707106781186548,0.));
#9141=DIRECTION('center_axis',(0.,0.,1.));
#9142=DIRECTION('ref_axis',(0.707106781186548,-0.707106781186548,0.));
#9143=DIRECTION('',(0.,0.,1.));
#9144=DIRECTION('center_axis',(0.266933581895823,0.,0.963714928210758));
#9145=DIRECTION('ref_axis',(0.963714928210758,0.,-0.266933581895823));
#9146=DIRECTION('',(0.,0.,-1.));
#9147=DIRECTION('center_axis',(-1.,0.,0.));
#9148=DIRECTION('ref_axis',(0.,-1.,0.));
#9149=DIRECTION('',(0.,1.,0.));
#9150=DIRECTION('',(0.,0.,1.));
#9151=DIRECTION('',(0.,1.,0.));
#9152=DIRECTION('center_axis',(0.,0.,1.));
#9153=DIRECTION('ref_axis',(1.,0.,0.));
#9154=DIRECTION('',(1.,0.,0.));
#9155=DIRECTION('center_axis',(0.,0.,-1.));
#9156=DIRECTION('ref_axis',(-0.707106781186548,-0.707106781186548,0.));
#9157=DIRECTION('',(0.,1.,0.));
#9158=DIRECTION('center_axis',(0.,0.,1.));
#9159=DIRECTION('ref_axis',(-0.707106781186548,0.707106781186548,0.));
#9160=DIRECTION('',(1.,0.,0.));
#9161=DIRECTION('center_axis',(0.,0.,1.));
#9162=DIRECTION('ref_axis',(0.707106781186548,0.707106781186548,0.));
#9163=DIRECTION('',(0.,-1.,0.));
#9164=DIRECTION('',(1.,0.,0.));
#9165=DIRECTION('',(-1.13869028166683E-16,1.,0.));
#9166=DIRECTION('',(1.,0.,0.));
#9167=DIRECTION('center_axis',(0.,0.,1.));
#9168=DIRECTION('ref_axis',(0.707106781186548,0.707106781186548,0.));
#9169=DIRECTION('',(0.,0.,1.));
#9170=DIRECTION('center_axis',(0.266933581895803,0.,0.963714928210763));
#9171=DIRECTION('ref_axis',(0.963714928210763,0.,-0.266933581895803));
#9172=DIRECTION('',(0.,0.,-1.));
#9173=DIRECTION('center_axis',(0.,1.,0.));
#9174=DIRECTION('ref_axis',(-1.,0.,0.));
#9175=DIRECTION('',(0.514495755427527,0.,0.857492925712544));
#9176=DIRECTION('',(0.,0.,-1.));
#9177=DIRECTION('',(-1.,0.,0.));
#9178=DIRECTION('',(0.,0.,1.));
#9179=DIRECTION('center_axis',(0.,-1.,0.));
#9180=DIRECTION('ref_axis',(0.963714928210761,0.,-0.266933581895811));
#9181=DIRECTION('center_axis',(0.408248290463861,0.816496580927728,0.408248290463861));
#9182=DIRECTION('ref_axis',(0.577350269189626,-0.577350269189626,0.577350269189626));
#9183=DIRECTION('center_axis',(-1.,0.,0.));
#9184=DIRECTION('ref_axis',(0.,0.,1.));
#9185=DIRECTION('center_axis',(0.,0.,-1.));
#9186=DIRECTION('ref_axis',(0.,-1.,0.));
#9187=DIRECTION('center_axis',(0.,1.,0.));
#9188=DIRECTION('ref_axis',(1.,0.,0.));
#9189=DIRECTION('center_axis',(-0.816496580927728,0.408248290463864,0.408248290463857));
#9190=DIRECTION('ref_axis',(0.577350269189623,0.577350269189631,0.577350269189623));
#9191=DIRECTION('center_axis',(0.,-1.,0.));
#9192=DIRECTION('ref_axis',(0.,0.,1.));
#9193=DIRECTION('center_axis',(0.,0.,-1.));
#9194=DIRECTION('ref_axis',(1.,0.,0.));
#9195=DIRECTION('center_axis',(-1.,0.,0.));
#9196=DIRECTION('ref_axis',(0.,1.,0.));
#9197=DIRECTION('center_axis',(1.,0.,0.));
#9198=DIRECTION('ref_axis',(0.,0.707106781186548,0.707106781186548));
#9199=DIRECTION('center_axis',(1.,1.13869028166683E-16,0.));
#9200=DIRECTION('ref_axis',(0.,0.707106781186548,0.707106781186548));
#9201=DIRECTION('',(-1.,0.,0.));
#9202=DIRECTION('',(1.,0.,0.));
#9203=DIRECTION('center_axis',(0.,0.,1.));
#9204=DIRECTION('ref_axis',(0.707106781186548,0.707106781186548,0.));
#9205=DIRECTION('center_axis',(0.,0.,-1.));
#9206=DIRECTION('ref_axis',(0.,1.,0.));
#9207=DIRECTION('',(0.,0.,-1.));
#9208=DIRECTION('',(0.,0.,1.));
#9209=DIRECTION('center_axis',(0.,-1.,0.));
#9210=DIRECTION('ref_axis',(0.,0.,1.));
#9211=DIRECTION('center_axis',(-0.514495755427522,0.,-0.857492925712547));
#9212=DIRECTION('ref_axis',(0.,1.,0.));
#9213=DIRECTION('center_axis',(0.,1.,0.));
#9214=DIRECTION('ref_axis',(0.963714928210761,0.,-0.266933581895811));
#9215=DIRECTION('center_axis',(0.,-1.,0.));
#9216=DIRECTION('ref_axis',(0.963714928210761,0.,-0.266933581895811));
#9217=DIRECTION('center_axis',(0.514495755427527,0.,0.857492925712544));
#9218=DIRECTION('ref_axis',(0.606339062590832,0.707106781186547,-0.363803437554502));
#9219=DIRECTION('center_axis',(1.,1.13869028166683E-16,0.));
#9220=DIRECTION('ref_axis',(-6.73800291513844E-32,-3.57003146092221E-17,
-1.));
#9221=DIRECTION('',(-0.514495755427527,0.,-0.857492925712544));
#9222=DIRECTION('',(0.514495755427527,0.,0.857492925712544));
#9223=DIRECTION('center_axis',(0.,1.,0.));
#9224=DIRECTION('ref_axis',(0.707106781186548,0.,0.707106781186548));
#9225=DIRECTION('',(0.,-1.,0.));
#9226=DIRECTION('',(0.,1.,0.));
#9227=DIRECTION('center_axis',(0.,0.,1.));
#9228=DIRECTION('ref_axis',(0.707106781186548,-0.707106781186548,0.));
#9229=DIRECTION('center_axis',(0.,0.,-1.));
#9230=DIRECTION('ref_axis',(1.,0.,0.));
#9231=DIRECTION('',(0.,0.,-1.));
#9232=DIRECTION('',(0.,0.,1.));
#9233=DIRECTION('center_axis',(0.,1.,0.));
#9234=DIRECTION('ref_axis',(0.,0.,-1.));
#9235=DIRECTION('center_axis',(-0.514495755427522,0.,-0.857492925712547));
#9236=DIRECTION('ref_axis',(0.857492925712547,0.,-0.514495755427522));
#9237=DIRECTION('center_axis',(0.,1.,0.));
#9238=DIRECTION('ref_axis',(0.963714928210761,0.,-0.266933581895811));
#9239=DIRECTION('center_axis',(0.,-1.,0.));
#9240=DIRECTION('ref_axis',(0.963714928210761,0.,-0.266933581895811));
#9241=DIRECTION('center_axis',(-0.514495755427527,0.,-0.857492925712544));
#9242=DIRECTION('ref_axis',(0.606339062590834,-0.707106781186548,-0.363803437554496));
#9243=DIRECTION('',(-0.514495755427527,0.,-0.857492925712544));
#9244=DIRECTION('',(0.514495755427527,0.,0.857492925712544));
#9245=DIRECTION('center_axis',(-1.,0.,0.));
#9246=DIRECTION('ref_axis',(0.,-0.707106781186548,0.707106781186548));
#9247=DIRECTION('',(1.,0.,0.));
#9248=DIRECTION('center_axis',(-0.707106781186548,0.,-0.707106781186548));
#9249=DIRECTION('ref_axis',(-0.707106781186548,0.,0.707106781186548));
#9250=DIRECTION('',(-1.,0.,0.));
#9251=DIRECTION('center_axis',(0.,0.,-1.));
#9252=DIRECTION('ref_axis',(-0.707106781186548,-0.707106781186548,0.));
#9253=DIRECTION('',(0.,0.,-1.));
#9254=DIRECTION('',(0.,0.,1.));
#9255=DIRECTION('center_axis',(0.,-1.,0.));
#9256=DIRECTION('ref_axis',(-1.,0.,0.));
#9257=DIRECTION('',(0.,0.,1.));
#9258=DIRECTION('center_axis',(0.,-1.,0.));
#9259=DIRECTION('ref_axis',(0.963714928210761,0.,-0.266933581895812));
#9260=DIRECTION('',(0.,1.,0.));
#9261=DIRECTION('',(0.,-1.,0.));
#9262=DIRECTION('center_axis',(-1.,0.,0.));
#9263=DIRECTION('ref_axis',(0.,1.,0.));
#9264=DIRECTION('center_axis',(-0.857492925712544,0.,0.514495755427527));
#9265=DIRECTION('ref_axis',(-0.514495755427527,0.,-0.857492925712544));
#9266=DIRECTION('',(1.13869028166683E-16,-1.,1.89781713611138E-16));
#9267=DIRECTION('',(0.514495755427527,0.,0.857492925712544));
#9268=DIRECTION('center_axis',(0.,1.,0.));
#9269=DIRECTION('ref_axis',(-1.,0.,0.));
#9270=DIRECTION('center_axis',(0.,1.,0.));
#9271=DIRECTION('ref_axis',(-1.,0.,0.));
#9272=DIRECTION('',(0.,0.,1.));
#9273=DIRECTION('center_axis',(0.408248290463861,-0.816496580927728,0.408248290463861));
#9274=DIRECTION('ref_axis',(0.577350269189626,0.577350269189626,0.577350269189626));
#9275=DIRECTION('center_axis',(1.,0.,0.));
#9276=DIRECTION('ref_axis',(0.,0.,1.));
#9277=DIRECTION('center_axis',(0.,1.,0.));
#9278=DIRECTION('ref_axis',(1.,0.,0.));
#9279=DIRECTION('center_axis',(0.,0.,1.));
#9280=DIRECTION('ref_axis',(0.,1.,0.));
#9281=DIRECTION('center_axis',(-0.816496580927728,-0.408248290463864,0.408248290463857));
#9282=DIRECTION('ref_axis',(0.577350269189623,-0.577350269189631,0.577350269189623));
#9283=DIRECTION('center_axis',(0.,-1.,0.));
#9284=DIRECTION('ref_axis',(0.,0.,1.));
#9285=DIRECTION('center_axis',(1.,0.,0.));
#9286=DIRECTION('ref_axis',(0.,-1.,0.));
#9287=DIRECTION('center_axis',(0.,0.,1.));
#9288=DIRECTION('ref_axis',(1.,0.,0.));
#9289=DIRECTION('center_axis',(-1.,0.,0.));
#9290=DIRECTION('ref_axis',(0.,-0.707106781186548,0.707106781186548));
#9291=DIRECTION('center_axis',(-1.,1.13869028166683E-16,0.));
#9292=DIRECTION('ref_axis',(0.,-0.707106781186548,0.707106781186548));
#9293=DIRECTION('',(1.,0.,0.));
#9294=DIRECTION('',(-1.,0.,0.));
#9295=DIRECTION('center_axis',(0.,0.,-1.));
#9296=DIRECTION('ref_axis',(0.707106781186548,-0.707106781186548,0.));
#9297=DIRECTION('center_axis',(0.,0.,1.));
#9298=DIRECTION('ref_axis',(0.,-1.,0.));
#9299=DIRECTION('',(0.,0.,1.));
#9300=DIRECTION('',(0.,0.,-1.));
#9301=DIRECTION('center_axis',(0.,1.,0.));
#9302=DIRECTION('ref_axis',(0.,0.,1.));
#9303=DIRECTION('center_axis',(0.514495755427522,0.,0.857492925712547));
#9304=DIRECTION('ref_axis',(0.,-1.,0.));
#9305=DIRECTION('center_axis',(0.,-1.,0.));
#9306=DIRECTION('ref_axis',(0.963714928210761,0.,-0.266933581895811));
#9307=DIRECTION('center_axis',(0.,1.,0.));
#9308=DIRECTION('ref_axis',(0.963714928210761,0.,-0.266933581895811));
#9309=DIRECTION('center_axis',(-0.514495755427527,0.,-0.857492925712544));
#9310=DIRECTION('ref_axis',(0.606339062590832,-0.707106781186547,-0.363803437554502));
#9311=DIRECTION('center_axis',(-1.,1.13869028166683E-16,0.));
#9312=DIRECTION('ref_axis',(-6.73800291513844E-32,3.57003146092221E-17,
-1.));
#9313=DIRECTION('',(0.514495755427527,0.,0.857492925712544));
#9314=DIRECTION('',(-0.514495755427527,0.,-0.857492925712544));
#9315=DIRECTION('center_axis',(0.,1.,0.));
#9316=DIRECTION('ref_axis',(0.707106781186548,0.,0.707106781186548));
#9317=DIRECTION('',(0.,-1.,0.));
#9318=DIRECTION('',(0.,1.,0.));
#9319=DIRECTION('center_axis',(0.,0.,-1.));
#9320=DIRECTION('ref_axis',(0.707106781186548,0.707106781186548,0.));
#9321=DIRECTION('center_axis',(0.,0.,1.));
#9322=DIRECTION('ref_axis',(1.,0.,0.));
#9323=DIRECTION('',(0.,0.,-1.));
#9324=DIRECTION('center_axis',(0.,-1.,0.));
#9325=DIRECTION('ref_axis',(0.,0.,-1.));
#9326=DIRECTION('center_axis',(0.514495755427522,0.,0.857492925712547));
#9327=DIRECTION('ref_axis',(0.857492925712547,0.,-0.514495755427522));
#9328=DIRECTION('center_axis',(0.,1.,0.));
#9329=DIRECTION('ref_axis',(0.963714928210761,0.,-0.266933581895811));
#9330=DIRECTION('center_axis',(0.514495755427527,0.,0.857492925712544));
#9331=DIRECTION('ref_axis',(0.606339062590834,0.707106781186548,-0.363803437554496));
#9332=DIRECTION('',(-0.514495755427527,0.,-0.857492925712544));
#9333=DIRECTION('center_axis',(1.,0.,0.));
#9334=DIRECTION('ref_axis',(0.,0.707106781186548,0.707106781186548));
#9335=DIRECTION('',(1.,0.,0.));
#9336=DIRECTION('center_axis',(0.707106781186548,0.,0.707106781186548));
#9337=DIRECTION('ref_axis',(-0.707106781186548,0.,0.707106781186548));
#9338=DIRECTION('center_axis',(0.,0.,1.));
#9339=DIRECTION('ref_axis',(-0.707106781186548,0.707106781186548,0.));
#9340=DIRECTION('',(0.,0.,1.));
#9341=DIRECTION('center_axis',(0.,-1.,0.));
#9342=DIRECTION('ref_axis',(-1.,0.,0.));
#9343=DIRECTION('',(0.,0.,1.));
#9344=DIRECTION('center_axis',(0.,0.,1.));
#9345=DIRECTION('ref_axis',(1.,0.,0.));
#9346=DIRECTION('',(-1.13869028166683E-16,-1.,0.));
#9347=DIRECTION('',(0.,1.,0.));
#9348=DIRECTION('center_axis',(-1.,0.,0.));
#9349=DIRECTION('ref_axis',(0.,-1.,0.));
#9350=DIRECTION('center_axis',(0.,-1.,0.));
#9351=DIRECTION('ref_axis',(0.963714928210761,0.,-0.266933581895812));
#9352=DIRECTION('',(0.,1.,0.));
#9353=DIRECTION('',(0.,-1.,0.));
#9354=DIRECTION('center_axis',(1.,0.,0.));
#9355=DIRECTION('ref_axis',(0.,-1.,0.));
#9356=DIRECTION('center_axis',(0.857492925712544,0.,-0.514495755427527));
#9357=DIRECTION('ref_axis',(-0.514495755427527,0.,-0.857492925712544));
#9358=DIRECTION('',(1.13869028166683E-16,1.,1.89781713611138E-16));
#9359=DIRECTION('',(0.514495755427527,0.,0.857492925712544));
#9360=DIRECTION('',(0.,-1.,0.));
#9361=DIRECTION('center_axis',(1.,0.,0.));
#9362=DIRECTION('ref_axis',(0.,1.,0.));
#9363=DIRECTION('',(0.,0.,1.));
#9364=DIRECTION('center_axis',(0.,1.,0.));
#9365=DIRECTION('ref_axis',(-1.,0.,0.));
#9366=DIRECTION('',(0.,0.,1.));
#9367=DIRECTION('center_axis',(1.,-1.13869028166683E-16,0.));
#9368=DIRECTION('ref_axis',(1.13869028166683E-16,1.,0.));
#9369=DIRECTION('',(0.,0.,1.));
#9370=DIRECTION('',(1.,0.,0.));
#9371=DIRECTION('',(0.,0.,1.));
#9372=DIRECTION('',(1.,0.,0.));
#9373=DIRECTION('',(0.,0.,1.));
#9374=DIRECTION('',(1.,0.,0.));
#9375=DIRECTION('',(0.,0.,1.));
#9376=DIRECTION('',(1.,0.,0.));
#9377=CARTESIAN_POINT('',(0.,0.,0.));
#9378=CARTESIAN_POINT('',(0.,0.,0.));
#9379=CARTESIAN_POINT('',(0.,0.,0.));
#9380=CARTESIAN_POINT('Origin',(31.125,-46.2012093972847,7.54092622644624));
#9381=CARTESIAN_POINT('',(-60.3801415854193,-39.1301415854192,0.46985841458076));
#9382=CARTESIAN_POINT('',(60.3801415854192,-39.1301415854193,0.469858414580763));
#9383=CARTESIAN_POINT('',(31.125,-39.1301415854193,0.469858414580758));
#9384=CARTESIAN_POINT('',(62.25,-41.,-1.));
#9385=CARTESIAN_POINT('Origin',(67.4512093972847,-46.2012093972847,7.54092622644624));
#9386=CARTESIAN_POINT('',(-62.25,-41.,-1.));
#9387=CARTESIAN_POINT('',(31.125,-41.,-1.));
#9388=CARTESIAN_POINT('Origin',(-67.4512093972847,-46.2012093972847,7.54092622644624));
#9389=CARTESIAN_POINT('Origin',(-67.4512093972847,-20.5,7.54092622644624));
#9390=CARTESIAN_POINT('',(-60.3801415854192,39.1301415854193,0.469858414580761));
#9391=CARTESIAN_POINT('',(-60.3801415854193,-20.5,0.469858414580758));
#9392=CARTESIAN_POINT('',(-62.25,41.,-1.));
#9393=CARTESIAN_POINT('',(-62.25,-20.5,-1.));
#9394=CARTESIAN_POINT('Origin',(-67.4512093972847,46.2012093972848,7.54092622644624));
#9395=CARTESIAN_POINT('Origin',(-31.125,46.2012093972848,7.54092622644624));
#9396=CARTESIAN_POINT('',(60.3801415854193,39.1301415854193,0.469858414580757));
#9397=CARTESIAN_POINT('',(-31.125,39.1301415854193,0.469858414580758));
#9398=CARTESIAN_POINT('',(62.25,41.,-1.));
#9399=CARTESIAN_POINT('',(-31.125,41.,-1.));
#9400=CARTESIAN_POINT('Origin',(67.4512093972847,46.2012093972847,7.54092622644624));
#9401=CARTESIAN_POINT('Origin',(67.4512093972847,20.5,7.54092622644624));
#9402=CARTESIAN_POINT('',(60.3801415854193,20.5,0.469858414580758));
#9403=CARTESIAN_POINT('',(62.25,20.5,-1.));
#9404=CARTESIAN_POINT('Origin',(59.85,-20.5,1.));
#9405=CARTESIAN_POINT('',(57.85,-36.6,3.));
#9406=CARTESIAN_POINT('',(57.85,-36.6,3.));
#9407=CARTESIAN_POINT('',(57.85,36.6,3.));
#9408=CARTESIAN_POINT('',(57.85,-20.5,3.));
#9409=CARTESIAN_POINT('',(61.85,40.6,-1.));
#9410=CARTESIAN_POINT('Origin',(-31.125,-38.6,1.));
#9411=CARTESIAN_POINT('',(-57.85,-36.6,3.));
#9412=CARTESIAN_POINT('',(-57.85,-36.6,3.));
#9413=CARTESIAN_POINT('',(-31.125,-36.6,3.));
#9414=CARTESIAN_POINT('Origin',(-59.85,20.5,1.));
#9415=CARTESIAN_POINT('',(-57.85,36.6,3.));
#9416=CARTESIAN_POINT('',(-61.85,40.6000000000001,-1.));
#9417=CARTESIAN_POINT('',(-57.85,20.5,3.));
#9418=CARTESIAN_POINT('Origin',(31.125,38.6,1.));
#9419=CARTESIAN_POINT('',(31.125,36.6,3.));
#9420=CARTESIAN_POINT('Origin',(-62.25,-36.6,0.));
#9421=CARTESIAN_POINT('',(-57.85,-36.6,6.75));
#9422=CARTESIAN_POINT('',(-57.85,-36.6,0.));
#9423=CARTESIAN_POINT('',(57.85,-36.6,6.75));
#9424=CARTESIAN_POINT('',(-31.125,-36.6,6.75));
#9425=CARTESIAN_POINT('',(57.85,-36.6,0.));
#9426=CARTESIAN_POINT('Origin',(-57.85,41.,0.));
#9427=CARTESIAN_POINT('',(-57.85,36.6000000000001,6.75));
#9428=CARTESIAN_POINT('',(-57.85,36.6,0.));
#9429=CARTESIAN_POINT('',(-57.85,20.5,6.75));
#9430=CARTESIAN_POINT('Origin',(-62.25,41.,-5.));
#9431=CARTESIAN_POINT('',(-62.25,41.,-5.));
#9432=CARTESIAN_POINT('',(-62.25,-41.,-5.));
#9433=CARTESIAN_POINT('',(-62.25,20.5000000000001,-5.));
#9434=CARTESIAN_POINT('',(-62.25,41.,-5.));
#9435=CARTESIAN_POINT('',(-62.25,-41.,-5.));
#9436=CARTESIAN_POINT('Origin',(62.25,41.,-5.));
#9437=CARTESIAN_POINT('',(62.25,41.,-5.));
#9438=CARTESIAN_POINT('',(41.125,41.,-5.));
#9439=CARTESIAN_POINT('',(62.25,41.,-5.));
#9440=CARTESIAN_POINT('Origin',(62.25,-41.,-5.));
#9441=CARTESIAN_POINT('',(62.25,-41.,-5.));
#9442=CARTESIAN_POINT('',(62.25,-20.5,-5.));
#9443=CARTESIAN_POINT('',(62.25,-41.,-5.));
#9444=CARTESIAN_POINT('Origin',(-62.25,-41.,-5.));
#9445=CARTESIAN_POINT('',(-21.125,-41.,-5.));
#9446=CARTESIAN_POINT('Origin',(57.85,-41.,0.));
#9447=CARTESIAN_POINT('',(57.85,36.6,6.75));
#9448=CARTESIAN_POINT('',(57.85,-20.5,6.75));
#9449=CARTESIAN_POINT('',(57.85,36.6,0.));
#9450=CARTESIAN_POINT('Origin',(-66.25,-44.,-4.));
#9451=CARTESIAN_POINT('',(-65.25,-45.,-4.));
#9452=CARTESIAN_POINT('',(-65.25,-44.,-5.));
#9453=CARTESIAN_POINT('',(-65.25,-45.,-4.));
#9454=CARTESIAN_POINT('',(-66.25,-44.,-4.));
#9455=CARTESIAN_POINT('',(-66.25,-44.,-4.));
#9456=CARTESIAN_POINT('',(-65.25,-44.,-5.));
#9457=CARTESIAN_POINT('Origin',(-65.75,-44.5,0.));
#9458=CARTESIAN_POINT('',(-65.25,-45.,0.));
#9459=CARTESIAN_POINT('',(-66.25,-44.,0.));
#9460=CARTESIAN_POINT('',(-55.4374999999997,-54.8125000000002,0.));
#9461=CARTESIAN_POINT('',(-66.25,-44.,0.));
#9462=CARTESIAN_POINT('',(-65.25,-45.,0.));
#9463=CARTESIAN_POINT('Origin',(65.25,-44.,-5.));
#9464=CARTESIAN_POINT('',(65.25,-44.9999999999999,-4.));
#9465=CARTESIAN_POINT('',(66.25,-44.,-4.));
#9466=CARTESIAN_POINT('',(65.25,-44.9999999999999,-4.));
#9467=CARTESIAN_POINT('',(65.25,-44.,-5.));
#9468=CARTESIAN_POINT('',(65.25,-44.,-5.));
#9469=CARTESIAN_POINT('',(66.25,-44.,-4.));
#9470=CARTESIAN_POINT('Origin',(63.125,-44.5,-4.5));
#9471=CARTESIAN_POINT('',(63.125,-44.,-5.));
#9472=CARTESIAN_POINT('',(63.125,-44.9999999999999,-4.));
#9473=CARTESIAN_POINT('Origin',(-65.25,45.,-4.));
#9474=CARTESIAN_POINT('',(-66.25,44.,-4.));
#9475=CARTESIAN_POINT('',(-65.25,44.,-5.));
#9476=CARTESIAN_POINT('',(-66.25,44.,-4.));
#9477=CARTESIAN_POINT('',(-65.25,45.,-4.));
#9478=CARTESIAN_POINT('',(-65.25,45.,-4.));
#9479=CARTESIAN_POINT('',(-65.25,44.,-5.));
#9480=CARTESIAN_POINT('Origin',(-65.75,44.5,0.));
#9481=CARTESIAN_POINT('',(-66.25,44.,0.));
#9482=CARTESIAN_POINT('',(-65.25,45.,0.));
#9483=CARTESIAN_POINT('',(-55.4375,54.8125000000001,0.));
#9484=CARTESIAN_POINT('',(-65.25,45.,0.));
#9485=CARTESIAN_POINT('',(-66.25,44.,0.));
#9486=CARTESIAN_POINT('Origin',(66.25,44.0000000000001,-4.));
#9487=CARTESIAN_POINT('',(65.2500000000001,45.0000000000001,-4.));
#9488=CARTESIAN_POINT('',(65.25,44.0000000000001,-5.));
#9489=CARTESIAN_POINT('',(65.2500000000001,45.0000000000001,-4.));
#9490=CARTESIAN_POINT('',(66.25,44.0000000000001,-4.));
#9491=CARTESIAN_POINT('',(66.25,44.0000000000001,-4.));
#9492=CARTESIAN_POINT('',(65.25,44.0000000000001,-5.));
#9493=CARTESIAN_POINT('Origin',(65.75,44.5000000000001,0.));
#9494=CARTESIAN_POINT('',(65.2500000000001,45.0000000000001,0.));
#9495=CARTESIAN_POINT('',(66.25,44.0000000000001,0.));
#9496=CARTESIAN_POINT('',(65.4375,44.8125000000001,0.));
#9497=CARTESIAN_POINT('',(66.25,44.0000000000001,0.));
#9498=CARTESIAN_POINT('',(65.2500000000001,45.0000000000001,0.));
#9499=CARTESIAN_POINT('Origin',(65.75,22.5000000000001,-4.5));
#9500=CARTESIAN_POINT('',(65.25,22.5000000000001,-5.));
#9501=CARTESIAN_POINT('',(66.25,22.5000000000001,-4.));
#9502=CARTESIAN_POINT('Origin',(-23.125,44.5000000000001,-4.5));
#9503=CARTESIAN_POINT('',(-23.125,44.0000000000001,-5.));
#9504=CARTESIAN_POINT('',(-23.125,45.0000000000001,-4.));
#9505=CARTESIAN_POINT('Origin',(-65.75,-22.5,-4.5));
#9506=CARTESIAN_POINT('',(-65.25,-22.5,-5.));
#9507=CARTESIAN_POINT('',(-66.25,-22.5,-4.));
#9508=CARTESIAN_POINT('Origin',(65.75,-44.5,0.));
#9509=CARTESIAN_POINT('',(66.25,-44.,0.));
#9510=CARTESIAN_POINT('',(65.25,-44.9999999999999,0.));
#9511=CARTESIAN_POINT('',(65.4374999999998,-44.8125000000001,0.));
#9512=CARTESIAN_POINT('',(65.25,-44.9999999999999,0.));
#9513=CARTESIAN_POINT('',(66.25,-44.,0.));
#9514=CARTESIAN_POINT('Origin',(106.25,-44.9999999999999,0.));
#9515=CARTESIAN_POINT('',(63.125,-44.9999999999999,0.));
#9516=CARTESIAN_POINT('Origin',(66.25,45.0000000000001,0.));
#9517=CARTESIAN_POINT('',(66.25,22.5000000000001,0.));
#9518=CARTESIAN_POINT('Origin',(20.,4.44089209850063E-14,0.));
#9519=CARTESIAN_POINT('',(-23.125,45.0000000000001,0.));
#9520=CARTESIAN_POINT('',(-66.25,-22.5,0.));
#9521=CARTESIAN_POINT('',(61.85,-39.6,0.));
#9522=CARTESIAN_POINT('',(61.85,39.6,0.));
#9523=CARTESIAN_POINT('',(61.85,-20.5,0.));
#9524=CARTESIAN_POINT('',(60.85,-40.6,0.));
#9525=CARTESIAN_POINT('',(61.0375000000001,-40.4125,0.));
#9526=CARTESIAN_POINT('',(-60.85,-40.6,0.));
#9527=CARTESIAN_POINT('',(-31.125,-40.6,0.));
#9528=CARTESIAN_POINT('',(-61.85,-39.6,0.));
#9529=CARTESIAN_POINT('',(-51.0375000000002,-50.4124999999999,0.));
#9530=CARTESIAN_POINT('',(-61.85,39.6000000000001,0.));
#9531=CARTESIAN_POINT('',(-61.85,20.5,0.));
#9532=CARTESIAN_POINT('',(-60.85,40.6000000000001,0.));
#9533=CARTESIAN_POINT('',(-51.0375000000001,50.4125,0.));
#9534=CARTESIAN_POINT('',(60.85,40.6,0.));
#9535=CARTESIAN_POINT('',(31.125,40.6,0.));
#9536=CARTESIAN_POINT('',(61.0375,40.4125000000001,0.));
#9537=CARTESIAN_POINT('Origin',(20.,4.44089209850063E-14,-5.));
#9538=CARTESIAN_POINT('Origin',(61.85,-39.6,5.75));
#9539=CARTESIAN_POINT('',(60.85,-40.6,5.75));
#9540=CARTESIAN_POINT('',(60.85,-39.6,6.75));
#9541=CARTESIAN_POINT('',(60.85,-40.6,5.75));
#9542=CARTESIAN_POINT('',(61.85,-39.6,5.75));
#9543=CARTESIAN_POINT('',(61.85,-39.6,5.75));
#9544=CARTESIAN_POINT('',(60.85,-39.6,6.75));
#9545=CARTESIAN_POINT('Origin',(61.35,-40.1,0.));
#9546=CARTESIAN_POINT('',(61.85,-39.6,0.));
#9547=CARTESIAN_POINT('',(60.85,-40.6,0.));
#9548=CARTESIAN_POINT('Origin',(60.85,40.6,5.75));
#9549=CARTESIAN_POINT('',(61.85,39.6,5.75));
#9550=CARTESIAN_POINT('',(60.85,39.6,6.75));
#9551=CARTESIAN_POINT('',(61.85,39.6,5.75));
#9552=CARTESIAN_POINT('',(60.85,40.6,5.75));
#9553=CARTESIAN_POINT('',(60.85,40.6,5.75));
#9554=CARTESIAN_POINT('',(60.85,39.6,6.75));
#9555=CARTESIAN_POINT('Origin',(61.35,40.1,0.));
#9556=CARTESIAN_POINT('',(60.85,40.6,0.));
#9557=CARTESIAN_POINT('',(61.85,39.6,0.));
#9558=CARTESIAN_POINT('Origin',(-60.85,-40.6,5.75));
#9559=CARTESIAN_POINT('',(-61.85,-39.6,5.75));
#9560=CARTESIAN_POINT('',(-60.85,-39.6,6.75));
#9561=CARTESIAN_POINT('',(-61.85,-39.6,5.75));
#9562=CARTESIAN_POINT('',(-60.85,-40.6,5.75));
#9563=CARTESIAN_POINT('',(-60.85,-40.6,5.75));
#9564=CARTESIAN_POINT('',(-60.85,-39.6,6.75));
#9565=CARTESIAN_POINT('Origin',(-61.35,-40.1,0.));
#9566=CARTESIAN_POINT('',(-60.85,-40.6,0.));
#9567=CARTESIAN_POINT('',(-61.85,-39.6,0.));
#9568=CARTESIAN_POINT('Origin',(-31.125,-40.1,6.25));
#9569=CARTESIAN_POINT('',(-31.125,-39.6,6.75));
#9570=CARTESIAN_POINT('',(-31.125,-40.6,5.75));
#9571=CARTESIAN_POINT('Origin',(-61.85,39.6000000000001,5.75));
#9572=CARTESIAN_POINT('',(-60.85,40.6000000000001,5.75));
#9573=CARTESIAN_POINT('',(-60.85,39.6000000000001,6.75));
#9574=CARTESIAN_POINT('',(-60.85,40.6000000000001,5.75));
#9575=CARTESIAN_POINT('',(-61.85,39.6000000000001,5.75));
#9576=CARTESIAN_POINT('',(-61.85,39.6000000000001,5.75));
#9577=CARTESIAN_POINT('',(-60.85,39.6000000000001,6.75));
#9578=CARTESIAN_POINT('Origin',(-61.35,40.1000000000001,0.));
#9579=CARTESIAN_POINT('',(-61.85,39.6000000000001,0.));
#9580=CARTESIAN_POINT('',(-60.85,40.6000000000001,0.));
#9581=CARTESIAN_POINT('Origin',(-61.35,20.5,6.25));
#9582=CARTESIAN_POINT('',(-60.85,20.5,6.75));
#9583=CARTESIAN_POINT('',(-61.85,20.5,5.75));
#9584=CARTESIAN_POINT('Origin',(31.125,40.1,6.25));
#9585=CARTESIAN_POINT('',(31.125,39.6,6.75));
#9586=CARTESIAN_POINT('',(31.125,40.6,5.75));
#9587=CARTESIAN_POINT('Origin',(61.35,-20.5,6.25));
#9588=CARTESIAN_POINT('',(60.85,-20.5,6.75));
#9589=CARTESIAN_POINT('',(61.85,-20.5,5.75));
#9590=CARTESIAN_POINT('Origin',(-62.25,-40.6,0.));
#9591=CARTESIAN_POINT('Origin',(-61.85,41.,0.));
#9592=CARTESIAN_POINT('Origin',(0.,1.77635683940025E-14,6.75));
#9593=CARTESIAN_POINT('',(31.125,36.6,6.75));
#9594=CARTESIAN_POINT('Origin',(-66.25,-45.,0.));
#9595=CARTESIAN_POINT('Origin',(-66.25,45.,0.));
#9596=CARTESIAN_POINT('Origin',(62.25,36.6,0.));
#9597=CARTESIAN_POINT('Origin',(62.25,40.6,0.));
#9598=CARTESIAN_POINT('Origin',(61.85,-41.,0.));
#9599=CARTESIAN_POINT('Origin',(-23.125,-44.99,42.0100505063388));
#9600=CARTESIAN_POINT('',(69.25,-45.,43.));
#9601=CARTESIAN_POINT('',(69.25,-44.,42.0100505063388));
#9602=CARTESIAN_POINT('Origin',(69.25,-44.99,42.0100505063388));
#9603=CARTESIAN_POINT('',(63.25,-44.,42.0100505063388));
#9604=CARTESIAN_POINT('',(-23.125,-44.,42.0100505063388));
#9605=CARTESIAN_POINT('',(63.25,-45.,43.));
#9606=CARTESIAN_POINT('Origin',(63.25,-44.99,42.0100505063388));
#9607=CARTESIAN_POINT('',(-23.125,-45.,43.));
#9608=CARTESIAN_POINT('Origin',(-23.125,-44.5,43.5));
#9609=CARTESIAN_POINT('',(62.26,-44.,44.));
#9610=CARTESIAN_POINT('',(63.25,-44.99,43.01));
#9611=CARTESIAN_POINT('Origin',(62.26,-44.99,43.01));
#9612=CARTESIAN_POINT('',(-65.25,-44.,44.));
#9613=CARTESIAN_POINT('',(-23.125,-44.,44.));
#9614=CARTESIAN_POINT('',(-65.25,-45.,43.));
#9615=CARTESIAN_POINT('',(-65.25,-44.,44.));
#9616=CARTESIAN_POINT('',(-23.125,-45.,43.));
#9617=CARTESIAN_POINT('',(63.25,-43.,45.));
#9618=CARTESIAN_POINT('Origin',(-23.125,-44.5,43.5));
#9619=CARTESIAN_POINT('',(69.25,-44.99,43.01));
#9620=CARTESIAN_POINT('',(70.24,-44.,44.));
#9621=CARTESIAN_POINT('Origin',(70.24,-44.99,43.01));
#9622=CARTESIAN_POINT('',(69.25,-44.25,43.75));
#9623=CARTESIAN_POINT('',(105.25,-45.,43.));
#9624=CARTESIAN_POINT('',(-23.125,-45.,43.));
#9625=CARTESIAN_POINT('',(105.25,-44.,44.));
#9626=CARTESIAN_POINT('',(105.25,-45.,43.));
#9627=CARTESIAN_POINT('',(-23.125,-44.,44.));
#9628=CARTESIAN_POINT('Origin',(62.26,-40.2000357133747,42.7999642866253));
#9629=CARTESIAN_POINT('',(62.26,-39.,43.));
#9630=CARTESIAN_POINT('',(62.26,-40.,44.));
#9631=CARTESIAN_POINT('',(62.26,-39.5,43.5));
#9632=CARTESIAN_POINT('',(63.25,-40.4100714267494,43.01));
#9633=CARTESIAN_POINT('Origin',(62.26,-40.4100714267494,43.01));
#9634=CARTESIAN_POINT('',(63.25,-39.99,42.5899285732506));
#9635=CARTESIAN_POINT('',(63.25,-40.2000357133747,42.7999642866253));
#9636=CARTESIAN_POINT('Origin',(62.26,-39.99,42.5899285732506));
#9637=CARTESIAN_POINT('Origin',(62.26,-19.5,43.01));
#9638=CARTESIAN_POINT('',(62.26,-19.5,44.));
#9639=CARTESIAN_POINT('',(63.25,-19.5,43.01));
#9640=CARTESIAN_POINT('Origin',(62.26,-39.99,43.5));
#9641=CARTESIAN_POINT('',(63.25,-39.99,16.));
#9642=CARTESIAN_POINT('',(63.25,-39.99,43.5));
#9643=CARTESIAN_POINT('',(62.26,-39.,16.));
#9644=CARTESIAN_POINT('Origin',(62.26,-39.99,16.));
#9645=CARTESIAN_POINT('',(62.26,-39.,43.5));
#9646=CARTESIAN_POINT('Origin',(20.,4.44089209850063E-14,44.));
#9647=CARTESIAN_POINT('',(-65.25,-40.,44.));
#9648=CARTESIAN_POINT('',(-23.125,-40.,44.));
#9649=CARTESIAN_POINT('',(-65.25,-20.5,44.));
#9650=CARTESIAN_POINT('Origin',(-23.125,-39.5,43.5));
#9651=CARTESIAN_POINT('',(62.25,-39.,43.));
#9652=CARTESIAN_POINT('',(-23.125,-39.,43.));
#9653=CARTESIAN_POINT('',(-66.25,-39.,43.));
#9654=CARTESIAN_POINT('',(-66.25,-39.,43.));
#9655=CARTESIAN_POINT('',(-65.25,-40.,44.));
#9656=CARTESIAN_POINT('Origin',(-66.25,-39.,43.));
#9657=CARTESIAN_POINT('',(62.25,-39.,16.));
#9658=CARTESIAN_POINT('',(66.25,-39.,16.));
#9659=CARTESIAN_POINT('',(62.25,-39.,22.));
#9660=CARTESIAN_POINT('Origin',(70.24,-41.4500357133747,44.0499642866253));
#9661=CARTESIAN_POINT('',(69.25,-39.9900000000001,42.5899285732507));
#9662=CARTESIAN_POINT('',(69.25,-40.4100714267494,43.01));
#9663=CARTESIAN_POINT('',(69.25,-41.4500357133747,44.0499642866253));
#9664=CARTESIAN_POINT('',(69.5399642866253,-40.1201071401241,43.7100357133747));
#9665=CARTESIAN_POINT('Origin',(70.24,-40.4100714267494,43.01));
#9666=CARTESIAN_POINT('',(70.24,-39.01,43.01));
#9667=CARTESIAN_POINT('Origin',(70.24,-40.4100714267494,43.01));
#9668=CARTESIAN_POINT('',(70.24,-39.,43.));
#9669=CARTESIAN_POINT('',(70.24,-40.75,44.75));
#9670=CARTESIAN_POINT('Origin',(70.24,-39.9900000000001,42.5899285732507));
#9671=CARTESIAN_POINT('Origin',(70.24,-39.9900000000001,43.5));
#9672=CARTESIAN_POINT('',(70.24,-39.,39.7173341194982));
#9673=CARTESIAN_POINT('',(70.044733192202,-39.0194481601829,38.7350889359326));
#9674=CARTESIAN_POINT('Ctrl Pts',(70.24,-39.0000000000001,39.7173341194982));
#9675=CARTESIAN_POINT('Ctrl Pts',(70.217769927156,-39.0000000000001,39.4035431855164));
#9676=CARTESIAN_POINT('Ctrl Pts',(70.1561306584894,-38.9985816628739,39.0813037738686));
#9677=CARTESIAN_POINT('Ctrl Pts',(70.0540408066466,-39.017610875708,38.7632727121156));
#9678=CARTESIAN_POINT('Ctrl Pts',(70.0494235241421,-39.0185045051324,38.7491599317527));
#9679=CARTESIAN_POINT('Ctrl Pts',(70.044733192202,-39.0194481601829,38.7350889359326));
#9680=CARTESIAN_POINT('',(69.25,-39.9900000000001,39.));
#9681=CARTESIAN_POINT('Origin',(70.24,-39.9900000000001,38.67));
#9682=CARTESIAN_POINT('',(69.25,-39.9900000000001,43.5));
#9683=CARTESIAN_POINT('',(70.24,-39.,43.5));
#9684=CARTESIAN_POINT('Origin',(45.8620000000001,-39.99,6.166));
#9685=CARTESIAN_POINT('',(69.7141016151377,-39.0001769804784,38.));
#9686=CARTESIAN_POINT('',(69.635856119269,-39.,37.864474825692));
#9687=CARTESIAN_POINT('Origin',(69.635856119269,-39.9900000000001,37.864474825692));
#9688=CARTESIAN_POINT('',(68.642,-39.,36.5393333333333));
#9689=CARTESIAN_POINT('',(45.8620000000001,-39.,6.166));
#9690=CARTESIAN_POINT('',(67.85,-39.9900000000001,37.1333333333333));
#9691=CARTESIAN_POINT('Origin',(68.642,-39.9900000000001,36.5393333333333));
#9692=CARTESIAN_POINT('',(45.0700000000001,-39.99,6.76));
#9693=CARTESIAN_POINT('Ctrl Pts',(70.044733192202,-39.0194481601829,38.7350889359326));
#9694=CARTESIAN_POINT('Ctrl Pts',(70.040042860262,-39.0185045051324,38.7210179401126));
#9695=CARTESIAN_POINT('Ctrl Pts',(70.0352690180479,-39.017610875708,38.7069573463196));
#9696=CARTESIAN_POINT('Ctrl Pts',(69.9477144580944,-39.0023461585194,38.4537284269923));
#9697=CARTESIAN_POINT('Ctrl Pts',(69.8403669446386,-39.0007482209299,38.2186979659299));
#9698=CARTESIAN_POINT('Ctrl Pts',(69.7141016151377,-39.0001769804784,38.));
#9699=CARTESIAN_POINT('Origin',(74.25,-39.99,32.3333333333333));
#9700=CARTESIAN_POINT('',(67.25,-39.0083587076707,33.7320508075691));
#9701=CARTESIAN_POINT('',(67.25,-39.,32.7076326787772));
#9702=CARTESIAN_POINT('Ctrl Pts',(67.25,-39.0083587076707,33.7320508075691));
#9703=CARTESIAN_POINT('Ctrl Pts',(67.25,-38.9993325366371,33.3798078900334));
#9704=CARTESIAN_POINT('Ctrl Pts',(67.25,-39.,33.0310141422517));
#9705=CARTESIAN_POINT('Ctrl Pts',(67.25,-39.,32.7076326787774));
#9706=CARTESIAN_POINT('',(67.24,-39.,32.3333333333333));
#9707=CARTESIAN_POINT('Origin',(74.25,-39.,32.3333333333333));
#9708=CARTESIAN_POINT('',(66.25,-39.99,32.3333333333333));
#9709=CARTESIAN_POINT('Origin',(67.24,-39.99,32.3333333333333));
#9710=CARTESIAN_POINT('Origin',(74.25,-39.99,32.3333333333333));
#9711=CARTESIAN_POINT('',(67.4694425328503,-39.,34.1121364238073));
#9712=CARTESIAN_POINT('Origin',(74.25,-39.,32.3333333333333));
#9713=CARTESIAN_POINT('Ctrl Pts',(67.4694425328503,-39.,34.1121364238073));
#9714=CARTESIAN_POINT('Ctrl Pts',(67.398946797831,-39.,33.9900342290371));
#9715=CARTESIAN_POINT('Ctrl Pts',(67.3251540943074,-39.0020564220632,33.8622215173063));
#9716=CARTESIAN_POINT('Ctrl Pts',(67.25,-39.0083587076707,33.7320508075691));
#9717=CARTESIAN_POINT('Origin',(67.24,-39.9900000000001,43.5));
#9718=CARTESIAN_POINT('',(67.24,-39.,16.));
#9719=CARTESIAN_POINT('',(66.25,-39.9900000000001,16.));
#9720=CARTESIAN_POINT('Origin',(67.24,-39.9900000000001,16.));
#9721=CARTESIAN_POINT('',(66.25,-39.9900000000001,43.5));
#9722=CARTESIAN_POINT('',(67.24,-39.,43.5));
#9723=CARTESIAN_POINT('Origin',(70.24,-22.,43.01));
#9724=CARTESIAN_POINT('',(69.25,-22.,43.01));
#9725=CARTESIAN_POINT('',(70.24,-41.9999999999999,44.));
#9726=CARTESIAN_POINT('',(70.24,-22.,44.));
#9727=CARTESIAN_POINT('',(69.646,-41.8019999999999,43.802));
#9728=CARTESIAN_POINT('Origin',(70.24,-41.0099999999999,43.01));
#9729=CARTESIAN_POINT('',(69.5399642866253,-41.4200714267493,43.7100357133747));
#9730=CARTESIAN_POINT('Origin',(70.24,-40.0199999999999,43.01));
#9731=CARTESIAN_POINT('',(69.5399642866253,-22.,43.7100357133747));
#9732=CARTESIAN_POINT('Origin',(69.25,-44.,44.));
#9733=CARTESIAN_POINT('',(69.25,-44.,39.));
#9734=CARTESIAN_POINT('',(69.25,-39.,39.));
#9735=CARTESIAN_POINT('',(69.25,-44.,44.));
#9736=CARTESIAN_POINT('Origin',(67.75,-41.75,37.));
#9737=CARTESIAN_POINT('',(67.85,-44.,37.1333333333333));
#9738=CARTESIAN_POINT('',(67.85,-42.875,37.1333333333333));
#9739=CARTESIAN_POINT('',(68.62,-44.,38.16));
#9740=CARTESIAN_POINT('Origin',(74.25,-42.875,32.3333333333333));
#9741=CARTESIAN_POINT('',(66.25,-44.,32.3333333333333));
#9742=CARTESIAN_POINT('',(66.25,-42.875,32.3333333333333));
#9743=CARTESIAN_POINT('Origin',(74.25,-44.,32.3333333333333));
#9744=CARTESIAN_POINT('Origin',(66.25,-44.,44.));
#9745=CARTESIAN_POINT('',(66.25,-44.,16.));
#9746=CARTESIAN_POINT('',(66.25,-42.75,16.));
#9747=CARTESIAN_POINT('',(66.25,-44.,44.));
#9748=CARTESIAN_POINT('Origin',(-66.25,-39.,43.));
#9749=CARTESIAN_POINT('',(67.25,-39.,16.));
#9750=CARTESIAN_POINT('',(67.25,-39.,35.5));
#9751=CARTESIAN_POINT('',(66.25,-39.,16.));
#9752=CARTESIAN_POINT('Origin',(-66.25,-39.,43.));
#9753=CARTESIAN_POINT('',(69.7141016151377,-39.,38.));
#9754=CARTESIAN_POINT('Origin',(-23.125,-39.5,43.5));
#9755=CARTESIAN_POINT('',(70.25,-39.,43.));
#9756=CARTESIAN_POINT('',(69.25,-40.,44.));
#9757=CARTESIAN_POINT('',(-23.125,-39.,43.));
#9758=CARTESIAN_POINT('Origin',(69.75,-19.5,43.5));
#9759=CARTESIAN_POINT('',(70.25,-39.9999999999999,43.));
#9760=CARTESIAN_POINT('',(69.25,-41.9999999999999,44.));
#9761=CARTESIAN_POINT('',(70.25,-19.5,43.));
#9762=CARTESIAN_POINT('Origin',(69.25,-41.9999999999999,44.));
#9763=CARTESIAN_POINT('',(71.25,-40.9999999999999,43.));
#9764=CARTESIAN_POINT('',(71.25,-40.9999999999999,43.));
#9765=CARTESIAN_POINT('',(70.25,-39.9999999999999,43.));
#9766=CARTESIAN_POINT('Origin',(63.125,44.99,42.0100505063388));
#9767=CARTESIAN_POINT('',(63.25,45.,43.));
#9768=CARTESIAN_POINT('',(63.25,44.,42.0100505063388));
#9769=CARTESIAN_POINT('Origin',(63.25,44.99,42.0100505063388));
#9770=CARTESIAN_POINT('',(69.25,44.,42.0100505063388));
#9771=CARTESIAN_POINT('',(63.125,44.,42.0100505063388));
#9772=CARTESIAN_POINT('',(69.25,45.,43.));
#9773=CARTESIAN_POINT('Origin',(69.25,44.99,42.0100505063388));
#9774=CARTESIAN_POINT('',(63.125,45.,43.));
#9775=CARTESIAN_POINT('Origin',(63.125,44.5,43.5));
#9776=CARTESIAN_POINT('',(70.24,44.,44.));
#9777=CARTESIAN_POINT('',(69.25,44.9900000000001,43.01));
#9778=CARTESIAN_POINT('Origin',(70.24,44.99,43.01));
#9779=CARTESIAN_POINT('',(105.25,44.0000000000001,44.));
#9780=CARTESIAN_POINT('',(63.125,44.,44.));
#9781=CARTESIAN_POINT('',(105.25,45.0000000000001,43.));
#9782=CARTESIAN_POINT('',(105.25,44.0000000000001,44.));
#9783=CARTESIAN_POINT('',(63.125,45.,43.));
#9784=CARTESIAN_POINT('',(69.25,44.25,43.75));
#9785=CARTESIAN_POINT('Origin',(63.125,44.5,43.5));
#9786=CARTESIAN_POINT('',(63.25,44.99,43.01));
#9787=CARTESIAN_POINT('',(62.26,44.,44.));
#9788=CARTESIAN_POINT('Origin',(62.26,44.99,43.01));
#9789=CARTESIAN_POINT('',(63.25,43.,45.));
#9790=CARTESIAN_POINT('',(-65.25,44.9999999999999,43.));
#9791=CARTESIAN_POINT('',(63.125,45.,43.));
#9792=CARTESIAN_POINT('',(-65.25,43.9999999999999,44.));
#9793=CARTESIAN_POINT('',(-65.25,44.9999999999999,43.));
#9794=CARTESIAN_POINT('',(63.125,44.,44.));
#9795=CARTESIAN_POINT('Origin',(62.26,40.2000357133747,42.7999642866253));
#9796=CARTESIAN_POINT('',(62.26,40.,44.));
#9797=CARTESIAN_POINT('',(62.26,39.,43.));
#9798=CARTESIAN_POINT('',(62.26,39.5,43.5));
#9799=CARTESIAN_POINT('',(63.25,39.99,42.5899285732507));
#9800=CARTESIAN_POINT('Origin',(62.26,39.99,42.5899285732507));
#9801=CARTESIAN_POINT('',(63.25,40.4100714267493,43.01));
#9802=CARTESIAN_POINT('',(63.25,40.2000357133747,42.7999642866253));
#9803=CARTESIAN_POINT('Origin',(62.26,40.4100714267493,43.01));
#9804=CARTESIAN_POINT('Origin',(62.26,39.99,44.));
#9805=CARTESIAN_POINT('',(62.26,39.,16.));
#9806=CARTESIAN_POINT('',(62.26,39.,44.));
#9807=CARTESIAN_POINT('',(63.25,39.99,16.));
#9808=CARTESIAN_POINT('Origin',(62.26,39.99,16.));
#9809=CARTESIAN_POINT('',(63.25,39.99,44.));
#9810=CARTESIAN_POINT('Origin',(62.26,19.5,43.01));
#9811=CARTESIAN_POINT('',(63.25,19.5,43.01));
#9812=CARTESIAN_POINT('',(62.26,19.5,44.));
#9813=CARTESIAN_POINT('Origin',(-66.25,39.,44.));
#9814=CARTESIAN_POINT('',(62.25,39.,43.));
#9815=CARTESIAN_POINT('',(-23.125,39.,43.));
#9816=CARTESIAN_POINT('',(62.25,39.,16.));
#9817=CARTESIAN_POINT('',(62.25,39.,36.));
#9818=CARTESIAN_POINT('',(-0.99999999999999,39.,16.));
#9819=CARTESIAN_POINT('Origin',(-23.125,39.5,43.5));
#9820=CARTESIAN_POINT('',(-65.25,40.,44.));
#9821=CARTESIAN_POINT('',(-23.125,40.,44.));
#9822=CARTESIAN_POINT('',(-66.25,39.,43.));
#9823=CARTESIAN_POINT('',(-65.25,40.,44.));
#9824=CARTESIAN_POINT('',(-66.25,39.,43.));
#9825=CARTESIAN_POINT('Origin',(20.,4.44089209850063E-14,44.));
#9826=CARTESIAN_POINT('',(-65.25,-20.5,44.));
#9827=CARTESIAN_POINT('Origin',(70.24,22.,43.01));
#9828=CARTESIAN_POINT('',(69.25,40.4100714267493,43.01));
#9829=CARTESIAN_POINT('',(69.25,22.,43.01));
#9830=CARTESIAN_POINT('',(69.5399642866253,40.120107140124,43.7100357133747));
#9831=CARTESIAN_POINT('Origin',(70.24,40.4100714267493,43.01));
#9832=CARTESIAN_POINT('',(69.5399642866253,41.4200714267494,43.7100357133747));
#9833=CARTESIAN_POINT('',(69.5399642866253,22.,43.7100357133747));
#9834=CARTESIAN_POINT('',(69.646,41.802,43.802));
#9835=CARTESIAN_POINT('Origin',(70.24,40.0200000000001,43.01));
#9836=CARTESIAN_POINT('',(70.24,42.,44.));
#9837=CARTESIAN_POINT('Origin',(70.24,41.01,43.01));
#9838=CARTESIAN_POINT('',(70.24,22.,44.));
#9839=CARTESIAN_POINT('Origin',(-23.125,41.5,43.5));
#9840=CARTESIAN_POINT('',(71.25,41.,43.));
#9841=CARTESIAN_POINT('',(69.25,42.,44.));
#9842=CARTESIAN_POINT('',(101.25,41.,43.));
#9843=CARTESIAN_POINT('',(-23.125,41.,43.));
#9844=CARTESIAN_POINT('',(103.25,42.,44.));
#9845=CARTESIAN_POINT('',(101.25,41.,43.));
#9846=CARTESIAN_POINT('',(-23.125,42.,44.));
#9847=CARTESIAN_POINT('Origin',(69.25,42.,44.));
#9848=CARTESIAN_POINT('',(70.25,40.0000000000001,43.));
#9849=CARTESIAN_POINT('',(70.25,40.0000000000001,43.));
#9850=CARTESIAN_POINT('',(71.25,41.,43.));
#9851=CARTESIAN_POINT('Origin',(69.75,19.5,43.5));
#9852=CARTESIAN_POINT('',(70.24,39.01,43.01));
#9853=CARTESIAN_POINT('Origin',(70.24,40.4100714267493,43.01));
#9854=CARTESIAN_POINT('',(70.25,39.,43.));
#9855=CARTESIAN_POINT('',(69.25,40.,44.));
#9856=CARTESIAN_POINT('',(70.25,19.5,43.));
#9857=CARTESIAN_POINT('Origin',(70.24,41.4500357133747,44.0499642866254));
#9858=CARTESIAN_POINT('',(69.25,39.99,42.5899285732507));
#9859=CARTESIAN_POINT('',(69.25,41.4500357133747,44.0499642866254));
#9860=CARTESIAN_POINT('',(70.24,39.,43.));
#9861=CARTESIAN_POINT('Origin',(70.24,39.99,42.5899285732507));
#9862=CARTESIAN_POINT('',(70.24,40.75,44.75));
#9863=CARTESIAN_POINT('Origin',(70.24,39.99,44.));
#9864=CARTESIAN_POINT('',(69.25,39.99,39.));
#9865=CARTESIAN_POINT('',(69.25,39.99,44.));
#9866=CARTESIAN_POINT('',(70.044733192202,39.0194481601829,38.7350889359326));
#9867=CARTESIAN_POINT('Origin',(70.24,39.99,38.67));
#9868=CARTESIAN_POINT('',(70.24,39.,39.7173341194982));
#9869=CARTESIAN_POINT('Ctrl Pts',(70.044733192202,39.0194481601829,38.7350889359326));
#9870=CARTESIAN_POINT('Ctrl Pts',(70.0494235241421,39.0185045051324,38.7491599317527));
#9871=CARTESIAN_POINT('Ctrl Pts',(70.0540408066466,39.0176108757079,38.7632727121156));
#9872=CARTESIAN_POINT('Ctrl Pts',(70.1561306584894,38.9985816628739,39.0813037738686));
#9873=CARTESIAN_POINT('Ctrl Pts',(70.217769927156,39.,39.4035431855164));
#9874=CARTESIAN_POINT('Ctrl Pts',(70.24,39.,39.7173341194982));
#9875=CARTESIAN_POINT('',(70.24,39.,44.));
#9876=CARTESIAN_POINT('Origin',(67.24,39.99,44.));
#9877=CARTESIAN_POINT('',(67.24,39.,32.3333333333333));
#9878=CARTESIAN_POINT('',(66.25,39.99,32.3333333333333));
#9879=CARTESIAN_POINT('Origin',(67.24,39.99,32.3333333333333));
#9880=CARTESIAN_POINT('',(66.25,39.99,16.));
#9881=CARTESIAN_POINT('',(66.25,39.99,44.));
#9882=CARTESIAN_POINT('',(67.24,39.,16.));
#9883=CARTESIAN_POINT('Origin',(67.24,39.99,16.));
#9884=CARTESIAN_POINT('',(67.24,39.,44.));
#9885=CARTESIAN_POINT('Origin',(74.25,39.9900000000001,32.3333333333333));
#9886=CARTESIAN_POINT('',(67.25,39.0083587076707,33.7320508075691));
#9887=CARTESIAN_POINT('',(67.4694425328503,39.,34.1121364238073));
#9888=CARTESIAN_POINT('Ctrl Pts',(67.25,39.0083587076707,33.7320508075691));
#9889=CARTESIAN_POINT('Ctrl Pts',(67.3251540943074,39.0020564220632,33.8622215173063));
#9890=CARTESIAN_POINT('Ctrl Pts',(67.398946797831,39.,33.9900342290371));
#9891=CARTESIAN_POINT('Ctrl Pts',(67.4694425328503,39.,34.1121364238073));
#9892=CARTESIAN_POINT('',(68.642,39.,36.5393333333333));
#9893=CARTESIAN_POINT('Origin',(74.25,39.,32.3333333333333));
#9894=CARTESIAN_POINT('',(67.85,39.9900000000001,37.1333333333333));
#9895=CARTESIAN_POINT('Origin',(68.642,39.9900000000001,36.5393333333333));
#9896=CARTESIAN_POINT('Origin',(74.25,39.9900000000001,32.3333333333333));
#9897=CARTESIAN_POINT('',(67.25,39.,32.7076326787774));
#9898=CARTESIAN_POINT('Origin',(74.25,39.,32.3333333333333));
#9899=CARTESIAN_POINT('Ctrl Pts',(67.25,39.,32.7076326787774));
#9900=CARTESIAN_POINT('Ctrl Pts',(67.25,39.,33.031014142272));
#9901=CARTESIAN_POINT('Ctrl Pts',(67.25,38.9993325366355,33.379807889969));
#9902=CARTESIAN_POINT('Ctrl Pts',(67.25,39.0083587076707,33.7320508075691));
#9903=CARTESIAN_POINT('Origin',(46.1020000000001,39.99,6.486));
#9904=CARTESIAN_POINT('',(69.7141016151377,39.0001769804784,38.));
#9905=CARTESIAN_POINT('Ctrl Pts',(69.7141016151378,39.0001769804784,38.));
#9906=CARTESIAN_POINT('Ctrl Pts',(69.8403669446386,39.0007482209299,38.2186979659299));
#9907=CARTESIAN_POINT('Ctrl Pts',(69.9477144580944,39.0023461585193,38.4537284269923));
#9908=CARTESIAN_POINT('Ctrl Pts',(70.0352690180479,39.0176108757079,38.7069573463196));
#9909=CARTESIAN_POINT('Ctrl Pts',(70.040042860262,39.0185045051324,38.7210179401126));
#9910=CARTESIAN_POINT('Ctrl Pts',(70.044733192202,39.0194481601829,38.7350889359326));
#9911=CARTESIAN_POINT('',(45.3100000000001,39.99,7.08000000000001));
#9912=CARTESIAN_POINT('',(69.635856119269,39.,37.8644748256919));
#9913=CARTESIAN_POINT('',(46.1020000000001,39.,6.486));
#9914=CARTESIAN_POINT('Origin',(69.635856119269,39.99,37.8644748256919));
#9915=CARTESIAN_POINT('Origin',(69.25,44.,44.));
#9916=CARTESIAN_POINT('',(69.25,44.,39.));
#9917=CARTESIAN_POINT('',(69.25,44.,44.));
#9918=CARTESIAN_POINT('',(69.25,39.,39.));
#9919=CARTESIAN_POINT('Origin',(-23.125,39.5,43.5));
#9920=CARTESIAN_POINT('',(-23.125,39.,43.));
#9921=CARTESIAN_POINT('Origin',(66.25,39.,40.));
#9922=CARTESIAN_POINT('',(69.7141016151377,40.0000000000001,38.));
#9923=CARTESIAN_POINT('',(69.7141016151377,39.,38.));
#9924=CARTESIAN_POINT('',(70.25,40.0000000000001,40.));
#9925=CARTESIAN_POINT('Origin',(66.25,40.0000000000001,40.));
#9926=CARTESIAN_POINT('',(70.25,39.,40.));
#9927=CARTESIAN_POINT('',(70.25,39.,40.));
#9928=CARTESIAN_POINT('Origin',(66.25,39.,40.));
#9929=CARTESIAN_POINT('Origin',(-66.25,39.,44.));
#9930=CARTESIAN_POINT('',(69.7141016151377,39.,38.));
#9931=CARTESIAN_POINT('Origin',(-66.25,39.,44.));
#9932=CARTESIAN_POINT('',(67.25,39.,16.));
#9933=CARTESIAN_POINT('',(-0.99999999999999,39.,16.));
#9934=CARTESIAN_POINT('',(67.25,39.,32.0000000000002));
#9935=CARTESIAN_POINT('Origin',(-66.25,39.,44.));
#9936=CARTESIAN_POINT('',(70.25,39.,44.));
#9937=CARTESIAN_POINT('Origin',(69.7141016151377,39.,38.));
#9938=CARTESIAN_POINT('',(67.25,40.0000000000001,33.7320508075691));
#9939=CARTESIAN_POINT('',(67.25,39.,33.7320508075691));
#9940=CARTESIAN_POINT('',(44.4913475772924,40.0000000000001,-5.68709150035975));
#9941=CARTESIAN_POINT('Origin',(-66.25,-39.,43.));
#9942=CARTESIAN_POINT('',(70.25,-39.,40.));
#9943=CARTESIAN_POINT('',(70.25,-39.,44.));
#9944=CARTESIAN_POINT('Origin',(66.25,-39.,40.));
#9945=CARTESIAN_POINT('Origin',(63.25,-44.,44.));
#9946=CARTESIAN_POINT('',(63.25,-44.,16.));
#9947=CARTESIAN_POINT('',(64.,-44.,16.));
#9948=CARTESIAN_POINT('',(63.25,-44.,44.));
#9949=CARTESIAN_POINT('Origin',(63.25,-39.,44.));
#9950=CARTESIAN_POINT('',(63.25,-40.25,16.));
#9951=CARTESIAN_POINT('Origin',(20.,4.44089209850063E-14,44.));
#9952=CARTESIAN_POINT('',(105.25,-22.5,44.));
#9953=CARTESIAN_POINT('',(103.25,-41.9999999999999,44.));
#9954=CARTESIAN_POINT('',(103.25,20.5,44.));
#9955=CARTESIAN_POINT('',(61.125,-41.9999999999999,44.));
#9956=CARTESIAN_POINT('Origin',(74.25,42.875,32.3333333333333));
#9957=CARTESIAN_POINT('',(67.85,44.,37.1333333333333));
#9958=CARTESIAN_POINT('',(67.85,42.875,37.1333333333333));
#9959=CARTESIAN_POINT('',(66.25,44.,32.3333333333333));
#9960=CARTESIAN_POINT('Origin',(74.25,44.,32.3333333333333));
#9961=CARTESIAN_POINT('',(66.25,42.875,32.3333333333333));
#9962=CARTESIAN_POINT('Origin',(66.25,44.,44.));
#9963=CARTESIAN_POINT('',(66.25,44.,16.));
#9964=CARTESIAN_POINT('',(66.25,44.,44.));
#9965=CARTESIAN_POINT('',(66.25,42.75,16.));
#9966=CARTESIAN_POINT('Origin',(67.75,41.75,37.));
#9967=CARTESIAN_POINT('',(68.62,44.,38.16));
#9968=CARTESIAN_POINT('Origin',(63.25,39.,44.));
#9969=CARTESIAN_POINT('',(63.25,44.,16.));
#9970=CARTESIAN_POINT('',(63.25,40.25,16.));
#9971=CARTESIAN_POINT('',(63.25,44.,44.));
#9972=CARTESIAN_POINT('Origin',(63.25,44.,44.));
#9973=CARTESIAN_POINT('',(64.,44.,16.));
#9974=CARTESIAN_POINT('Origin',(101.25,41.,3.));
#9975=CARTESIAN_POINT('',(102.25,40.,3.));
#9976=CARTESIAN_POINT('',(101.25,40.0000000000001,2.));
#9977=CARTESIAN_POINT('',(102.25,40.,3.));
#9978=CARTESIAN_POINT('',(101.25,41.,3.));
#9979=CARTESIAN_POINT('',(101.25,41.,3.));
#9980=CARTESIAN_POINT('',(101.25,40.0000000000001,2.));
#9981=CARTESIAN_POINT('Origin',(8.99999999999999,40.5,2.5));
#9982=CARTESIAN_POINT('',(68.25,40.0000000000001,2.));
#9983=CARTESIAN_POINT('',(8.99999999999999,40.0000000000001,2.));
#9984=CARTESIAN_POINT('',(67.25,41.,3.));
#9985=CARTESIAN_POINT('',(8.99999999999999,41.,3.));
#9986=CARTESIAN_POINT('',(67.25,41.,3.));
#9987=CARTESIAN_POINT('Origin',(102.25,40.,43.));
#9988=CARTESIAN_POINT('',(102.25,40.,43.));
#9989=CARTESIAN_POINT('',(102.25,40.,43.));
#9990=CARTESIAN_POINT('',(103.25,42.,44.));
#9991=CARTESIAN_POINT('Origin',(101.75,40.5,0.));
#9992=CARTESIAN_POINT('',(101.25,41.,0.));
#9993=CARTESIAN_POINT('',(102.25,40.,0.));
#9994=CARTESIAN_POINT('Origin',(102.25,-39.9999999999999,3.));
#9995=CARTESIAN_POINT('',(101.25,-41.,3.));
#9996=CARTESIAN_POINT('',(101.25,-40.,2.));
#9997=CARTESIAN_POINT('',(101.25,-40.9999999999999,3.));
#9998=CARTESIAN_POINT('',(102.25,-39.9999999999999,3.));
#9999=CARTESIAN_POINT('',(102.25,-39.9999999999999,3.));
#10000=CARTESIAN_POINT('',(101.25,-39.9999999999999,2.));
#10001=CARTESIAN_POINT('Origin',(101.25,-41.,43.));
#10002=CARTESIAN_POINT('',(102.25,-39.9999999999999,43.));
#10003=CARTESIAN_POINT('',(102.25,-40.,43.));
#10004=CARTESIAN_POINT('',(101.25,-41.,43.));
#10005=CARTESIAN_POINT('',(101.25,-41.,43.));
#10006=CARTESIAN_POINT('',(103.25,-41.9999999999999,44.));
#10007=CARTESIAN_POINT('Origin',(101.75,-40.5,0.));
#10008=CARTESIAN_POINT('',(102.25,-39.9999999999999,0.));
#10009=CARTESIAN_POINT('',(101.25,-41.,0.));
#10010=CARTESIAN_POINT('Origin',(-66.25,44.,43.));
#10011=CARTESIAN_POINT('',(-66.25,44.,43.));
#10012=CARTESIAN_POINT('',(-66.25,44.,43.));
#10013=CARTESIAN_POINT('',(-65.25,43.9999999999999,44.));
#10014=CARTESIAN_POINT('Origin',(-65.75,44.5,0.));
#10015=CARTESIAN_POINT('',(-65.25,44.9999999999999,0.));
#10016=CARTESIAN_POINT('',(-66.25,44.,0.));
#10017=CARTESIAN_POINT('',(-55.437499999996,54.8125000000021,0.));
#10018=CARTESIAN_POINT('',(-66.25,44.,0.));
#10019=CARTESIAN_POINT('',(-65.25,44.9999999999999,0.));
#10020=CARTESIAN_POINT('Origin',(-65.75,-20.5,43.5));
#10021=CARTESIAN_POINT('',(-66.25,-20.5,43.));
#10022=CARTESIAN_POINT('Origin',(105.25,45.0000000000001,43.));
#10023=CARTESIAN_POINT('',(106.25,44.0000000000001,43.));
#10024=CARTESIAN_POINT('',(106.25,44.0000000000001,43.));
#10025=CARTESIAN_POINT('',(105.25,45.0000000000001,43.));
#10026=CARTESIAN_POINT('Origin',(105.75,44.5000000000001,0.));
#10027=CARTESIAN_POINT('',(106.25,44.0000000000001,0.));
#10028=CARTESIAN_POINT('',(105.25,45.0000000000001,0.));
#10029=CARTESIAN_POINT('',(95.4374999999997,54.8125000000003,0.));
#10030=CARTESIAN_POINT('',(105.25,45.0000000000001,0.));
#10031=CARTESIAN_POINT('',(106.25,44.0000000000001,0.));
#10032=CARTESIAN_POINT('Origin',(106.25,-44.,43.));
#10033=CARTESIAN_POINT('',(106.25,-44.,43.));
#10034=CARTESIAN_POINT('',(106.25,-44.,43.));
#10035=CARTESIAN_POINT('',(105.25,-44.,44.));
#10036=CARTESIAN_POINT('Origin',(105.75,-44.5,0.));
#10037=CARTESIAN_POINT('',(105.25,-45.,0.));
#10038=CARTESIAN_POINT('',(106.25,-43.9999999999999,0.));
#10039=CARTESIAN_POINT('',(95.4375000000003,-54.8124999999997,0.));
#10040=CARTESIAN_POINT('',(106.25,-44.,0.));
#10041=CARTESIAN_POINT('',(105.25,-45.,0.));
#10042=CARTESIAN_POINT('Origin',(105.75,-22.5,43.5));
#10043=CARTESIAN_POINT('',(106.25,-22.5,43.));
#10044=CARTESIAN_POINT('Origin',(-65.25,-45.,43.));
#10045=CARTESIAN_POINT('',(-66.25,-44.,43.));
#10046=CARTESIAN_POINT('',(-66.25,-44.,43.));
#10047=CARTESIAN_POINT('',(-65.25,-45.,43.));
#10048=CARTESIAN_POINT('Origin',(-65.75,-44.5,0.));
#10049=CARTESIAN_POINT('',(-66.25,-44.,0.));
#10050=CARTESIAN_POINT('',(-65.25,-45.,0.));
#10051=CARTESIAN_POINT('',(-55.4375,-54.8125,0.));
#10052=CARTESIAN_POINT('',(-65.25,-45.,0.));
#10053=CARTESIAN_POINT('',(-66.25,-44.,0.));
#10054=CARTESIAN_POINT('Origin',(-65.75,-20.5,43.5));
#10055=CARTESIAN_POINT('',(-66.25,-20.5,43.));
#10056=CARTESIAN_POINT('Origin',(61.125,-41.4999999999999,43.5));
#10057=CARTESIAN_POINT('',(61.125,-40.9999999999999,43.));
#10058=CARTESIAN_POINT('Origin',(65.9868602791856,-40.4999999999999,30.5442286340603));
#10059=CARTESIAN_POINT('',(67.25,-39.9999999999999,33.7320508075691));
#10060=CARTESIAN_POINT('',(67.25,-40.9999999999999,31.7320508075691));
#10061=CARTESIAN_POINT('',(67.25,-37.8339745962153,38.0641016151381));
#10062=CARTESIAN_POINT('',(69.7141016151377,-39.9999999999999,38.));
#10063=CARTESIAN_POINT('',(65.5538475772934,-39.9999999999999,30.7942286340603));
#10064=CARTESIAN_POINT('',(70.5801270189222,-40.9999999999999,37.5));
#10065=CARTESIAN_POINT('',(69.7141016151377,-39.9999999999999,38.));
#10066=CARTESIAN_POINT('',(66.4198729810778,-40.9999999999999,30.2942286340603));
#10067=CARTESIAN_POINT('Origin',(66.25,-40.5,40.));
#10068=CARTESIAN_POINT('',(70.25,-40.,40.));
#10069=CARTESIAN_POINT('',(71.25,-40.9999999999999,40.));
#10070=CARTESIAN_POINT('',(70.25,-40.,40.));
#10071=CARTESIAN_POINT('Origin',(66.25,-40.9999999999999,40.));
#10072=CARTESIAN_POINT('Origin',(66.25,-40.,40.));
#10073=CARTESIAN_POINT('Origin',(70.75,-40.4999999999999,22.));
#10074=CARTESIAN_POINT('',(70.25,-39.9999999999999,22.));
#10075=CARTESIAN_POINT('',(71.25,-40.9999999999999,22.));
#10076=CARTESIAN_POINT('Origin',(102.75,20.5,43.5));
#10077=CARTESIAN_POINT('',(102.25,20.5,43.));
#10078=CARTESIAN_POINT('Origin',(101.75,20.5,2.5));
#10079=CARTESIAN_POINT('',(102.25,20.5,3.));
#10080=CARTESIAN_POINT('',(101.25,20.5,2.));
#10081=CARTESIAN_POINT('Origin',(93.25,-40.4999999999999,2.5));
#10082=CARTESIAN_POINT('',(67.25,-40.9999999999999,3.));
#10083=CARTESIAN_POINT('',(93.25,-40.9999999999999,3.));
#10084=CARTESIAN_POINT('',(68.25,-39.9999999999999,2.));
#10085=CARTESIAN_POINT('',(93.25,-39.9999999999999,2.));
#10086=CARTESIAN_POINT('',(68.25,-39.9999999999999,2.));
#10087=CARTESIAN_POINT('Origin',(67.75,0.,2.5));
#10088=CARTESIAN_POINT('',(67.25,0.,3.));
#10089=CARTESIAN_POINT('',(68.25,0.,2.));
#10090=CARTESIAN_POINT('Origin',(70.75,40.5,22.));
#10091=CARTESIAN_POINT('',(71.25,41.,40.));
#10092=CARTESIAN_POINT('',(70.25,40.0000000000001,40.));
#10093=CARTESIAN_POINT('',(71.25,41.,22.));
#10094=CARTESIAN_POINT('',(70.25,40.0000000000001,22.));
#10095=CARTESIAN_POINT('Origin',(66.25,40.5,40.));
#10096=CARTESIAN_POINT('',(70.5801270189222,41.,37.5));
#10097=CARTESIAN_POINT('',(69.7141016151377,40.0000000000001,38.));
#10098=CARTESIAN_POINT('Origin',(66.25,41.,40.));
#10099=CARTESIAN_POINT('Origin',(44.9243602791847,40.5,-5.93709150035976));
#10100=CARTESIAN_POINT('',(67.25,41.,31.7320508075691));
#10101=CARTESIAN_POINT('',(67.25,45.1302386230996,23.4715735613699));
#10102=CARTESIAN_POINT('',(45.3573729810769,41.,-6.18709150035977));
#10103=CARTESIAN_POINT('Origin',(106.25,45.0000000000001,0.));
#10104=CARTESIAN_POINT('',(66.25,45.,0.));
#10105=CARTESIAN_POINT('Origin',(106.25,-44.9999999999999,0.));
#10106=CARTESIAN_POINT('',(106.25,45.0000000000001,0.));
#10107=CARTESIAN_POINT('Origin',(-66.25,-45.,0.));
#10108=CARTESIAN_POINT('',(-66.25,-45.,0.));
#10109=CARTESIAN_POINT('Origin',(20.,4.44089209850063E-14,0.));
#10110=CARTESIAN_POINT('',(-66.25,45.,0.));
#10111=CARTESIAN_POINT('',(-63.25,-41.9999999999999,0.));
#10112=CARTESIAN_POINT('',(-63.25,42.,0.));
#10113=CARTESIAN_POINT('',(-63.25,-20.5,0.));
#10114=CARTESIAN_POINT('',(63.25,-41.9999999999999,0.));
#10115=CARTESIAN_POINT('',(61.125,-41.9999999999999,0.));
#10116=CARTESIAN_POINT('',(63.25,42.,0.));
#10117=CARTESIAN_POINT('',(63.25,1.14560984497768E-14,0.));
#10118=CARTESIAN_POINT('',(-23.125,42.,0.));
#10119=CARTESIAN_POINT('Origin',(-66.25,-41.,0.));
#10120=CARTESIAN_POINT('',(-66.25,-41.,41.));
#10121=CARTESIAN_POINT('',(-66.25,-39.,43.));
#10122=CARTESIAN_POINT('',(-66.25,-41.,17.0000000000001));
#10123=CARTESIAN_POINT('',(-66.25,-41.,0.));
#10124=CARTESIAN_POINT('',(-66.25,-39.4,15.4));
#10125=CARTESIAN_POINT('',(-66.25,-39.,15.));
#10126=CARTESIAN_POINT('',(-66.25,-39.4,9.));
#10127=CARTESIAN_POINT('',(-66.25,-39.4,21.5));
#10128=CARTESIAN_POINT('',(-66.25,39.4000000000001,9.));
#10129=CARTESIAN_POINT('',(-66.25,45.,9.));
#10130=CARTESIAN_POINT('',(-66.25,39.4000000000001,15.4));
#10131=CARTESIAN_POINT('',(-66.25,39.4000000000001,22.));
#10132=CARTESIAN_POINT('',(-66.25,41.,17.0000000000001));
#10133=CARTESIAN_POINT('',(-66.25,39.,15.));
#10134=CARTESIAN_POINT('',(-66.25,41.,41.));
#10135=CARTESIAN_POINT('',(-66.25,41.,0.));
#10136=CARTESIAN_POINT('',(-66.25,39.,43.));
#10137=CARTESIAN_POINT('Origin',(70.25,-39.,44.));
#10138=CARTESIAN_POINT('',(70.25,-39.,40.));
#10139=CARTESIAN_POINT('Origin',(66.25,-39.,40.));
#10140=CARTESIAN_POINT('',(69.7141016151377,-39.,38.));
#10141=CARTESIAN_POINT('Origin',(69.7141016151377,-39.,38.));
#10142=CARTESIAN_POINT('',(67.25,-40.,33.7320508075691));
#10143=CARTESIAN_POINT('Origin',(84.25,1.77635683940025E-14,2.));
#10144=CARTESIAN_POINT('Origin',(102.25,41.,0.));
#10145=CARTESIAN_POINT('Origin',(-62.75,-20.5,0.5));
#10146=CARTESIAN_POINT('',(-62.25,41.,1.));
#10147=CARTESIAN_POINT('',(-63.25,42.,0.));
#10148=CARTESIAN_POINT('',(-62.25,-40.9999999999999,1.));
#10149=CARTESIAN_POINT('',(-62.25,-20.5,1.));
#10150=CARTESIAN_POINT('',(-63.25,-41.9999999999999,0.));
#10151=CARTESIAN_POINT('Origin',(-23.125,41.5,0.5));
#10152=CARTESIAN_POINT('',(62.25,41.,1.));
#10153=CARTESIAN_POINT('',(63.25,42.,0.));
#10154=CARTESIAN_POINT('',(-23.125,41.,1.));
#10155=CARTESIAN_POINT('Origin',(61.125,-41.4999999999999,0.5));
#10156=CARTESIAN_POINT('',(62.25,-40.9999999999999,1.));
#10157=CARTESIAN_POINT('',(61.125,-40.9999999999999,1.));
#10158=CARTESIAN_POINT('',(62.25,-40.9999999999999,1.));
#10159=CARTESIAN_POINT('Origin',(62.75,1.15102556704902E-14,0.5));
#10160=CARTESIAN_POINT('',(62.25,1.15644128912036E-14,1.));
#10161=CARTESIAN_POINT('Origin',(102.25,-41.,0.));
#10162=CARTESIAN_POINT('',(-62.25,-41.,7.));
#10163=CARTESIAN_POINT('',(-62.25,-40.9999999999999,0.));
#10164=CARTESIAN_POINT('',(62.25,-41.,7.));
#10165=CARTESIAN_POINT('',(20.,-40.9999999999999,7.00000000000011));
#10166=CARTESIAN_POINT('',(62.25,-40.9999999999999,0.));
#10167=CARTESIAN_POINT('Origin',(-62.25,-41.,0.));
#10168=CARTESIAN_POINT('',(-62.25,-39.,9.));
#10169=CARTESIAN_POINT('',(-62.25,-42.75,5.25000000000001));
#10170=CARTESIAN_POINT('',(-62.25,41.,6.99999999999998));
#10171=CARTESIAN_POINT('',(-62.25,41.,0.));
#10172=CARTESIAN_POINT('',(-62.25,39.,9.));
#10173=CARTESIAN_POINT('',(-62.25,21.2500000000004,26.75));
#10174=CARTESIAN_POINT('',(-62.25,41.,9.));
#10175=CARTESIAN_POINT('Origin',(-66.25,41.,0.));
#10176=CARTESIAN_POINT('',(67.25,41.,16.0000000000001));
#10177=CARTESIAN_POINT('Origin',(67.25,-1.77635683940025E-14,28.));
#10178=CARTESIAN_POINT('',(67.25,-40.9999999999999,16.0000000000001));
#10179=CARTESIAN_POINT('',(67.25,-9.1548542035631E-15,16.));
#10180=CARTESIAN_POINT('Origin',(102.25,-41.,0.));
#10181=CARTESIAN_POINT('Origin',(62.25,-1.67038100523149E-14,29.));
#10182=CARTESIAN_POINT('',(62.25,-39.,9.));
#10183=CARTESIAN_POINT('',(62.25,-22.25,25.75));
#10184=CARTESIAN_POINT('',(62.25,-41.,9.));
#10185=CARTESIAN_POINT('',(62.25,0.99999999999999,9.));
#10186=CARTESIAN_POINT('',(62.25,-40.9999999999999,12.0000000000001));
#10187=CARTESIAN_POINT('',(62.25,-40.9999999999999,0.));
#10188=CARTESIAN_POINT('',(62.25,-39.,14.));
#10189=CARTESIAN_POINT('',(62.25,-23.5000000000002,29.5));
#10190=CARTESIAN_POINT('',(62.25,-39.,15.));
#10191=CARTESIAN_POINT('',(62.25,-39.,21.5));
#10192=CARTESIAN_POINT('',(62.25,-41.,17.0000000000001));
#10193=CARTESIAN_POINT('',(62.25,-32.7500000000004,8.75000000000015));
#10194=CARTESIAN_POINT('',(62.25,-41.,41.));
#10195=CARTESIAN_POINT('',(62.25,-40.9999999999999,14.5));
#10196=CARTESIAN_POINT('',(62.25,-33.7499999999999,48.2500000000001));
#10197=CARTESIAN_POINT('',(62.25,20.5,16.));
#10198=CARTESIAN_POINT('',(62.25,41.,41.));
#10199=CARTESIAN_POINT('',(62.25,32.7499999999999,49.25));
#10200=CARTESIAN_POINT('',(62.25,41.,17.0000000000001));
#10201=CARTESIAN_POINT('',(62.25,41.,14.5));
#10202=CARTESIAN_POINT('',(62.25,39.,15.));
#10203=CARTESIAN_POINT('',(62.25,33.7500000000004,9.75000000000016));
#10204=CARTESIAN_POINT('',(62.25,39.,14.));
#10205=CARTESIAN_POINT('',(62.25,39.,22.));
#10206=CARTESIAN_POINT('',(62.25,41.,12.));
#10207=CARTESIAN_POINT('',(62.25,43.,9.99999999999996));
#10208=CARTESIAN_POINT('',(62.25,41.,9.));
#10209=CARTESIAN_POINT('',(62.25,41.,0.));
#10210=CARTESIAN_POINT('',(62.25,39.,9.));
#10211=CARTESIAN_POINT('',(62.25,41.,9.));
#10212=CARTESIAN_POINT('',(62.25,41.,6.99999999999998));
#10213=CARTESIAN_POINT('',(62.25,41.75,6.24999999999997));
#10214=CARTESIAN_POINT('',(62.25,41.,0.));
#10215=CARTESIAN_POINT('Origin',(70.25,39.,44.));
#10216=CARTESIAN_POINT('Origin',(-66.25,39.,44.));
#10217=CARTESIAN_POINT('',(-45.25,39.,15.));
#10218=CARTESIAN_POINT('',(-66.25,39.,15.));
#10219=CARTESIAN_POINT('',(-45.25,39.,14.));
#10220=CARTESIAN_POINT('',(-45.25,39.,30.5));
#10221=CARTESIAN_POINT('',(-66.25,39.,14.));
#10222=CARTESIAN_POINT('Origin',(-57.7490381056767,-41.6964101615138,30.8343145750508));
#10223=CARTESIAN_POINT('',(-58.9552558883261,-40.9999999999999,36.2343145750508));
#10224=CARTESIAN_POINT('',(-58.9552558883261,-40.9999999999999,28.1290586867248));
#10225=CARTESIAN_POINT('',(-58.9552558883261,-40.9999999999999,15.4171572875254));
#10226=CARTESIAN_POINT('',(-56.3571796769725,-42.5,36.2343145750508));
#10227=CARTESIAN_POINT('',(-57.4242785792575,-41.8839101615138,36.2343145750508));
#10228=CARTESIAN_POINT('',(-56.3571796769725,-42.5,30.7271348980783));
#10229=CARTESIAN_POINT('',(-56.3571796769725,-42.5,32.0843145750508));
#10230=CARTESIAN_POINT('',(-54.9637360603867,-43.3045050471364,32.1205785146641));
#10231=CARTESIAN_POINT('Origin',(-46.25,-41.6964101615138,29.3352764693741));
#10232=CARTESIAN_POINT('',(-43.544744111674,-40.9999999999999,28.1290586867248));
#10233=CARTESIAN_POINT('',(27.9999999999999,-40.9999999999999,28.1290586867248));
#10234=CARTESIAN_POINT('',(-46.1428203230276,-42.5,30.7271348980783));
#10235=CARTESIAN_POINT('',(-48.75,-42.5,30.7271348980783));
#10236=CARTESIAN_POINT('',(-46.4648353681848,-42.6859154730046,31.0491499432356));
#10237=CARTESIAN_POINT('Origin',(-57.7490381056767,41.6964101615138,30.8343145750508));
#10238=CARTESIAN_POINT('',(-58.9552558883257,41.,28.1290586867251));
#10239=CARTESIAN_POINT('',(-58.9552558883257,41.,36.2343145750508));
#10240=CARTESIAN_POINT('',(-58.9552558883257,41.,15.4171572875254));
#10241=CARTESIAN_POINT('',(-56.3571796769725,42.5,30.7271348980783));
#10242=CARTESIAN_POINT('',(-54.9637360603867,43.3045050471364,32.1205785146641));
#10243=CARTESIAN_POINT('',(-56.3571796769725,42.5,36.2343145750508));
#10244=CARTESIAN_POINT('',(-56.3571796769725,42.5,32.0843145750508));
#10245=CARTESIAN_POINT('',(-57.4242785792575,41.8839101615138,36.2343145750508));
#10246=CARTESIAN_POINT('Origin',(-56.25,40.6,36.2343145750508));
#10247=CARTESIAN_POINT('',(-43.5447441116743,41.,36.2343145750508));
#10248=CARTESIAN_POINT('',(-61.25,41.,36.2343145750508));
#10249=CARTESIAN_POINT('',(-46.1428203230276,42.5,36.2343145750508));
#10250=CARTESIAN_POINT('',(-53.75,42.5,36.2343145750508));
#10251=CARTESIAN_POINT('',(-48.8257214207425,44.0489736709749,36.2343145750508));
#10252=CARTESIAN_POINT('Origin',(-44.7509618943234,-41.6964101615138,35.8343145750508));
#10253=CARTESIAN_POINT('',(-43.544744111674,-40.9999999999999,36.2343145750508));
#10254=CARTESIAN_POINT('',(-43.544744111674,-40.9999999999999,17.9171572875254));
#10255=CARTESIAN_POINT('',(-46.1428203230276,-42.5,36.2343145750508));
#10256=CARTESIAN_POINT('',(-46.1428203230276,-42.5,34.5843145750508));
#10257=CARTESIAN_POINT('',(-48.8257214207425,-44.0489736709749,36.2343145750508));
#10258=CARTESIAN_POINT('Origin',(-56.25,-40.6,36.2343145750508));
#10259=CARTESIAN_POINT('',(23.,-40.9999999999999,36.2343145750508));
#10260=CARTESIAN_POINT('',(-53.75,-42.5,36.2343145750508));
#10261=CARTESIAN_POINT('Origin',(-51.25,-42.5,33.3343145750508));
#10262=CARTESIAN_POINT('Origin',(-44.7509618943234,41.6964101615138,35.8343145750508));
#10263=CARTESIAN_POINT('',(-43.5447441116743,41.,28.1290586867251));
#10264=CARTESIAN_POINT('',(-43.5447441116743,41.,17.9171572875254));
#10265=CARTESIAN_POINT('',(-46.1428203230276,42.5,30.7271348980783));
#10266=CARTESIAN_POINT('',(-46.1428203230276,42.5,34.5843145750508));
#10267=CARTESIAN_POINT('',(-46.4648353681848,42.6859154730046,31.0491499432356));
#10268=CARTESIAN_POINT('Origin',(-46.25,41.6964101615138,29.3352764693741));
#10269=CARTESIAN_POINT('',(-56.25,41.,28.1290586867251));
#10270=CARTESIAN_POINT('',(-48.75,42.5,30.7271348980783));
#10271=CARTESIAN_POINT('Origin',(-51.25,42.5,33.3343145750508));
#10272=CARTESIAN_POINT('Origin',(-45.25,41.,17.0000000000001));
#10273=CARTESIAN_POINT('',(-45.25,41.,17.0000000000001));
#10274=CARTESIAN_POINT('',(-45.25,41.,17.0000000000001));
#10275=CARTESIAN_POINT('',(-45.25,41.,12.));
#10276=CARTESIAN_POINT('',(-45.25,41.,17.0000000000001));
#10277=CARTESIAN_POINT('',(-45.25,38.75,14.25));
#10278=CARTESIAN_POINT('Origin',(-55.25,39.,17.0000000000001));
#10279=CARTESIAN_POINT('',(-55.25,39.4,15.4));
#10280=CARTESIAN_POINT('',(-55.25,41.,17.0000000000001));
#10281=CARTESIAN_POINT('',(-55.25,40.5000000000001,16.5000000000001));
#10282=CARTESIAN_POINT('',(-55.25,39.4,13.6));
#10283=CARTESIAN_POINT('',(-55.25,39.4,30.5));
#10284=CARTESIAN_POINT('',(-55.25,41.,12.));
#10285=CARTESIAN_POINT('',(-55.25,38.25,14.75));
#10286=CARTESIAN_POINT('',(-55.25,41.,17.0000000000001));
#10287=CARTESIAN_POINT('Origin',(-45.25,-39.,17.0000000000001));
#10288=CARTESIAN_POINT('',(-45.25,-41.,12.));
#10289=CARTESIAN_POINT('',(-45.25,-39.,14.));
#10290=CARTESIAN_POINT('',(-45.25,-39.25,13.75));
#10291=CARTESIAN_POINT('',(-45.25,-41.,17.0000000000001));
#10292=CARTESIAN_POINT('',(-45.25,-41.,17.0000000000001));
#10293=CARTESIAN_POINT('',(-45.25,-39.,15.));
#10294=CARTESIAN_POINT('',(-45.25,-39.5,15.5));
#10295=CARTESIAN_POINT('',(-45.25,-39.,30.));
#10296=CARTESIAN_POINT('Origin',(-55.25,-41.,17.0000000000001));
#10297=CARTESIAN_POINT('',(-55.25,-39.4,13.6));
#10298=CARTESIAN_POINT('',(-55.25,-41.,12.));
#10299=CARTESIAN_POINT('',(-55.25,-39.75,13.25));
#10300=CARTESIAN_POINT('',(-55.25,-39.4,15.4));
#10301=CARTESIAN_POINT('',(-55.25,-39.4,30.));
#10302=CARTESIAN_POINT('',(-55.25,-41.,17.0000000000001));
#10303=CARTESIAN_POINT('',(-55.25,-40.,16.));
#10304=CARTESIAN_POINT('',(-55.25,-41.,17.0000000000001));
#10305=CARTESIAN_POINT('Origin',(-66.25,41.,17.0000000000001));
#10306=CARTESIAN_POINT('',(-66.25,41.,17.0000000000001));
#10307=CARTESIAN_POINT('Origin',(-66.25,39.,14.));
#10308=CARTESIAN_POINT('',(-66.25,41.,12.));
#10309=CARTESIAN_POINT('Origin',(-66.25,-41.,12.));
#10310=CARTESIAN_POINT('',(-66.25,-39.,14.));
#10311=CARTESIAN_POINT('',(18.,-40.9999999999999,12.0000000000001));
#10312=CARTESIAN_POINT('Origin',(-66.25,-39.,43.));
#10313=CARTESIAN_POINT('',(-66.25,-39.,15.));
#10314=CARTESIAN_POINT('Origin',(-66.25,-39.,15.));
#10315=CARTESIAN_POINT('',(18.,-40.9999999999999,17.));
#10316=CARTESIAN_POINT('Origin',(-66.25,-41.,41.));
#10317=CARTESIAN_POINT('',(18.,-40.9999999999999,41.0000000000001));
#10318=CARTESIAN_POINT('Origin',(-66.25,-39.,15.));
#10319=CARTESIAN_POINT('',(-66.25,-39.4,15.4));
#10320=CARTESIAN_POINT('',(18.,-40.9999999999999,17.));
#10321=CARTESIAN_POINT('Origin',(-66.25,41.,17.0000000000001));
#10322=CARTESIAN_POINT('',(-66.25,41.,17.0000000000001));
#10323=CARTESIAN_POINT('',(-66.25,39.4,15.4));
#10324=CARTESIAN_POINT('Origin',(-66.25,-39.4,43.));
#10325=CARTESIAN_POINT('',(-62.25,-39.4,9.));
#10326=CARTESIAN_POINT('',(-65.25,-39.4,9.));
#10327=CARTESIAN_POINT('',(-62.25,-39.4,13.6));
#10328=CARTESIAN_POINT('',(-66.25,-39.4,13.6));
#10329=CARTESIAN_POINT('',(-62.25,-39.4,28.));
#10330=CARTESIAN_POINT('Origin',(-66.25,39.,14.));
#10331=CARTESIAN_POINT('',(-62.25,39.4000000000001,13.6));
#10332=CARTESIAN_POINT('',(-66.25,39.4000000000001,13.6));
#10333=CARTESIAN_POINT('',(-62.25,41.,12.));
#10334=CARTESIAN_POINT('',(-62.25,29.5000000000001,23.5));
#10335=CARTESIAN_POINT('',(-66.25,41.,12.));
#10336=CARTESIAN_POINT('Origin',(64.25,0.,16.));
#10337=CARTESIAN_POINT('Origin',(-62.25,-41.,0.));
#10338=CARTESIAN_POINT('',(-62.25,41.,9.));
#10339=CARTESIAN_POINT('',(-62.25,39.4000000000001,9.));
#10340=CARTESIAN_POINT('',(-62.25,2.35165422488783E-14,9.));
#10341=CARTESIAN_POINT('',(-62.25,41.,6.50000000000002));
#10342=CARTESIAN_POINT('',(-62.25,39.4000000000001,28.5));
#10343=CARTESIAN_POINT('Origin',(-66.25,39.,43.));
#10344=CARTESIAN_POINT('',(-66.25,41.,41.));
#10345=CARTESIAN_POINT('Origin',(-66.25,39.4000000000001,44.));
#10346=CARTESIAN_POINT('',(-65.25,39.4000000000001,9.));
#10347=CARTESIAN_POINT('Origin',(-66.25,-41.,12.));
#10348=CARTESIAN_POINT('',(-62.25,-41.,12.));
#10349=CARTESIAN_POINT('',(18.,-40.9999999999999,12.0000000000001));
#10350=CARTESIAN_POINT('',(-62.25,-30.5000000000001,22.5));
#10351=CARTESIAN_POINT('Origin',(102.25,-41.,0.));
#10352=CARTESIAN_POINT('',(-62.25,-41.,9.));
#10353=CARTESIAN_POINT('',(20.,-40.9999999999999,9.));
#10354=CARTESIAN_POINT('',(-62.25,-40.9999999999999,6.50000000000002));
#10355=CARTESIAN_POINT('Origin',(-62.25,-41.,0.));
#10356=CARTESIAN_POINT('',(-62.25,2.35165422488783E-14,9.));
#10357=CARTESIAN_POINT('Origin',(-64.25,2.66453525910038E-14,9.));
#10358=CARTESIAN_POINT('',(-62.25,-39.,9.));
#10359=CARTESIAN_POINT('',(-62.25,39.,9.));
#10360=CARTESIAN_POINT('',(-64.25,41.,9.));
#10361=CARTESIAN_POINT('Origin',(-66.25,41.,0.));
#10362=CARTESIAN_POINT('Origin',(-62.25,-41.,7.));
#10363=CARTESIAN_POINT('Origin',(-62.25,39.,9.));
#10364=CARTESIAN_POINT('',(-64.25,41.,6.99999999999995));
#10365=CARTESIAN_POINT('Origin',(-66.25,41.,0.));
#10366=CARTESIAN_POINT('',(0.,0.,0.));
#10367=CARTESIAN_POINT('',(0.,0.,0.));
#10368=CARTESIAN_POINT('Origin',(50.75,10.766075469437,12.75));
#10369=CARTESIAN_POINT('',(50.25,10.766075469437,14.));
#10370=CARTESIAN_POINT('',(51.2450911164298,10.6961842222577,14.));
#10371=CARTESIAN_POINT('Origin',(50.75,10.766075469437,14.));
#10372=CARTESIAN_POINT('',(51.2450911164298,10.6961842222577,9.));
#10373=CARTESIAN_POINT('',(51.2450911164298,10.6961842222577,12.75));
#10374=CARTESIAN_POINT('',(50.25,10.766075469437,9.));
#10375=CARTESIAN_POINT('Origin',(50.75,10.766075469437,9.));
#10376=CARTESIAN_POINT('',(50.25,10.766075469437,12.75));
#10377=CARTESIAN_POINT('Origin',(54.014726650715,30.3155500815589,14.));
#10378=CARTESIAN_POINT('',(54.0147266507151,30.3155500815597,14.));
#10379=CARTESIAN_POINT('',(49.7647266507105,0.209673741537809,14.));
#10380=CARTESIAN_POINT('',(54.014726650715,30.3155500815589,9.));
#10381=CARTESIAN_POINT('',(54.014726650715,30.3155500815589,14.));
#10382=CARTESIAN_POINT('',(53.0028598005673,23.1477528431868,9.));
#10383=CARTESIAN_POINT('Origin',(50.75,-10.766075469437,12.75));
#10384=CARTESIAN_POINT('',(50.25,-10.766075469437,9.));
#10385=CARTESIAN_POINT('',(51.2450911164298,-10.6961842222577,9.));
#10386=CARTESIAN_POINT('Origin',(50.75,-10.766075469437,9.));
#10387=CARTESIAN_POINT('',(51.2450911164298,-10.6961842222577,14.));
#10388=CARTESIAN_POINT('',(51.2450911164298,-10.6961842222577,12.75));
#10389=CARTESIAN_POINT('',(50.25,-10.766075469437,14.));
#10390=CARTESIAN_POINT('Origin',(50.75,-10.766075469437,14.));
#10391=CARTESIAN_POINT('',(50.25,-10.766075469437,12.75));
#10392=CARTESIAN_POINT('Origin',(54.014726650715,-30.3155500815589,14.));
#10393=CARTESIAN_POINT('',(54.014726650715,-30.3155500815589,9.));
#10394=CARTESIAN_POINT('',(53.0028598005673,-23.1477528431868,9.));
#10395=CARTESIAN_POINT('',(54.0147266507151,-30.3155500815597,14.));
#10396=CARTESIAN_POINT('',(54.014726650715,-30.3155500815589,14.));
#10397=CARTESIAN_POINT('',(49.7647266507105,-0.209673741537809,14.));
#10398=CARTESIAN_POINT('Origin',(10.7542444302418,-3.81639164714898E-16,
14.));
#10399=CARTESIAN_POINT('',(60.2633560732259,-6.98912471791222,14.));
#10400=CARTESIAN_POINT('',(60.2633560732259,6.98912471791222,14.));
#10401=CARTESIAN_POINT('Origin',(10.7542444302418,-3.81639164714898E-16,
14.));
#10402=CARTESIAN_POINT('',(60.2633560732259,6.98912471791222,9.));
#10403=CARTESIAN_POINT('',(60.2633560732259,6.98912471791222,14.));
#10404=CARTESIAN_POINT('',(60.2633560732259,-6.98912471791222,9.));
#10405=CARTESIAN_POINT('Origin',(10.7542444302418,-3.81639164714898E-16,
9.));
#10406=CARTESIAN_POINT('',(60.2633560732259,-6.98912471791222,14.));
#10407=CARTESIAN_POINT('Origin',(61.25,-8.88178419700125E-15,14.));
#10408=CARTESIAN_POINT('',(56.9999999999956,30.1058763400215,14.));
#10409=CARTESIAN_POINT('',(57.0000000000045,30.1058763400227,14.));
#10410=CARTESIAN_POINT('',(56.9999999999956,30.1058763400215,9.));
#10411=CARTESIAN_POINT('',(56.9999999999956,30.1058763400215,14.));
#10412=CARTESIAN_POINT('',(60.1368668501479,7.88514093163839,9.));
#10413=CARTESIAN_POINT('Origin',(62.7352733492895,0.209673741537358,14.));
#10414=CARTESIAN_POINT('',(58.4852733492851,30.3155500815588,9.));
#10415=CARTESIAN_POINT('',(62.25,3.64722184620432,9.));
#10416=CARTESIAN_POINT('',(61.6221401994374,8.09481467317575,9.));
#10417=CARTESIAN_POINT('',(58.4852733492849,30.3155500815602,14.));
#10418=CARTESIAN_POINT('',(58.4852733492851,30.3155500815588,14.));
#10419=CARTESIAN_POINT('',(62.25,3.64722184620432,14.));
#10420=CARTESIAN_POINT('',(58.485273349294,30.3155500815601,14.));
#10421=CARTESIAN_POINT('',(62.25,3.64722184620432,12.625));
#10422=CARTESIAN_POINT('Origin',(56.2500000000001,30.,14.));
#10423=CARTESIAN_POINT('',(55.5000000000045,30.1058763400211,9.));
#10424=CARTESIAN_POINT('Origin',(56.2500000000001,30.,9.));
#10425=CARTESIAN_POINT('',(55.5000000000045,30.1058763400211,14.));
#10426=CARTESIAN_POINT('Origin',(56.2500000000001,30.,14.));
#10427=CARTESIAN_POINT('',(55.5000000000045,30.1058763400211,14.));
#10428=CARTESIAN_POINT('Origin',(56.2500000000001,30.,14.));
#10429=CARTESIAN_POINT('Origin',(56.2500000000001,30.,9.));
#10430=CARTESIAN_POINT('Origin',(56.2500000000001,30.,14.));
#10431=CARTESIAN_POINT('Origin',(55.5000000000045,30.1058763400211,14.));
#10432=CARTESIAN_POINT('',(51.25,2.44929359829467E-16,9.));
#10433=CARTESIAN_POINT('',(54.4881331498568,22.938079101649,9.));
#10434=CARTESIAN_POINT('',(51.25,2.44929359829467E-16,14.));
#10435=CARTESIAN_POINT('',(51.25,-2.44929359829467E-16,14.));
#10436=CARTESIAN_POINT('',(51.25,2.44929359829467E-16,14.));
#10437=CARTESIAN_POINT('Origin',(-0.507168390513405,39.5999999999999,10.));
#10438=CARTESIAN_POINT('',(-59.0731039428049,40.5999999999999,10.));
#10439=CARTESIAN_POINT('',(-60.0731039428049,39.5999999999999,9.));
#10440=CARTESIAN_POINT('Origin',(-60.0731039428049,39.5999999999999,10.));
#10441=CARTESIAN_POINT('',(-58.4555696192487,40.5999999999999,10.));
#10442=CARTESIAN_POINT('',(-0.507168390513406,40.5999999999999,10.));
#10443=CARTESIAN_POINT('',(-57.4555696192487,39.5999999999999,9.));
#10444=CARTESIAN_POINT('Origin',(-57.4555696192487,39.5999999999999,10.));
#10445=CARTESIAN_POINT('',(-0.507168390513405,39.5999999999999,9.));
#10446=CARTESIAN_POINT('Origin',(-60.9731039428047,38.7,11.3912328382224));
#10447=CARTESIAN_POINT('',(-60.9731039428047,38.7,9.0000000000003));
#10448=CARTESIAN_POINT('',(-50.7173279571036,48.9557759857012,9.));
#10449=CARTESIAN_POINT('',(-60.9731039428047,38.7,11.3912328382224));
#10450=CARTESIAN_POINT('',(-60.9731039428047,38.7,12.6956164191107));
#10451=CARTESIAN_POINT('',(-59.0731039428049,40.5999999999999,11.3912328382224));
#10452=CARTESIAN_POINT('',(-60.9731039428047,38.7,11.3912328382224));
#10453=CARTESIAN_POINT('',(-59.0731039428049,40.5999999999999,11.3456164191113));
#10454=CARTESIAN_POINT('Origin',(-58.7643367810268,38.7,11.3912328382224));
#10455=CARTESIAN_POINT('',(-58.4555696192487,40.5999999999999,11.3912328382224));
#10456=CARTESIAN_POINT('Origin',(-58.7643367810268,40.5999999999999,11.3912328382224));
#10457=CARTESIAN_POINT('',(-56.5555696192489,38.7,11.3912328382224));
#10458=CARTESIAN_POINT('Origin',(-58.7643367810268,38.7,11.3912328382224));
#10459=CARTESIAN_POINT('',(-56.5555696192489,38.7,11.3912328382224));
#10460=CARTESIAN_POINT('Origin',(-56.5555696192488,38.7,9.0000000000003));
#10461=CARTESIAN_POINT('',(-58.4555696192487,40.5999999999999,10.1500000000003));
#10462=CARTESIAN_POINT('',(-56.5555696192489,38.7,9.0000000000003));
#10463=CARTESIAN_POINT('',(-56.5555696192489,38.7,11.5000000000008));
#10464=CARTESIAN_POINT('',(-8.55417721443662,-9.30139240481223,9.));
#10465=CARTESIAN_POINT('Origin',(-58.7643367810268,40.5999999999999,11.3000000000003));
#10466=CARTESIAN_POINT('Origin',(57.75,38.7,14.));
#10467=CARTESIAN_POINT('',(-66.25,38.7,9.));
#10468=CARTESIAN_POINT('',(57.75,38.7,9.));
#10469=CARTESIAN_POINT('',(-66.25,38.7,14.));
#10470=CARTESIAN_POINT('',(-66.25,38.7,12.7500000000001));
#10471=CARTESIAN_POINT('',(50.25,38.7,14.));
#10472=CARTESIAN_POINT('',(57.75,38.7,14.));
#10473=CARTESIAN_POINT('',(50.25,38.7,9.));
#10474=CARTESIAN_POINT('',(50.25,38.7,12.7500000000001));
#10475=CARTESIAN_POINT('',(37.4444303807511,38.7,9.0000000000003));
#10476=CARTESIAN_POINT('',(57.75,38.7,9.));
#10477=CARTESIAN_POINT('',(37.4444303807512,38.7,11.3912328382224));
#10478=CARTESIAN_POINT('',(37.4444303807511,38.7,11.5000000000003));
#10479=CARTESIAN_POINT('',(33.0268960571953,38.7,11.3912328382224));
#10480=CARTESIAN_POINT('Origin',(35.2356632189732,38.7,11.3912328382224));
#10481=CARTESIAN_POINT('',(33.0268960571953,38.7,9.0000000000003));
#10482=CARTESIAN_POINT('',(33.0268960571953,38.7,12.6956164191111));
#10483=CARTESIAN_POINT('',(57.75,38.7,9.));
#10484=CARTESIAN_POINT('Origin',(-66.25,4.44089209850063E-16,11.5));
#10485=CARTESIAN_POINT('',(-66.25,19.,9.));
#10486=CARTESIAN_POINT('',(-66.25,19.5,9.));
#10487=CARTESIAN_POINT('',(-66.25,19.,11.));
#10488=CARTESIAN_POINT('',(-66.25,19.,10.25));
#10489=CARTESIAN_POINT('',(-66.25,14.,13.));
#10490=CARTESIAN_POINT('Ctrl Pts',(-66.25,14.,13.));
#10491=CARTESIAN_POINT('Ctrl Pts',(-66.25,14.0285751929326,13.));
#10492=CARTESIAN_POINT('Ctrl Pts',(-66.25,14.0571549462514,12.999999751438));
#10493=CARTESIAN_POINT('Ctrl Pts',(-66.25,14.0859629147681,12.9999820081421));
#10494=CARTESIAN_POINT('Ctrl Pts',(-66.25,14.115433434102,12.9999638567703));
#10495=CARTESIAN_POINT('Ctrl Pts',(-66.25,14.1451426658381,12.9999274090472));
#10496=CARTESIAN_POINT('Ctrl Pts',(-66.25,14.1752738108084,12.9998572160506));
#10497=CARTESIAN_POINT('Ctrl Pts',(-66.25,14.2061868955463,12.9997852014607));
#10498=CARTESIAN_POINT('Ctrl Pts',(-66.25,14.2375439391965,12.9996776818113));
#10499=CARTESIAN_POINT('Ctrl Pts',(-66.25,14.2694861900947,12.9995209074013));
#10500=CARTESIAN_POINT('Ctrl Pts',(-66.25,14.3023792882234,12.9993594661781));
#10501=CARTESIAN_POINT('Ctrl Pts',(-66.25,14.3358927951828,12.9991458113419));
#10502=CARTESIAN_POINT('Ctrl Pts',(-66.25,14.3701239265006,12.9988677580725));
#10503=CARTESIAN_POINT('Ctrl Pts',(-66.25,14.4055494117063,12.9985800032831));
#10504=CARTESIAN_POINT('Ctrl Pts',(-66.25,14.4417432862359,12.998223299029));
#10505=CARTESIAN_POINT('Ctrl Pts',(-66.25,14.4787557013119,12.9977868321746));
#10506=CARTESIAN_POINT('Ctrl Pts',(-66.25,14.5173273210458,12.9973319784856));
#10507=CARTESIAN_POINT('Ctrl Pts',(-66.25,14.5567876721604,12.9967905277547));
#10508=CARTESIAN_POINT('Ctrl Pts',(-66.25,14.5971351258903,12.9961527419858));
#10509=CARTESIAN_POINT('Ctrl Pts',(-66.25,14.6396255038415,12.9954810822931));
#10510=CARTESIAN_POINT('Ctrl Pts',(-66.25,14.6830994280772,12.9947026205573));
#10511=CARTESIAN_POINT('Ctrl Pts',(-66.25,14.7274954404408,12.9938081943787));
#10512=CARTESIAN_POINT('Ctrl Pts',(-66.25,14.7750771893248,12.9928495866219));
#10513=CARTESIAN_POINT('Ctrl Pts',(-66.25,14.8237177037577,12.9917578332325));
#10514=CARTESIAN_POINT('Ctrl Pts',(-66.25,14.8732798390381,12.9905233754159));
#10515=CARTESIAN_POINT('Ctrl Pts',(-66.25,14.9283087818683,12.989152754311));
#10516=CARTESIAN_POINT('Ctrl Pts',(-66.25,14.9844732068598,12.9876063247));
#10517=CARTESIAN_POINT('Ctrl Pts',(-66.25,15.0415200084817,12.9858716857467));
#10518=CARTESIAN_POINT('Ctrl Pts',(-66.25,15.1158906323763,12.9836102762107));
#10519=CARTESIAN_POINT('Ctrl Pts',(-66.25,15.1917592377584,12.9810295259201));
#10520=CARTESIAN_POINT('Ctrl Pts',(-66.25,15.2684721503086,12.9780978915808));
#10521=CARTESIAN_POINT('Ctrl Pts',(-66.25,15.3338204074842,12.9756005650112));
#10522=CARTESIAN_POINT('Ctrl Pts',(-66.25,15.3997768705404,12.9728487352985));
#10523=CARTESIAN_POINT('Ctrl Pts',(-66.25,15.4659356161485,12.969816110819));
#10524=CARTESIAN_POINT('Ctrl Pts',(-66.25,15.5281950713627,12.9669622243641));
#10525=CARTESIAN_POINT('Ctrl Pts',(-66.25,15.5906313188358,12.9638597806223));
#10526=CARTESIAN_POINT('Ctrl Pts',(-66.25,15.6529478566333,12.9604787342364));
#10527=CARTESIAN_POINT('Ctrl Pts',(-66.25,15.7060991987126,12.9575949547551));
#10528=CARTESIAN_POINT('Ctrl Pts',(-66.25,15.7591632682946,12.9545084277688));
#10529=CARTESIAN_POINT('Ctrl Pts',(-66.25,15.8120007233547,12.9511944549973));
#10530=CARTESIAN_POINT('Ctrl Pts',(-66.25,15.8612475791179,12.9481056851296));
#10531=CARTESIAN_POINT('Ctrl Pts',(-66.25,15.9102972349004,12.9448193305558));
#10532=CARTESIAN_POINT('Ctrl Pts',(-66.25,15.9590828754728,12.941310044367));
#10533=CARTESIAN_POINT('Ctrl Pts',(-66.25,16.0054195808785,12.9379769168646));
#10534=CARTESIAN_POINT('Ctrl Pts',(-66.25,16.0515178542161,12.9344426810684));
#10535=CARTESIAN_POINT('Ctrl Pts',(-66.25,16.0973676930575,12.9306805822218));
#10536=CARTESIAN_POINT('Ctrl Pts',(-66.25,16.141388368039,12.9270685710401));
#10537=CARTESIAN_POINT('Ctrl Pts',(-66.25,16.1851798277574,12.9232465202465));
#10538=CARTESIAN_POINT('Ctrl Pts',(-66.25,16.228781283771,12.9191859147104));
#10539=CARTESIAN_POINT('Ctrl Pts',(-66.25,16.2814999846564,12.9142762197542));
#10540=CARTESIAN_POINT('Ctrl Pts',(-66.25,16.3339405873655,12.9090175509855));
#10541=CARTESIAN_POINT('Ctrl Pts',(-66.25,16.3862672808183,12.9033511604797));
#10542=CARTESIAN_POINT('Ctrl Pts',(-66.25,16.431397981163,12.898464014836));
#10543=CARTESIAN_POINT('Ctrl Pts',(-66.25,16.4764483267491,12.8932730478125));
#10544=CARTESIAN_POINT('Ctrl Pts',(-66.25,16.5214857986578,12.8877511280662));
#10545=CARTESIAN_POINT('Ctrl Pts',(-66.25,16.570336337791,12.8817616987039));
#10546=CARTESIAN_POINT('Ctrl Pts',(-66.25,16.6191719738162,12.8753828644152));
#10547=CARTESIAN_POINT('Ctrl Pts',(-66.25,16.6680153898774,12.8685947657322));
#10548=CARTESIAN_POINT('Ctrl Pts',(-66.25,16.7178800621081,12.8616647361971));
#10549=CARTESIAN_POINT('Ctrl Pts',(-66.25,16.7677523441055,12.854308285866));
#10550=CARTESIAN_POINT('Ctrl Pts',(-66.25,16.817595807826,12.8465180871657));
#10551=CARTESIAN_POINT('Ctrl Pts',(-66.25,16.8704565649192,12.8382563057712));
#10552=CARTESIAN_POINT('Ctrl Pts',(-66.25,16.923284600011,12.8295067764217));
#10553=CARTESIAN_POINT('Ctrl Pts',(-66.25,16.9759748410873,12.8202743563458));
#10554=CARTESIAN_POINT('Ctrl Pts',(-66.25,17.0331925527894,12.8102486297707));
#10555=CARTESIAN_POINT('Ctrl Pts',(-66.25,17.090247323423,12.7996536233253));
#10556=CARTESIAN_POINT('Ctrl Pts',(-66.25,17.1469396183385,12.7885091046067));
#10557=CARTESIAN_POINT('Ctrl Pts',(-66.25,17.2119933629548,12.7757208998661));
#10558=CARTESIAN_POINT('Ctrl Pts',(-66.25,17.2765689883755,12.7622094775096));
#10559=CARTESIAN_POINT('Ctrl Pts',(-66.25,17.3402918642748,12.748018037618));
#10560=CARTESIAN_POINT('Ctrl Pts',(-66.25,17.4203620474615,12.7301859612127));
#10561=CARTESIAN_POINT('Ctrl Pts',(-66.25,17.4990816564458,12.7112817721275));
#10562=CARTESIAN_POINT('Ctrl Pts',(-66.25,17.5756347600666,12.6913963907373));
#10563=CARTESIAN_POINT('Ctrl Pts',(-66.25,17.6378289645598,12.6752408670798));
#10564=CARTESIAN_POINT('Ctrl Pts',(-66.25,17.6985894225386,12.6584384040248));
#10565=CARTESIAN_POINT('Ctrl Pts',(-66.25,17.7574983712035,12.6410251605476));
#10566=CARTESIAN_POINT('Ctrl Pts',(-66.25,17.807456420728,12.6262577661239));
#10567=CARTESIAN_POINT('Ctrl Pts',(-66.25,17.8560821619352,12.6110511718063));
#10568=CARTESIAN_POINT('Ctrl Pts',(-66.25,17.9031589324419,12.5954137254955));
#10569=CARTESIAN_POINT('Ctrl Pts',(-66.25,17.9463573799005,12.5810645380816));
#10570=CARTESIAN_POINT('Ctrl Pts',(-66.25,17.9882511346042,12.5663526373002));
#10571=CARTESIAN_POINT('Ctrl Pts',(-66.25,18.028715038714,12.5512708986821));
#10572=CARTESIAN_POINT('Ctrl Pts',(-66.25,18.0668529251526,12.5370561152259));
#10573=CARTESIAN_POINT('Ctrl Pts',(-66.25,18.1037203175282,12.5225128505508));
#10574=CARTESIAN_POINT('Ctrl Pts',(-66.25,18.1392567369473,12.5076215929907));
#10575=CARTESIAN_POINT('Ctrl Pts',(-66.25,18.1732183025127,12.4933902655738));
#10576=CARTESIAN_POINT('Ctrl Pts',(-66.25,18.2059640123034,12.4788411547162));
#10577=CARTESIAN_POINT('Ctrl Pts',(-66.25,18.2374866623432,12.4639436925362));
#10578=CARTESIAN_POINT('Ctrl Pts',(-66.25,18.2678709134531,12.4495842325542));
#10579=CARTESIAN_POINT('Ctrl Pts',(-66.25,18.2971186540309,12.4349011692));
#10580=CARTESIAN_POINT('Ctrl Pts',(-66.25,18.3252698923721,12.4198535946849));
#10581=CARTESIAN_POINT('Ctrl Pts',(-66.25,18.3525626048558,12.4052649247359));
#10582=CARTESIAN_POINT('Ctrl Pts',(-66.25,18.3788245110521,12.3903336738018));
#10583=CARTESIAN_POINT('Ctrl Pts',(-66.25,18.4041391715224,12.3750090313566));
#10584=CARTESIAN_POINT('Ctrl Pts',(-66.25,18.4343926756305,12.3566945793925));
#10585=CARTESIAN_POINT('Ctrl Pts',(-66.25,18.4632931524982,12.3378181982397));
#10586=CARTESIAN_POINT('Ctrl Pts',(-66.25,18.4910707927763,12.3182685443466));
#10587=CARTESIAN_POINT('Ctrl Pts',(-66.25,18.511520092305,12.3038765108931));
#10588=CARTESIAN_POINT('Ctrl Pts',(-66.25,18.5313641306406,12.2891185586298));
#10589=CARTESIAN_POINT('Ctrl Pts',(-66.25,18.5506511716398,12.2739652619221));
#10590=CARTESIAN_POINT('Ctrl Pts',(-66.25,18.5713209649462,12.2577255748247));
#10591=CARTESIAN_POINT('Ctrl Pts',(-66.25,18.5913505573003,12.2410318082157));
#10592=CARTESIAN_POINT('Ctrl Pts',(-66.25,18.6107430713103,12.223868709971));
#10593=CARTESIAN_POINT('Ctrl Pts',(-66.25,18.6324217866728,12.2046822382534));
#10594=CARTESIAN_POINT('Ctrl Pts',(-66.25,18.6533035772305,12.1849091416824));
#10595=CARTESIAN_POINT('Ctrl Pts',(-66.25,18.6733341615463,12.1645547678039));
#10596=CARTESIAN_POINT('Ctrl Pts',(-66.25,18.7000147490251,12.1374428950656));
#10597=CARTESIAN_POINT('Ctrl Pts',(-66.25,18.7251823081177,12.1092984540676));
#10598=CARTESIAN_POINT('Ctrl Pts',(-66.25,18.7486320393246,12.0801930244003));
#10599=CARTESIAN_POINT('Ctrl Pts',(-66.25,18.7676302083121,12.0566128022479));
#10600=CARTESIAN_POINT('Ctrl Pts',(-66.25,18.7854970451641,12.0324035100952));
#10601=CARTESIAN_POINT('Ctrl Pts',(-66.25,18.8021375821123,12.0076245475619));
#10602=CARTESIAN_POINT('Ctrl Pts',(-66.25,18.8164694393746,11.9862833759856));
#10603=CARTESIAN_POINT('Ctrl Pts',(-66.25,18.829890764758,11.964520160605));
#10604=CARTESIAN_POINT('Ctrl Pts',(-66.25,18.842376915289,11.9423785489479));
#10605=CARTESIAN_POINT('Ctrl Pts',(-66.25,18.8540320825026,11.9217105147446));
#10606=CARTESIAN_POINT('Ctrl Pts',(-66.25,18.8648717701405,11.9007130117735));
#10607=CARTESIAN_POINT('Ctrl Pts',(-66.25,18.8749200764239,11.8794221443013));
#10608=CARTESIAN_POINT('Ctrl Pts',(-66.25,18.8854939038335,11.8570177756744));
#10609=CARTESIAN_POINT('Ctrl Pts',(-66.25,18.8951940440107,11.8342916624495));
#10610=CARTESIAN_POINT('Ctrl Pts',(-66.25,18.9041015161131,11.8112715282449));
#10611=CARTESIAN_POINT('Ctrl Pts',(-66.25,18.913513380065,11.7869478628099));
#10612=CARTESIAN_POINT('Ctrl Pts',(-66.25,18.9220412287585,11.7622953900577));
#10613=CARTESIAN_POINT('Ctrl Pts',(-66.25,18.9297688094032,11.7372821578091));
#10614=CARTESIAN_POINT('Ctrl Pts',(-66.25,18.9409972559161,11.7009370514518));
#10615=CARTESIAN_POINT('Ctrl Pts',(-66.25,18.9505364335434,11.6638279406188));
#10616=CARTESIAN_POINT('Ctrl Pts',(-66.25,18.9586064951569,11.6257349719955));
#10617=CARTESIAN_POINT('Ctrl Pts',(-66.25,18.9645030190128,11.5979017150779));
#10618=CARTESIAN_POINT('Ctrl Pts',(-66.25,18.9696140856011,11.5695389266092));
#10619=CARTESIAN_POINT('Ctrl Pts',(-66.25,18.9740217450563,11.5405723194952));
#10620=CARTESIAN_POINT('Ctrl Pts',(-66.25,18.9778456336559,11.5154421841391));
#10621=CARTESIAN_POINT('Ctrl Pts',(-66.25,18.9811398541228,11.4898566432928));
#10622=CARTESIAN_POINT('Ctrl Pts',(-66.25,18.9839613176257,11.4638024643251));
#10623=CARTESIAN_POINT('Ctrl Pts',(-66.25,18.9865660801709,11.4397493622905));
#10624=CARTESIAN_POINT('Ctrl Pts',(-66.25,18.9887677902641,11.4152963088969));
#10625=CARTESIAN_POINT('Ctrl Pts',(-66.25,18.9906166622231,11.3904747940034));
#10626=CARTESIAN_POINT('Ctrl Pts',(-66.25,18.9923642752772,11.3670127023007));
#10627=CARTESIAN_POINT('Ctrl Pts',(-66.25,18.9937965563222,11.3432210289406));
#10628=CARTESIAN_POINT('Ctrl Pts',(-66.25,18.9949624174809,11.3191716917208));
#10629=CARTESIAN_POINT('Ctrl Pts',(-66.25,18.9960784969415,11.2961492493701));
#10630=CARTESIAN_POINT('Ctrl Pts',(-66.25,18.9969503603427,11.2728903899489));
#10631=CARTESIAN_POINT('Ctrl Pts',(-66.25,18.997628088312,11.2495056712193));
#10632=CARTESIAN_POINT('Ctrl Pts',(-66.25,18.9979436859854,11.2386161061469));
#10633=CARTESIAN_POINT('Ctrl Pts',(-66.25,18.9982172952809,11.2276999631254));
#10634=CARTESIAN_POINT('Ctrl Pts',(-66.25,18.9984545949472,11.2167724098147));
#10635=CARTESIAN_POINT('Ctrl Pts',(-66.25,18.9986288219263,11.2087493281454));
#10636=CARTESIAN_POINT('Ctrl Pts',(-66.25,18.9987834944723,11.2007232192439));
#10637=CARTESIAN_POINT('Ctrl Pts',(-66.25,18.9989209724872,11.1926894768681));
#10638=CARTESIAN_POINT('Ctrl Pts',(-66.25,18.9991507302322,11.1792632244402));
#10639=CARTESIAN_POINT('Ctrl Pts',(-66.25,18.999332545381,11.1658094788299));
#10640=CARTESIAN_POINT('Ctrl Pts',(-66.25,18.9994765100154,11.1520554680981));
#10641=CARTESIAN_POINT('Ctrl Pts',(-66.25,18.9995483738068,11.1451897863758));
#10642=CARTESIAN_POINT('Ctrl Pts',(-66.25,18.9996107864718,11.1382476969441));
#10643=CARTESIAN_POINT('Ctrl Pts',(-66.25,18.9996648867538,11.1312234274279));
#10644=CARTESIAN_POINT('Ctrl Pts',(-66.25,18.9997153603816,11.1246700352478));
#10645=CARTESIAN_POINT('Ctrl Pts',(-66.25,18.9997585979706,11.1180441625198));
#10646=CARTESIAN_POINT('Ctrl Pts',(-66.25,18.9997954639994,11.1113838782537));
#10647=CARTESIAN_POINT('Ctrl Pts',(-66.25,18.9998307913792,11.1050015691322));
#10648=CARTESIAN_POINT('Ctrl Pts',(-66.25,18.9998602523787,11.0985935124013));
#10649=CARTESIAN_POINT('Ctrl Pts',(-66.25,18.9998846184699,11.0922196845558));
#10650=CARTESIAN_POINT('Ctrl Pts',(-66.25,18.9999098560578,11.0856178853623));
#10651=CARTESIAN_POINT('Ctrl Pts',(-66.25,18.9999296299555,11.0790524515954));
#10652=CARTESIAN_POINT('Ctrl Pts',(-66.25,18.9999450375487,11.0725234124918));
#10653=CARTESIAN_POINT('Ctrl Pts',(-66.25,18.999973427157,11.0604931843084));
#10654=CARTESIAN_POINT('Ctrl Pts',(-66.25,18.9999869934148,11.0485813339975));
#10655=CARTESIAN_POINT('Ctrl Pts',(-66.25,18.9999935950534,11.0365426223237));
#10656=CARTESIAN_POINT('Ctrl Pts',(-66.25,18.9999969893813,11.0303527449141));
#10657=CARTESIAN_POINT('Ctrl Pts',(-66.25,18.9999985534777,11.024127275519));
#10658=CARTESIAN_POINT('Ctrl Pts',(-66.25,18.999999304087,11.0178577515241));
#10659=CARTESIAN_POINT('Ctrl Pts',(-66.25,19.0000000133401,11.0119336589558));
#10660=CARTESIAN_POINT('Ctrl Pts',(-66.25,19.,11.0059691149352));
#10661=CARTESIAN_POINT('Ctrl Pts',(-66.25,19.,11.));
#10662=CARTESIAN_POINT('',(-66.25,-14.,13.));
#10663=CARTESIAN_POINT('',(-66.25,3.18263933725878E-15,13.));
#10664=CARTESIAN_POINT('',(-66.25,-19.,11.));
#10665=CARTESIAN_POINT('Ctrl Pts',(-66.25,-19.,11.));
#10666=CARTESIAN_POINT('Ctrl Pts',(-66.25,-19.,11.0210339890583));
#10667=CARTESIAN_POINT('Ctrl Pts',(-66.25,-18.999999864717,11.0420634429336));
#10668=CARTESIAN_POINT('Ctrl Pts',(-66.25,-18.9999647492795,11.0629583978201));
#10669=CARTESIAN_POINT('Ctrl Pts',(-66.25,-18.9999280102286,11.0848194613789));
#10670=CARTESIAN_POINT('Ctrl Pts',(-66.25,-18.9998529682964,11.1065335567847));
#10671=CARTESIAN_POINT('Ctrl Pts',(-66.25,-18.9997016137787,11.1280093593841));
#10672=CARTESIAN_POINT('Ctrl Pts',(-66.25,-18.9995412097851,11.1507691986847));
#10673=CARTESIAN_POINT('Ctrl Pts',(-66.25,-18.9992950737071,11.1732617380911));
#10674=CARTESIAN_POINT('Ctrl Pts',(-66.25,-18.9989203238943,11.1954369470531));
#10675=CARTESIAN_POINT('Ctrl Pts',(-66.25,-18.9985139291801,11.2194846914516));
#10676=CARTESIAN_POINT('Ctrl Pts',(-66.25,-18.9979562423935,11.2431597553883));
#10677=CARTESIAN_POINT('Ctrl Pts',(-66.25,-18.9971957846835,11.2664590549904));
#10678=CARTESIAN_POINT('Ctrl Pts',(-66.25,-18.9963074470817,11.2936764053588));
#10679=CARTESIAN_POINT('Ctrl Pts',(-66.25,-18.9951422731883,11.3203818309799));
#10680=CARTESIAN_POINT('Ctrl Pts',(-66.25,-18.9936239303313,11.3466408114231));
#10681=CARTESIAN_POINT('Ctrl Pts',(-66.25,-18.991483300045,11.3836619417713));
#10682=CARTESIAN_POINT('Ctrl Pts',(-66.25,-18.9886396985125,11.4198026950145));
#10683=CARTESIAN_POINT('Ctrl Pts',(-66.25,-18.9848998746155,11.455329378435));
#10684=CARTESIAN_POINT('Ctrl Pts',(-66.25,-18.9825008131431,11.4781194080689));
#10685=CARTESIAN_POINT('Ctrl Pts',(-66.25,-18.9797334346081,11.5006584105633));
#10686=CARTESIAN_POINT('Ctrl Pts',(-66.25,-18.9765519114405,11.5229914843362));
#10687=CARTESIAN_POINT('Ctrl Pts',(-66.25,-18.9735722034398,11.5439078929538));
#10688=CARTESIAN_POINT('Ctrl Pts',(-66.25,-18.9702292633856,11.5646447232538));
#10689=CARTESIAN_POINT('Ctrl Pts',(-66.25,-18.9664886397099,11.5851970747854));
#10690=CARTESIAN_POINT('Ctrl Pts',(-66.25,-18.9612202952132,11.6141432820156));
#10691=CARTESIAN_POINT('Ctrl Pts',(-66.25,-18.9551616465425,11.6427165922838));
#10692=CARTESIAN_POINT('Ctrl Pts',(-66.25,-18.948230787627,11.6707793172977));
#10693=CARTESIAN_POINT('Ctrl Pts',(-66.25,-18.9416908257012,11.6972593186022));
#10694=CARTESIAN_POINT('Ctrl Pts',(-66.25,-18.9343748065889,11.7232845832877));
#10695=CARTESIAN_POINT('Ctrl Pts',(-66.25,-18.9262338496225,11.748796574823));
#10696=CARTESIAN_POINT('Ctrl Pts',(-66.25,-18.9173270177959,11.77670865188));
#10697=CARTESIAN_POINT('Ctrl Pts',(-66.25,-18.9074330212627,11.8040068139326));
#10698=CARTESIAN_POINT('Ctrl Pts',(-66.25,-18.8965061470041,11.8306766045863));
#10699=CARTESIAN_POINT('Ctrl Pts',(-66.25,-18.8834774284304,11.8624764760431));
#10700=CARTESIAN_POINT('Ctrl Pts',(-66.25,-18.8689809648755,11.893383862206));
#10701=CARTESIAN_POINT('Ctrl Pts',(-66.25,-18.8529567043196,11.9234501970022));
#10702=CARTESIAN_POINT('Ctrl Pts',(-66.25,-18.8356767820797,11.9558725309694));
#10703=CARTESIAN_POINT('Ctrl Pts',(-66.25,-18.8166222746614,11.9873213064844));
#10704=CARTESIAN_POINT('Ctrl Pts',(-66.25,-18.7957136965289,12.0178970469767));
#10705=CARTESIAN_POINT('Ctrl Pts',(-66.25,-18.7773950246754,12.0446854279563));
#10706=CARTESIAN_POINT('Ctrl Pts',(-66.25,-18.7576540250136,12.0708065372903));
#10707=CARTESIAN_POINT('Ctrl Pts',(-66.25,-18.7364148215589,12.096302778225));
#10708=CARTESIAN_POINT('Ctrl Pts',(-66.25,-18.7146462213462,12.1224345245035));
#10709=CARTESIAN_POINT('Ctrl Pts',(-66.25,-18.691295930924,12.1479062402643));
#10710=CARTESIAN_POINT('Ctrl Pts',(-66.25,-18.6663003124451,12.172731879415));
#10711=CARTESIAN_POINT('Ctrl Pts',(-66.25,-18.6402381695894,12.1986167901876));
#10712=CARTESIAN_POINT('Ctrl Pts',(-66.25,-18.6123877573666,12.2237991768793));
#10713=CARTESIAN_POINT('Ctrl Pts',(-66.25,-18.5827404646538,12.2482859763579));
#10714=CARTESIAN_POINT('Ctrl Pts',(-66.25,-18.550667147788,12.274776519232));
#10715=CARTESIAN_POINT('Ctrl Pts',(-66.25,-18.5164912617022,12.3004527980846));
#10716=CARTESIAN_POINT('Ctrl Pts',(-66.25,-18.4802683254775,12.3253158551147));
#10717=CARTESIAN_POINT('Ctrl Pts',(-66.25,-18.4391702701037,12.3535251446169));
#10718=CARTESIAN_POINT('Ctrl Pts',(-66.25,-18.3954378181752,12.38068719832));
#10719=CARTESIAN_POINT('Ctrl Pts',(-66.25,-18.3492261026229,12.4067984116259));
#10720=CARTESIAN_POINT('Ctrl Pts',(-66.25,-18.2870528231021,12.4419284591494));
#10721=CARTESIAN_POINT('Ctrl Pts',(-66.25,-18.2203951348456,12.4751541861454));
#10722=CARTESIAN_POINT('Ctrl Pts',(-66.25,-18.1497342988701,12.5064780509299));
#10723=CARTESIAN_POINT('Ctrl Pts',(-66.25,-18.094735962467,12.5308587482296));
#10724=CARTESIAN_POINT('Ctrl Pts',(-66.25,-18.0373168026837,12.5540870817605));
#10725=CARTESIAN_POINT('Ctrl Pts',(-66.25,-17.9776905480508,12.5761835250234));
#10726=CARTESIAN_POINT('Ctrl Pts',(-66.25,-17.9271370875306,12.5949177500556));
#10727=CARTESIAN_POINT('Ctrl Pts',(-66.25,-17.8749979204526,12.6128383977633));
#10728=CARTESIAN_POINT('Ctrl Pts',(-66.25,-17.8213674685604,12.6299739441005));
#10729=CARTESIAN_POINT('Ctrl Pts',(-66.25,-17.7704189080934,12.6462525952752));
#10730=CARTESIAN_POINT('Ctrl Pts',(-66.25,-17.7181252979712,12.661822577004));
#10731=CARTESIAN_POINT('Ctrl Pts',(-66.25,-17.6645210454449,12.6767247848108));
#10732=CARTESIAN_POINT('Ctrl Pts',(-66.25,-17.6181313356802,12.689621319366));
#10733=CARTESIAN_POINT('Ctrl Pts',(-66.25,-17.5707518938928,12.7020195325688));
#10734=CARTESIAN_POINT('Ctrl Pts',(-66.25,-17.5224145039995,12.7139481083083));
#10735=CARTESIAN_POINT('Ctrl Pts',(-66.25,-17.4707287523844,12.7267029840712));
#10736=CARTESIAN_POINT('Ctrl Pts',(-66.25,-17.4179481424746,12.7389208635724));
#10737=CARTESIAN_POINT('Ctrl Pts',(-66.25,-17.3641724483103,12.750628160535));
#10738=CARTESIAN_POINT('Ctrl Pts',(-66.25,-17.3047659503447,12.7635613178657));
#10739=CARTESIAN_POINT('Ctrl Pts',(-66.25,-17.2441457195937,12.7758713080603));
#10740=CARTESIAN_POINT('Ctrl Pts',(-66.25,-17.1825103998328,12.7875842515251));
#10741=CARTESIAN_POINT('Ctrl Pts',(-66.25,-17.1088488121796,12.8015826215353));
#10742=CARTESIAN_POINT('Ctrl Pts',(-66.25,-17.0337390789881,12.814728076957));
#10743=CARTESIAN_POINT('Ctrl Pts',(-66.25,-16.9575907121901,12.8270536150673));
#10744=CARTESIAN_POINT('Ctrl Pts',(-66.25,-16.8806882882429,12.8395012064864));
#10745=CARTESIAN_POINT('Ctrl Pts',(-66.25,-16.8027313989119,12.8511119520333));
#10746=CARTESIAN_POINT('Ctrl Pts',(-66.25,-16.724151729403,12.8619155996652));
#10747=CARTESIAN_POINT('Ctrl Pts',(-66.25,-16.6606127828994,12.8706513501871));
#10748=CARTESIAN_POINT('Ctrl Pts',(-66.25,-16.5966679090017,12.8788591856559));
#10749=CARTESIAN_POINT('Ctrl Pts',(-66.25,-16.5325168698353,12.8865570134178));
#10750=CARTESIAN_POINT('Ctrl Pts',(-66.25,-16.4741883904394,12.8935561609583));
#10751=CARTESIAN_POINT('Ctrl Pts',(-66.25,-16.4156900748324,12.9001335874527));
#10752=CARTESIAN_POINT('Ctrl Pts',(-66.25,-16.3571346801522,12.9063065827235));
#10753=CARTESIAN_POINT('Ctrl Pts',(-66.25,-16.3021678072527,12.9121012707845));
#10754=CARTESIAN_POINT('Ctrl Pts',(-66.25,-16.247151035765,12.9175395209022));
#10755=CARTESIAN_POINT('Ctrl Pts',(-66.25,-16.1921361941192,12.9226401949916));
#10756=CARTESIAN_POINT('Ctrl Pts',(-66.25,-16.1386949296136,12.9275949756474));
#10757=CARTESIAN_POINT('Ctrl Pts',(-66.25,-16.0852559536308,12.9322311529392));
#10758=CARTESIAN_POINT('Ctrl Pts',(-66.25,-16.0318199401483,12.936571348528));
#10759=CARTESIAN_POINT('Ctrl Pts',(-66.25,-15.9879047067557,12.9401382445186));
#10760=CARTESIAN_POINT('Ctrl Pts',(-66.25,-15.9439854005652,12.9435056436601));
#10761=CARTESIAN_POINT('Ctrl Pts',(-66.25,-15.9000563451497,12.9466880047316));
#10762=CARTESIAN_POINT('Ctrl Pts',(-66.25,-15.8558215652082,12.9498925134642));
#10763=CARTESIAN_POINT('Ctrl Pts',(-66.25,-15.8115775612556,12.952909399441));
#10764=CARTESIAN_POINT('Ctrl Pts',(-66.25,-15.7673800297997,12.9557508354078));
#10765=CARTESIAN_POINT('Ctrl Pts',(-66.25,-15.7147864886923,12.9591320464031));
#10766=CARTESIAN_POINT('Ctrl Pts',(-66.25,-15.6622596735352,12.9622648170374));
#10767=CARTESIAN_POINT('Ctrl Pts',(-66.25,-15.6099669936257,12.9651660703174));
#10768=CARTESIAN_POINT('Ctrl Pts',(-66.25,-15.5368416654844,12.9692231409912));
#10769=CARTESIAN_POINT('Ctrl Pts',(-66.25,-15.4641834331818,12.9728273710704));
#10770=CARTESIAN_POINT('Ctrl Pts',(-66.25,-15.3925175710384,12.9760187067305));
#10771=CARTESIAN_POINT('Ctrl Pts',(-66.25,-15.3473294930187,12.9780309664102));
#10772=CARTESIAN_POINT('Ctrl Pts',(-66.25,-15.3025370338784,12.9798789372364));
#10773=CARTESIAN_POINT('Ctrl Pts',(-66.25,-15.2582393057935,12.9815727385765));
#10774=CARTESIAN_POINT('Ctrl Pts',(-66.25,-15.2184171750793,12.9830954076001));
#10775=CARTESIAN_POINT('Ctrl Pts',(-66.25,-15.17899545488,12.9844934566293));
#10776=CARTESIAN_POINT('Ctrl Pts',(-66.25,-15.1400054482651,12.9857750672474));
#10777=CARTESIAN_POINT('Ctrl Pts',(-66.25,-15.1035736638854,12.9869725885034));
#10778=CARTESIAN_POINT('Ctrl Pts',(-66.25,-15.0675191948236,12.9880684320194));
#10779=CARTESIAN_POINT('Ctrl Pts',(-66.25,-15.0318233046933,12.9890703523548));
#10780=CARTESIAN_POINT('Ctrl Pts',(-66.25,-14.9966290514688,12.9900581926319));
#10781=CARTESIAN_POINT('Ctrl Pts',(-66.25,-14.9617840279266,12.9909547083149));
#10782=CARTESIAN_POINT('Ctrl Pts',(-66.25,-14.9272176243327,12.9917687209361));
#10783=CARTESIAN_POINT('Ctrl Pts',(-66.25,-14.897380346442,12.9924713662292));
#10784=CARTESIAN_POINT('Ctrl Pts',(-66.25,-14.8677435656465,12.9931126574922));
#10785=CARTESIAN_POINT('Ctrl Pts',(-66.25,-14.8382528202432,12.9936988496801));
#10786=CARTESIAN_POINT('Ctrl Pts',(-66.25,-14.8076249566886,12.9943076445445));
#10787=CARTESIAN_POINT('Ctrl Pts',(-66.25,-14.7771550194298,12.9948570103261));
#10788=CARTESIAN_POINT('Ctrl Pts',(-66.25,-14.7468430407348,12.995353394884));
#10789=CARTESIAN_POINT('Ctrl Pts',(-66.25,-14.7132489066934,12.9959035275408));
#10790=CARTESIAN_POINT('Ctrl Pts',(-66.25,-14.6798494795525,12.9963885829533));
#10791=CARTESIAN_POINT('Ctrl Pts',(-66.25,-14.6467091796634,12.9968166795371));
#10792=CARTESIAN_POINT('Ctrl Pts',(-66.25,-14.6021388063766,12.9973924264256));
#10793=CARTESIAN_POINT('Ctrl Pts',(-66.25,-14.5580387316818,12.9978651648621));
#10794=CARTESIAN_POINT('Ctrl Pts',(-66.25,-14.5146659168862,12.9982533115724));
#10795=CARTESIAN_POINT('Ctrl Pts',(-66.25,-14.4757822957392,12.9986012841377));
#10796=CARTESIAN_POINT('Ctrl Pts',(-66.25,-14.4374892160733,12.9988812181869));
#10797=CARTESIAN_POINT('Ctrl Pts',(-66.25,-14.3999691804332,12.999105902875));
#10798=CARTESIAN_POINT('Ctrl Pts',(-66.25,-14.3694865276462,12.9992884449546));
#10799=CARTESIAN_POINT('Ctrl Pts',(-66.25,-14.3395151938084,12.9994345032757));
#10800=CARTESIAN_POINT('Ctrl Pts',(-66.25,-14.3101151420815,12.9995509698403));
#10801=CARTESIAN_POINT('Ctrl Pts',(-66.25,-14.2824725916487,12.9996604741676));
#10802=CARTESIAN_POINT('Ctrl Pts',(-66.25,-14.2553359975917,12.9997438106787));
#10803=CARTESIAN_POINT('Ctrl Pts',(-66.25,-14.2287046448228,12.9998068928841));
#10804=CARTESIAN_POINT('Ctrl Pts',(-66.25,-14.2051028852835,12.9998627988327));
#10805=CARTESIAN_POINT('Ctrl Pts',(-66.25,-14.1818978684614,12.9999027949609));
#10806=CARTESIAN_POINT('Ctrl Pts',(-66.25,-14.1590439542541,12.999931205286));
#10807=CARTESIAN_POINT('Ctrl Pts',(-66.25,-14.1370123550576,12.9999585933688));
#10808=CARTESIAN_POINT('Ctrl Pts',(-66.25,-14.1153073966134,12.9999752114254));
#10809=CARTESIAN_POINT('Ctrl Pts',(-66.25,-14.0938409498089,12.9999851739325));
#10810=CARTESIAN_POINT('Ctrl Pts',(-66.25,-14.0733139481807,12.9999947004462));
#10811=CARTESIAN_POINT('Ctrl Pts',(-66.25,-14.053005197934,12.9999981395408));
#10812=CARTESIAN_POINT('Ctrl Pts',(-66.25,-14.0327901820745,12.9999993449166));
#10813=CARTESIAN_POINT('Ctrl Pts',(-66.25,-14.0218422230706,12.9999999977187));
#10814=CARTESIAN_POINT('Ctrl Pts',(-66.25,-14.0109209101776,13.));
#10815=CARTESIAN_POINT('Ctrl Pts',(-66.25,-14.,13.));
#10816=CARTESIAN_POINT('',(-66.25,-19.,9.));
#10817=CARTESIAN_POINT('',(-66.25,-19.,10.25));
#10818=CARTESIAN_POINT('',(-66.25,-38.7,9.));
#10819=CARTESIAN_POINT('',(-66.25,19.5,9.));
#10820=CARTESIAN_POINT('',(-66.25,-38.7,14.));
#10821=CARTESIAN_POINT('',(-66.25,-38.7,10.2499999999999));
#10822=CARTESIAN_POINT('',(-66.25,-19.5,14.));
#10823=CARTESIAN_POINT('Origin',(57.75,39.,9.));
#10824=CARTESIAN_POINT('',(62.25,-3.64722184620432,9.));
#10825=CARTESIAN_POINT('',(62.25,-7.68935908338551,9.));
#10826=CARTESIAN_POINT('',(58.4852733492851,-30.3155500815588,9.));
#10827=CARTESIAN_POINT('',(61.6221401994374,-8.09481467317575,9.));
#10828=CARTESIAN_POINT('Origin',(56.2500000000001,-30.,9.));
#10829=CARTESIAN_POINT('',(50.25,-38.7,9.));
#10830=CARTESIAN_POINT('',(50.25,19.5,9.));
#10831=CARTESIAN_POINT('',(37.4444303807511,-38.7,9.0000000000003));
#10832=CARTESIAN_POINT('',(57.75,-38.7,9.));
#10833=CARTESIAN_POINT('',(36.5444303807512,-39.5999999999999,9.));
#10834=CARTESIAN_POINT('',(61.9458227855634,-14.1986075951878,9.));
#10835=CARTESIAN_POINT('',(33.9268960571952,-39.5999999999999,9.));
#10836=CARTESIAN_POINT('',(46.4928316094866,-39.5999999999999,9.));
#10837=CARTESIAN_POINT('',(33.0268960571953,-38.7,9.0000000000003));
#10838=CARTESIAN_POINT('',(19.7826720428964,-25.4557759857012,9.));
#10839=CARTESIAN_POINT('',(-56.5555696192489,-38.7,9.0000000000003));
#10840=CARTESIAN_POINT('',(57.75,-38.7,9.));
#10841=CARTESIAN_POINT('',(-57.4555696192487,-39.5999999999999,9.));
#10842=CARTESIAN_POINT('',(-8.55417721443662,9.30139240481223,9.));
#10843=CARTESIAN_POINT('',(-60.0731039428049,-39.5999999999999,9.));
#10844=CARTESIAN_POINT('',(-0.507168390513405,-39.5999999999999,9.));
#10845=CARTESIAN_POINT('',(-60.9731039428047,-38.7,9.0000000000003));
#10846=CARTESIAN_POINT('',(-50.7173279571036,-48.9557759857012,9.));
#10847=CARTESIAN_POINT('',(57.75,-38.7,9.));
#10848=CARTESIAN_POINT('',(-70.25,-15.,9.));
#10849=CARTESIAN_POINT('Origin',(-70.25,-19.,9.));
#10850=CARTESIAN_POINT('',(-77.25,-15.,9.));
#10851=CARTESIAN_POINT('',(-66.25,-15.,9.));
#10852=CARTESIAN_POINT('',(-81.25,-11.,9.));
#10853=CARTESIAN_POINT('Origin',(-77.25,-11.,9.));
#10854=CARTESIAN_POINT('',(-81.25,11.,9.));
#10855=CARTESIAN_POINT('',(-81.25,-15.,9.));
#10856=CARTESIAN_POINT('',(-77.25,15.,9.));
#10857=CARTESIAN_POINT('Origin',(-77.25,11.,9.));
#10858=CARTESIAN_POINT('',(-70.25,15.,9.));
#10859=CARTESIAN_POINT('',(-81.25,15.,9.));
#10860=CARTESIAN_POINT('Origin',(-70.25,19.,9.));
#10861=CARTESIAN_POINT('',(33.9268960571952,39.5999999999999,9.));
#10862=CARTESIAN_POINT('',(19.7826720428964,25.4557759857012,9.));
#10863=CARTESIAN_POINT('',(36.5444303807512,39.5999999999999,9.));
#10864=CARTESIAN_POINT('',(46.4928316094866,39.5999999999999,9.));
#10865=CARTESIAN_POINT('',(61.9458227855634,14.1986075951878,9.));
#10866=CARTESIAN_POINT('',(50.25,19.5,9.));
#10867=CARTESIAN_POINT('',(-49.3499999999997,23.4999999999998,9.));
#10868=CARTESIAN_POINT('Origin',(-46.2499999999997,23.4999999999998,9.));
#10869=CARTESIAN_POINT('',(-49.3499999999997,-30.5000000000002,9.));
#10870=CARTESIAN_POINT('Origin',(-46.2499999999997,-30.5000000000002,9.));
#10871=CARTESIAN_POINT('',(-31.3499999999997,-30.5000000000002,9.));
#10872=CARTESIAN_POINT('Origin',(-28.2499999999997,-30.5000000000002,9.));
#10873=CARTESIAN_POINT('',(-13.3499999999997,-30.5000000000002,9.));
#10874=CARTESIAN_POINT('Origin',(-10.2499999999997,-30.5000000000002,9.));
#10875=CARTESIAN_POINT('',(4.65000000000034,-30.5000000000002,9.));
#10876=CARTESIAN_POINT('Origin',(7.75000000000034,-30.5000000000002,9.));
#10877=CARTESIAN_POINT('',(22.6500000000003,-30.5000000000002,9.));
#10878=CARTESIAN_POINT('Origin',(25.7500000000003,-30.5000000000002,9.));
#10879=CARTESIAN_POINT('',(40.6500000000003,-30.5000000000002,9.));
#10880=CARTESIAN_POINT('Origin',(43.7500000000003,-30.5000000000002,9.));
#10881=CARTESIAN_POINT('',(-49.3499999999997,-12.5000000000002,9.));
#10882=CARTESIAN_POINT('Origin',(-46.2499999999997,-12.5000000000002,9.));
#10883=CARTESIAN_POINT('',(-31.3499999999997,-12.5000000000002,9.));
#10884=CARTESIAN_POINT('Origin',(-28.2499999999997,-12.5000000000002,9.));
#10885=CARTESIAN_POINT('',(-13.3499999999997,-12.5000000000002,9.));
#10886=CARTESIAN_POINT('Origin',(-10.2499999999997,-12.5000000000002,9.));
#10887=CARTESIAN_POINT('',(4.65000000000034,-12.5000000000002,9.));
#10888=CARTESIAN_POINT('Origin',(7.75000000000034,-12.5000000000002,9.));
#10889=CARTESIAN_POINT('',(22.6500000000003,-12.5000000000002,9.));
#10890=CARTESIAN_POINT('Origin',(25.7500000000003,-12.5000000000002,9.));
#10891=CARTESIAN_POINT('',(40.6500000000003,-12.5000000000002,9.));
#10892=CARTESIAN_POINT('Origin',(43.7500000000003,-12.5000000000002,9.));
#10893=CARTESIAN_POINT('',(-49.3499999999997,5.49999999999978,9.));
#10894=CARTESIAN_POINT('Origin',(-46.2499999999997,5.49999999999978,9.));
#10895=CARTESIAN_POINT('',(-31.3499999999997,5.49999999999978,9.));
#10896=CARTESIAN_POINT('Origin',(-28.2499999999997,5.49999999999978,9.));
#10897=CARTESIAN_POINT('',(-13.3499999999997,5.49999999999978,9.));
#10898=CARTESIAN_POINT('Origin',(-10.2499999999997,5.49999999999978,9.));
#10899=CARTESIAN_POINT('',(4.65000000000034,5.49999999999978,9.));
#10900=CARTESIAN_POINT('Origin',(7.75000000000034,5.49999999999978,9.));
#10901=CARTESIAN_POINT('',(22.6500000000003,5.49999999999978,9.));
#10902=CARTESIAN_POINT('Origin',(25.7500000000003,5.49999999999978,9.));
#10903=CARTESIAN_POINT('',(40.6500000000003,5.49999999999978,9.));
#10904=CARTESIAN_POINT('Origin',(43.7500000000003,5.49999999999978,9.));
#10905=CARTESIAN_POINT('',(-31.3499999999997,23.4999999999998,9.));
#10906=CARTESIAN_POINT('Origin',(-28.2499999999997,23.4999999999998,9.));
#10907=CARTESIAN_POINT('',(-13.3499999999997,23.4999999999998,9.));
#10908=CARTESIAN_POINT('Origin',(-10.2499999999997,23.4999999999998,9.));
#10909=CARTESIAN_POINT('',(4.65000000000034,23.4999999999998,9.));
#10910=CARTESIAN_POINT('Origin',(7.75000000000034,23.4999999999998,9.));
#10911=CARTESIAN_POINT('',(40.6500000000003,23.4999999999998,9.));
#10912=CARTESIAN_POINT('Origin',(43.7500000000003,23.4999999999998,9.));
#10913=CARTESIAN_POINT('',(22.6500000000003,23.4999999999998,9.));
#10914=CARTESIAN_POINT('Origin',(25.7500000000003,23.4999999999998,9.));
#10915=CARTESIAN_POINT('',(55.5000000000045,-30.1058763400211,9.));
#10916=CARTESIAN_POINT('',(54.4881331498568,-22.938079101649,9.));
#10917=CARTESIAN_POINT('',(56.9999999999956,-30.1058763400215,9.));
#10918=CARTESIAN_POINT('Origin',(56.2500000000001,-30.,9.));
#10919=CARTESIAN_POINT('',(60.1368668501479,-7.88514093163839,9.));
#10920=CARTESIAN_POINT('Origin',(46.4928316094866,39.5999999999999,10.));
#10921=CARTESIAN_POINT('',(35.5444303807513,40.5999999999999,10.));
#10922=CARTESIAN_POINT('Origin',(36.5444303807512,39.5999999999999,10.));
#10923=CARTESIAN_POINT('',(34.9268960571952,40.5999999999999,10.));
#10924=CARTESIAN_POINT('Origin',(33.9268960571952,39.5999999999999,10.));
#10925=CARTESIAN_POINT('',(46.4928316094866,40.5999999999999,10.));
#10926=CARTESIAN_POINT('Origin',(35.2356632189732,40.5999999999999,11.3000000000003));
#10927=CARTESIAN_POINT('',(34.9268960571952,40.5999999999999,11.3912328382224));
#10928=CARTESIAN_POINT('',(34.9268960571952,40.5999999999999,11.3456164191113));
#10929=CARTESIAN_POINT('',(35.5444303807513,40.5999999999999,11.3912328382224));
#10930=CARTESIAN_POINT('Origin',(35.2356632189732,40.5999999999999,11.3912328382224));
#10931=CARTESIAN_POINT('',(35.5444303807513,40.5999999999999,10.1500000000003));
#10932=CARTESIAN_POINT('Origin',(33.0268960571953,38.7,11.3912328382224));
#10933=CARTESIAN_POINT('',(33.0268960571953,38.7,11.3912328382224));
#10934=CARTESIAN_POINT('Origin',(35.2356632189732,38.7,11.3912328382224));
#10935=CARTESIAN_POINT('',(37.4444303807512,38.7,11.3912328382224));
#10936=CARTESIAN_POINT('Origin',(37.4444303807512,38.7,9.0000000000003));
#10937=CARTESIAN_POINT('Origin',(46.4928316094866,-39.5999999999999,10.));
#10938=CARTESIAN_POINT('',(35.5444303807513,-40.5999999999999,10.));
#10939=CARTESIAN_POINT('Origin',(36.5444303807512,-39.5999999999999,10.));
#10940=CARTESIAN_POINT('',(34.9268960571952,-40.5999999999999,10.));
#10941=CARTESIAN_POINT('',(46.4928316094866,-40.5999999999999,10.));
#10942=CARTESIAN_POINT('Origin',(33.9268960571952,-39.5999999999999,10.));
#10943=CARTESIAN_POINT('Origin',(37.4444303807512,-38.7,9.0000000000003));
#10944=CARTESIAN_POINT('',(37.4444303807512,-38.7,11.3912328382224));
#10945=CARTESIAN_POINT('',(37.4444303807511,-38.7,9.00000000000017));
#10946=CARTESIAN_POINT('',(35.5444303807513,-40.5999999999999,11.3912328382224));
#10947=CARTESIAN_POINT('',(37.4444303807512,-38.7,11.3912328382224));
#10948=CARTESIAN_POINT('',(35.5444303807513,-40.5999999999999,10.1500000000003));
#10949=CARTESIAN_POINT('Origin',(33.0268960571953,-38.7,11.3912328382224));
#10950=CARTESIAN_POINT('',(34.9268960571952,-40.5999999999999,11.3912328382224));
#10951=CARTESIAN_POINT('',(34.9268960571952,-40.5999999999999,11.3456164191113));
#10952=CARTESIAN_POINT('',(33.0268960571953,-38.7,11.3912328382224));
#10953=CARTESIAN_POINT('',(33.0268960571953,-38.7,11.3912328382224));
#10954=CARTESIAN_POINT('',(33.0268960571953,-38.7,10.1956164191112));
#10955=CARTESIAN_POINT('Origin',(35.2356632189732,-40.5999999999999,11.3000000000003));
#10956=CARTESIAN_POINT('Origin',(35.2356632189732,-40.5999999999999,11.3912328382224));
#10957=CARTESIAN_POINT('Origin',(-0.507168390513405,-39.5999999999999,10.));
#10958=CARTESIAN_POINT('',(-59.0731039428049,-40.5999999999999,10.));
#10959=CARTESIAN_POINT('Origin',(-60.0731039428049,-39.5999999999999,10.));
#10960=CARTESIAN_POINT('',(-58.4555696192487,-40.5999999999999,10.));
#10961=CARTESIAN_POINT('Origin',(-57.4555696192487,-39.5999999999999,10.));
#10962=CARTESIAN_POINT('',(-0.507168390513406,-40.5999999999999,10.));
#10963=CARTESIAN_POINT('Origin',(-60.9731039428047,-38.7,11.3912328382224));
#10964=CARTESIAN_POINT('',(-59.0731039428049,-40.5999999999999,11.3912328382224));
#10965=CARTESIAN_POINT('',(-59.0731039428049,-40.5999999999999,11.3456164191113));
#10966=CARTESIAN_POINT('',(-60.9731039428047,-38.7,11.3912328382224));
#10967=CARTESIAN_POINT('',(-60.9731039428047,-38.7,11.3912328382224));
#10968=CARTESIAN_POINT('',(-60.9731039428047,-38.7,10.1956164191113));
#10969=CARTESIAN_POINT('Origin',(-58.7643367810268,-38.7,11.3912328382224));
#10970=CARTESIAN_POINT('',(-58.4555696192487,-40.5999999999999,11.3912328382224));
#10971=CARTESIAN_POINT('Origin',(-58.7643367810268,-40.5999999999999,11.3912328382224));
#10972=CARTESIAN_POINT('',(-56.5555696192489,-38.7,11.3912328382224));
#10973=CARTESIAN_POINT('',(-56.5555696192489,-38.7,11.3912328382224));
#10974=CARTESIAN_POINT('Origin',(-58.7643367810268,-38.7,11.3912328382224));
#10975=CARTESIAN_POINT('Origin',(-56.5555696192488,-38.7,9.0000000000003));
#10976=CARTESIAN_POINT('',(-56.5555696192489,-38.7,9.00000000000026));
#10977=CARTESIAN_POINT('',(-58.4555696192487,-40.5999999999999,10.1500000000003));
#10978=CARTESIAN_POINT('Origin',(-58.7643367810268,-40.5999999999999,11.3000000000003));
#10979=CARTESIAN_POINT('Origin',(35.2356632189732,-38.7,11.3912328382224));
#10980=CARTESIAN_POINT('Origin',(35.2356632189732,-38.7,11.3912328382224));
#10981=CARTESIAN_POINT('Ctrl Pts',(-67.25,14.,12.));
#10982=CARTESIAN_POINT('Ctrl Pts',(-67.2857142857143,14.0186999562714,12.));
#10983=CARTESIAN_POINT('Ctrl Pts',(-67.3571428571429,14.0561001602126,11.9989509142861));
#10984=CARTESIAN_POINT('Ctrl Pts',(-67.5,14.1306643692091,11.9926614649587));
#10985=CARTESIAN_POINT('Ctrl Pts',(-67.6785714285714,14.222990170256,11.9769791663085));
#10986=CARTESIAN_POINT('Ctrl Pts',(-67.8928571428571,14.3309723052395,11.9458645891912));
#10987=CARTESIAN_POINT('Ctrl Pts',(-68.1785714285714,14.4694102535361,11.888539975291));
#10988=CARTESIAN_POINT('Ctrl Pts',(-68.5,14.6128117849253,11.7984336742913));
#10989=CARTESIAN_POINT('Ctrl Pts',(-68.7857142857143,14.7218934995421,11.6952799495744));
#10990=CARTESIAN_POINT('Ctrl Pts',(-69.0714285714286,14.8184576179835,11.5809420800927));
#10991=CARTESIAN_POINT('Ctrl Pts',(-69.3214285714286,14.888533750975,11.4694065275241));
#10992=CARTESIAN_POINT('Ctrl Pts',(-69.6071428571428,14.9458607285855,11.3309693046646));
#10993=CARTESIAN_POINT('Ctrl Pts',(-69.8214285714286,14.9769769065446,11.222988652676));
#10994=CARTESIAN_POINT('Ctrl Pts',(-69.9821428571429,14.9910923385576,11.1398964344225));
#10995=CARTESIAN_POINT('Ctrl Pts',(-70.125,14.9984247018847,11.0654496563658));
#10996=CARTESIAN_POINT('Ctrl Pts',(-70.1964285714286,15.,11.0280499344071));
#10997=CARTESIAN_POINT('Ctrl Pts',(-70.25,15.,11.));
#10998=CARTESIAN_POINT('Ctrl Pts',(-67.2126000874573,14.,12.));
#10999=CARTESIAN_POINT('Ctrl Pts',(-67.2469914209881,14.0186473396275,11.9986764912797));
#11000=CARTESIAN_POINT('Ctrl Pts',(-67.3157662836297,14.0560405916494,12.0010526260723));
#11001=CARTESIAN_POINT('Ctrl Pts',(-67.4533164415463,14.1310905751041,11.991960016708));
#11002=CARTESIAN_POINT('Ctrl Pts',(-67.6252251531394,14.2246528558434,11.977135175334));
#11003=CARTESIAN_POINT('Ctrl Pts',(-67.8315077576595,14.3340045436632,11.9451520380716));
#11004=CARTESIAN_POINT('Ctrl Pts',(-68.1065233328948,14.4739589110688,11.8868702824254));
#11005=CARTESIAN_POINT('Ctrl Pts',(-68.4158924263665,14.6172829462202,11.7954764740863));
#11006=CARTESIAN_POINT('Ctrl Pts',(-68.6908809389037,14.7247515477274,11.6929998047977));
#11007=CARTESIAN_POINT('Ctrl Pts',(-68.9658703643538,14.8195513612166,11.5802568980177));
#11008=CARTESIAN_POINT('Ctrl Pts',(-69.2064888127878,14.8883879563399,11.4711755708648));
#11009=CARTESIAN_POINT('Ctrl Pts',(-69.4815073635375,14.9455385301387,11.3350255937773));
#11010=CARTESIAN_POINT('Ctrl Pts',(-69.6877824579642,14.9773448917435,11.2277544577612));
#11011=CARTESIAN_POINT('Ctrl Pts',(-69.8424978933574,14.9927400213475,11.1439753928988));
#11012=CARTESIAN_POINT('Ctrl Pts',(-69.9800443655401,14.9989819102188,11.0679439381372));
#11013=CARTESIAN_POINT('Ctrl Pts',(-70.0488147517891,15.002011891938,11.0292465196453));
#11014=CARTESIAN_POINT('Ctrl Pts',(-70.1004003498291,15.,11.));
#11015=CARTESIAN_POINT('Ctrl Pts',(-67.1377881920186,14.,12.0041862420983));
#11016=CARTESIAN_POINT('Ctrl Pts',(-67.1693427812414,14.0187735938151,12.0004610269512));
#11017=CARTESIAN_POINT('Ctrl Pts',(-67.232488726041,14.0569016230802,11.9972267857873));
#11018=CARTESIAN_POINT('Ctrl Pts',(-67.3588920848167,14.1334471860434,11.9970172440645));
#11019=CARTESIAN_POINT('Ctrl Pts',(-67.5171146362801,14.2301339585814,11.9791911048542));
#11020=CARTESIAN_POINT('Ctrl Pts',(-67.7072466418187,14.3444701897378,11.9467052071084));
#11021=CARTESIAN_POINT('Ctrl Pts',(-67.961055701513,14.4899244504735,11.8860464892207));
#11022=CARTESIAN_POINT('Ctrl Pts',(-68.2469601995937,14.636051913357,11.7936228610845));
#11023=CARTESIAN_POINT('Ctrl Pts',(-68.5012254750867,14.7434858624861,11.6924371710171));
#11024=CARTESIAN_POINT('Ctrl Pts',(-68.7554568360347,14.8371576859664,11.5827868661576));
#11025=CARTESIAN_POINT('Ctrl Pts',(-68.9778347319894,14.9037702684461,11.4780262613504));
#11026=CARTESIAN_POINT('Ctrl Pts',(-69.2316492896108,14.9601293259403,11.3453825952764));
#11027=CARTESIAN_POINT('Ctrl Pts',(-69.4217969488858,14.9914987441417,11.2387305424661));
#11028=CARTESIAN_POINT('Ctrl Pts',(-69.5642086844007,15.006352759405,11.1528104954853));
#11029=CARTESIAN_POINT('Ctrl Pts',(-69.6906471808896,15.0180326198017,11.0728279927759));
#11030=CARTESIAN_POINT('Ctrl Pts',(-69.7538169775219,15.022291255392,11.0317264979251));
#11031=CARTESIAN_POINT('Ctrl Pts',(-69.8011527680743,15.0167449683932,11.));
#11032=CARTESIAN_POINT('Ctrl Pts',(-66.9901118667191,14.,12.029329229592));
#11033=CARTESIAN_POINT('Ctrl Pts',(-67.0157502055568,14.0198924652986,12.022142704792));
#11034=CARTESIAN_POINT('Ctrl Pts',(-67.0671815885111,14.0608052928876,12.008219710472));
#11035=CARTESIAN_POINT('Ctrl Pts',(-67.1706540781097,14.1454993929038,11.9982485074116));
#11036=CARTESIAN_POINT('Ctrl Pts',(-67.3010190859173,14.2543266417547,11.9891779779843));
#11037=CARTESIAN_POINT('Ctrl Pts',(-67.4588671370739,14.3862309636946,11.9590811981772));
#11038=CARTESIAN_POINT('Ctrl Pts',(-67.6708299403507,14.5542886185885,11.9010561587052));
#11039=CARTESIAN_POINT('Ctrl Pts',(-67.9112292327298,14.7194879595472,11.809065928306));
#11040=CARTESIAN_POINT('Ctrl Pts',(-68.1256808707647,14.8414278743672,11.7102966177325));
#11041=CARTESIAN_POINT('Ctrl Pts',(-68.3400290156657,14.9452758230994,11.6045179597612));
#11042=CARTESIAN_POINT('Ctrl Pts',(-68.527274705307,15.01457840341,11.5052141750654));
#11043=CARTESIAN_POINT('Ctrl Pts',(-68.7397800527727,15.0752809023034,11.3732613524638));
#11044=CARTESIAN_POINT('Ctrl Pts',(-68.8981405414848,15.1099340463773,11.2632778380613));
#11045=CARTESIAN_POINT('Ctrl Pts',(-69.0159430289333,15.13038773053,11.171222332452));
#11046=CARTESIAN_POINT('Ctrl Pts',(-69.1200254719999,15.1363835269864,11.0831738544558));
#11047=CARTESIAN_POINT('Ctrl Pts',(-69.1717888092207,15.1281911786434,11.0370113406502));
#11048=CARTESIAN_POINT('Ctrl Pts',(-69.2104474668763,15.117316918368,11.));
#11049=CARTESIAN_POINT('Ctrl Pts',(-66.7412886028568,14.,12.1161174828487));
#11050=CARTESIAN_POINT('Ctrl Pts',(-66.7559979090712,14.0239682782209,12.1059721003356));
#11051=CARTESIAN_POINT('Ctrl Pts',(-66.7859664348313,14.0731093438614,12.0866744517533));
#11052=CARTESIAN_POINT('Ctrl Pts',(-66.8479063514784,14.1786542592495,12.0567279868054));
#11053=CARTESIAN_POINT('Ctrl Pts',(-66.9288672384244,14.323270438219,12.0370083235453));
#11054=CARTESIAN_POINT('Ctrl Pts',(-67.0307486413697,14.50710673292,12.0111666717233));
#11055=CARTESIAN_POINT('Ctrl Pts',(-67.1717755249014,14.7436587449329,11.9618929294059));
#11056=CARTESIAN_POINT('Ctrl Pts',(-67.3371943016308,14.9747772318254,11.879319829691));
#11057=CARTESIAN_POINT('Ctrl Pts',(-67.4871878886463,15.1566654051754,11.7835165733231));
#11058=CARTESIAN_POINT('Ctrl Pts',(-67.637135071141,15.3073287652678,11.6804898983982));
#11059=CARTESIAN_POINT('Ctrl Pts',(-67.7676565957086,15.3981839667941,11.5836821264445));
#11060=CARTESIAN_POINT('Ctrl Pts',(-67.912394344346,15.4730252687713,11.4413016689019));
#11061=CARTESIAN_POINT('Ctrl Pts',(-68.0178729105901,15.5080194519417,11.3179239798496));
#11062=CARTESIAN_POINT('Ctrl Pts',(-68.0940259166738,15.513792368978,11.2114442535951));
#11063=CARTESIAN_POINT('Ctrl Pts',(-68.1596909173222,15.4969823887718,11.1044240566292));
#11064=CARTESIAN_POINT('Ctrl Pts',(-68.1916936347173,15.4800275495671,11.0470539858539));
#11065=CARTESIAN_POINT('Ctrl Pts',(-68.2151544114273,15.464469931395,11.));
#11066=CARTESIAN_POINT('Ctrl Pts',(-66.4715097529913,14.,12.331268529058));
#11067=CARTESIAN_POINT('Ctrl Pts',(-66.4748846871352,14.033849927534,12.3252893134691));
#11068=CARTESIAN_POINT('Ctrl Pts',(-66.4823928571437,14.1020005150218,12.3138404372107));
#11069=CARTESIAN_POINT('Ctrl Pts',(-66.5002956780219,14.2490060472867,12.2950761223218));
#11070=CARTESIAN_POINT('Ctrl Pts',(-66.5276899731076,14.4602616294262,12.2764816541201));
#11071=CARTESIAN_POINT('Ctrl Pts',(-66.5674971538003,14.747827151232,12.2532016228166));
#11072=CARTESIAN_POINT('Ctrl Pts',(-66.6282795123996,15.1277987936712,12.2132591206582));
#11073=CARTESIAN_POINT('Ctrl Pts',(-66.7071183753676,15.5111141389937,12.1383646887936));
#11074=CARTESIAN_POINT('Ctrl Pts',(-66.7827472601051,15.8374525164857,12.0300709056045));
#11075=CARTESIAN_POINT('Ctrl Pts',(-66.8592687720385,16.1047942876579,11.9077077579779));
#11076=CARTESIAN_POINT('Ctrl Pts',(-66.9263840640903,16.2536306520542,11.788342212364));
#11077=CARTESIAN_POINT('Ctrl Pts',(-66.9987350504749,16.3575288584615,11.5951171829015));
#11078=CARTESIAN_POINT('Ctrl Pts',(-67.0496965377157,16.3869058646814,11.4269097208205));
#11079=CARTESIAN_POINT('Ctrl Pts',(-67.0845857261366,16.3771206052968,11.2826118593986));
#11080=CARTESIAN_POINT('Ctrl Pts',(-67.1132750538378,16.3546703429335,11.1372040325722));
#11081=CARTESIAN_POINT('Ctrl Pts',(-67.126642139015,16.3381491895501,11.0617064526637));
#11082=CARTESIAN_POINT('Ctrl Pts',(-67.1360390119651,16.3250741162321,11.));
#11083=CARTESIAN_POINT('Ctrl Pts',(-66.2881790581215,14.,12.6634924139969));
#11084=CARTESIAN_POINT('Ctrl Pts',(-66.2877852689371,14.0487605239801,12.6634977416336));
#11085=CARTESIAN_POINT('Ctrl Pts',(-66.2872594377824,14.1461229714361,12.6635034691277));
#11086=CARTESIAN_POINT('Ctrl Pts',(-66.2871842285949,14.3555665700734,12.6622675705571));
#11087=CARTESIAN_POINT('Ctrl Pts',(-66.2888282551701,14.6592382312481,12.6585924691394));
#11088=CARTESIAN_POINT('Ctrl Pts',(-66.2932191506067,15.082442053959,12.6447364417121));
#11089=CARTESIAN_POINT('Ctrl Pts',(-66.3018547451431,15.6531926949328,12.6123307470963));
#11090=CARTESIAN_POINT('Ctrl Pts',(-66.3154718348723,16.2496340536812,12.534493643796));
#11091=CARTESIAN_POINT('Ctrl Pts',(-66.3300147143385,16.7747896097616,12.3985652722598));
#11092=CARTESIAN_POINT('Ctrl Pts',(-66.3452628272583,17.2109743557233,12.237795218536));
#11093=CARTESIAN_POINT('Ctrl Pts',(-66.3591260676485,17.4598283991353,12.0747715063743));
#11094=CARTESIAN_POINT('Ctrl Pts',(-66.3743015048121,17.6335509162504,11.8031243212845));
#11095=CARTESIAN_POINT('Ctrl Pts',(-66.385005067478,17.6881661563401,11.5685903034649));
#11096=CARTESIAN_POINT('Ctrl Pts',(-66.3922638284748,17.6869824590639,11.3720528360651));
#11097=CARTESIAN_POINT('Ctrl Pts',(-66.3981514682489,17.6725326595244,11.1778147142277));
#11098=CARTESIAN_POINT('Ctrl Pts',(-66.4008503383499,17.6614476655657,11.0794610911279));
#11099=CARTESIAN_POINT('Ctrl Pts',(-66.4027162324858,17.6539696559877,11.));
#11100=CARTESIAN_POINT('Ctrl Pts',(-66.25,14.,12.8878002623718));
#11101=CARTESIAN_POINT('Ctrl Pts',(-66.2500129053379,14.0589241101296,12.8882919944338));
#11102=CARTESIAN_POINT('Ctrl Pts',(-66.2500348163899,14.1767579466088,12.8891947491976));
#11103=CARTESIAN_POINT('Ctrl Pts',(-66.250074370552,14.4293358002222,12.8895439684215));
#11104=CARTESIAN_POINT('Ctrl Pts',(-66.2501088788681,14.7929787532205,12.885024610936));
#11105=CARTESIAN_POINT('Ctrl Pts',(-66.2501332287491,15.2977114025506,12.8691095863759));
#11106=CARTESIAN_POINT('Ctrl Pts',(-66.2501551504556,15.9821630492608,12.8338713367686));
#11107=CARTESIAN_POINT('Ctrl Pts',(-66.2501460483447,16.708378905643,12.7497755788274));
#11108=CARTESIAN_POINT('Ctrl Pts',(-66.2501262857229,17.3498183596351,12.5989370714982));
#11109=CARTESIAN_POINT('Ctrl Pts',(-66.2500973693917,17.8910015983895,12.4179890901607));
#11110=CARTESIAN_POINT('Ctrl Pts',(-66.2500948471245,18.214534853971,12.2316761983822));
#11111=CARTESIAN_POINT('Ctrl Pts',(-66.2500446656401,18.4520918593661,11.9202795992593));
#11112=CARTESIAN_POINT('Ctrl Pts',(-66.2500290501483,18.5413380639558,11.6510387925348));
#11113=CARTESIAN_POINT('Ctrl Pts',(-66.2500327557093,18.5583910629568,11.4253487420205));
#11114=CARTESIAN_POINT('Ctrl Pts',(-66.250003774919,18.5586889125378,11.2030587382602));
#11115=CARTESIAN_POINT('Ctrl Pts',(-66.2500088865625,18.5541278578037,11.0905703348122));
#11116=CARTESIAN_POINT('Ctrl Pts',(-66.25,18.5512010494872,11.));
#11117=CARTESIAN_POINT('Ctrl Pts',(-66.25,14.,13.));
#11118=CARTESIAN_POINT('Ctrl Pts',(-66.25,14.0641091048468,13.));
#11119=CARTESIAN_POINT('Ctrl Pts',(-66.25,14.192579580572,12.9999880163425));
#11120=CARTESIAN_POINT('Ctrl Pts',(-66.25,14.4673943657451,12.9984737620935));
#11121=CARTESIAN_POINT('Ctrl Pts',(-66.25,14.8603860355805,12.9922974246912));
#11122=CARTESIAN_POINT('Ctrl Pts',(-66.25,15.402152815533,12.9742667578975));
#11123=CARTESIAN_POINT('Ctrl Pts',(-66.25,16.1376675573594,12.9356137101129));
#11124=CARTESIAN_POINT('Ctrl Pts',(-66.25,16.9226399750163,12.8464151770968));
#11125=CARTESIAN_POINT('Ctrl Pts',(-66.25,17.6145738694914,12.6885042872948));
#11126=CARTESIAN_POINT('Ctrl Pts',(-66.25,18.203957438834,12.4984480259934));
#11127=CARTESIAN_POINT('Ctrl Pts',(-66.25,18.5666436378303,12.3017478378673));
#11128=CARTESIAN_POINT('Ctrl Pts',(-66.25,18.8423572809888,11.9739503859126));
#11129=CARTESIAN_POINT('Ctrl Pts',(-66.25,18.9563721783526,11.6898673221814));
#11130=CARTESIAN_POINT('Ctrl Pts',(-66.25,18.9886442653215,11.4509762013948));
#11131=CARTESIAN_POINT('Ctrl Pts',(-66.25,18.9999605323293,11.215680910318));
#11132=CARTESIAN_POINT('Ctrl Pts',(-66.25,19.,11.0961636572703));
#11133=CARTESIAN_POINT('Ctrl Pts',(-66.25,19.,11.));
#11134=CARTESIAN_POINT('',(-70.25,15.,11.));
#11135=CARTESIAN_POINT('Origin',(-70.25,19.,11.));
#11136=CARTESIAN_POINT('',(-67.25,14.,12.));
#11137=CARTESIAN_POINT('Ctrl Pts',(-70.25,15.,11.));
#11138=CARTESIAN_POINT('Ctrl Pts',(-70.1653179827273,15.,11.0443394005592));
#11139=CARTESIAN_POINT('Ctrl Pts',(-70.0806359654547,14.9970466858039,11.0886785699561));
#11140=CARTESIAN_POINT('Ctrl Pts',(-69.995953948182,14.9911661159885,11.1326262813936));
#11141=CARTESIAN_POINT('Ctrl Pts',(-69.9112752411877,14.9852857760486,11.1765722748847));
#11142=CARTESIAN_POINT('Ctrl Pts',(-69.8265965341934,14.9764784709856,11.2201263828879));
#11143=CARTESIAN_POINT('Ctrl Pts',(-69.741917827199,14.9648219060234,11.2629043355623));
#11144=CARTESIAN_POINT('Ctrl Pts',(-69.6572421374143,14.9531657563993,11.3056807640041));
#11145=CARTESIAN_POINT('Ctrl Pts',(-69.5725664476296,14.9386606717238,11.3476806465901));
#11146=CARTESIAN_POINT('Ctrl Pts',(-69.4878907578449,14.9214346185811,11.3885334524597));
#11147=CARTESIAN_POINT('Ctrl Pts',(-69.4032177923113,14.9042091196482,11.4293849439816));
#11148=CARTESIAN_POINT('Ctrl Pts',(-69.3185448267778,14.8842630071255,11.4690890069086));
#11149=CARTESIAN_POINT('Ctrl Pts',(-69.2338718612443,14.8617722380751,11.5072953870115));
#11150=CARTESIAN_POINT('Ctrl Pts',(-69.1491745491401,14.839275002107,11.5455127528443));
#11151=CARTESIAN_POINT('Ctrl Pts',(-69.0644772370359,14.8142318785353,11.5822311745813));
#11152=CARTESIAN_POINT('Ctrl Pts',(-68.9797799249317,14.7868639150536,11.6171265503821));
#11153=CARTESIAN_POINT('Ctrl Pts',(-68.8950911749458,14.7594987182211,11.6520183985817));
#11154=CARTESIAN_POINT('Ctrl Pts',(-68.8104024249598,14.7298094376537,11.6850872059673));
#11155=CARTESIAN_POINT('Ctrl Pts',(-68.7257136749739,14.6980580783563,11.7160411435396));
#11156=CARTESIAN_POINT('Ctrl Pts',(-68.6410323132688,14.6663094890603,11.7469923806779));
#11157=CARTESIAN_POINT('Ctrl Pts',(-68.5563509515636,14.6324995124133,11.7758287947734));
#11158=CARTESIAN_POINT('Ctrl Pts',(-68.4716695898585,14.5969264662414,11.8022959515668));
#11159=CARTESIAN_POINT('Ctrl Pts',(-68.386994443688,14.5613560310986,11.8287611656951));
#11160=CARTESIAN_POINT('Ctrl Pts',(-68.3023192975174,14.5240231564277,11.8528571949293));
#11161=CARTESIAN_POINT('Ctrl Pts',(-68.2176441513468,14.4852571956504,11.8743714622913));
#11162=CARTESIAN_POINT('Ctrl Pts',(-68.1329485671046,14.4464818779187,11.8958909225601));
#11163=CARTESIAN_POINT('Ctrl Pts',(-68.0482529828624,14.4062731855937,11.9148271482105));
#11164=CARTESIAN_POINT('Ctrl Pts',(-67.9635573986202,14.3649860135831,11.9310130019977));
#11165=CARTESIAN_POINT('Ctrl Pts',(-67.8788773165954,14.3237063985511,11.9471958932145));
#11166=CARTESIAN_POINT('Ctrl Pts',(-67.7941972345706,14.2813491296735,11.96062925201));
#11167=CARTESIAN_POINT('Ctrl Pts',(-67.7095171525458,14.2382879294055,11.9711945545047));
#11168=CARTESIAN_POINT('Ctrl Pts',(-67.6248248970526,14.1952205387307,11.9817613758499));
#11169=CARTESIAN_POINT('Ctrl Pts',(-67.5401326415595,14.1514494631435,11.9894592048015));
#11170=CARTESIAN_POINT('Ctrl Pts',(-67.4554403860664,14.1073610100102,11.9942201031611));
#11171=CARTESIAN_POINT('Ctrl Pts',(-67.3869602573776,14.0717121431016,11.9980696515104));
#11172=CARTESIAN_POINT('Ctrl Pts',(-67.3184801286888,14.0358561115343,12.));
#11173=CARTESIAN_POINT('Ctrl Pts',(-67.25,14.,12.));
#11174=CARTESIAN_POINT('Origin',(-67.25,14.,13.));
#11175=CARTESIAN_POINT('Origin',(-70.25,19.,10.25));
#11176=CARTESIAN_POINT('',(-70.25,15.,10.25));
#11177=CARTESIAN_POINT('Ctrl Pts',(-70.25,-15.,11.));
#11178=CARTESIAN_POINT('Ctrl Pts',(-70.1785714285714,-15.,11.0373999125427));
#11179=CARTESIAN_POINT('Ctrl Pts',(-70.0357142857143,-14.995791380826,11.1121939513097));
#11180=CARTESIAN_POINT('Ctrl Pts',(-69.8214285714286,-14.976984898296,11.22299509719));
#11181=CARTESIAN_POINT('Ctrl Pts',(-69.6071428571429,-14.9458290478087,
11.3309446162925));
#11182=CARTESIAN_POINT('Ctrl Pts',(-69.1785714285715,-14.8600198157207,
11.5387416004812));
#11183=CARTESIAN_POINT('Ctrl Pts',(-68.7142857142857,-14.7045902860419,
11.7335094928297));
#11184=CARTESIAN_POINT('Ctrl Pts',(-68.2142857142857,-14.4859652302599,
11.8793296707522));
#11185=CARTESIAN_POINT('Ctrl Pts',(-67.9642857142857,-14.3661116999785,
11.9330280877833));
#11186=CARTESIAN_POINT('Ctrl Pts',(-67.7857142857143,-14.2769805252151,
11.9614208809326));
#11187=CARTESIAN_POINT('Ctrl Pts',(-67.6428571428571,-14.2045267199493,
11.9801158122458));
#11188=CARTESIAN_POINT('Ctrl Pts',(-67.4642857142857,-14.1121994653014,
11.995798584636));
#11189=CARTESIAN_POINT('Ctrl Pts',(-67.3214285714286,-14.0373999125427,
12.));
#11190=CARTESIAN_POINT('Ctrl Pts',(-67.25,-14.,12.));
#11191=CARTESIAN_POINT('Ctrl Pts',(-70.1004003498291,-15.,11.));
#11192=CARTESIAN_POINT('Ctrl Pts',(-70.0316195524424,-15.002682522584,11.0389953595271));
#11193=CARTESIAN_POINT('Ctrl Pts',(-69.8940736874721,-14.996901232938,11.1159995843439));
#11194=CARTESIAN_POINT('Ctrl Pts',(-69.6877767141551,-14.9786052798857,
11.2275271641472));
#11195=CARTESIAN_POINT('Ctrl Pts',(-69.4815006309687,-14.9461239866668,
11.3347478308725));
#11196=CARTESIAN_POINT('Ctrl Pts',(-69.0689781688891,-14.8605194445048,
11.5384598956078));
#11197=CARTESIAN_POINT('Ctrl Pts',(-68.6221420910787,-14.708826935317,11.7287014640483));
#11198=CARTESIAN_POINT('Ctrl Pts',(-68.1409000270505,-14.4907155306417,
11.8758535534342));
#11199=CARTESIAN_POINT('Ctrl Pts',(-67.9002666367078,-14.3696717339117,
11.9301320763994));
#11200=CARTESIAN_POINT('Ctrl Pts',(-67.7283679025815,-14.2794101535085,
11.9590522152738));
#11201=CARTESIAN_POINT('Ctrl Pts',(-67.5908455750483,-14.2060202066785,
11.977395468192));
#11202=CARTESIAN_POINT('Ctrl Pts',(-67.4189293117849,-14.1124365681609,
11.9946556585501));
#11203=CARTESIAN_POINT('Ctrl Pts',(-67.281382754519,-14.0372946792549,11.9973529825593));
#11204=CARTESIAN_POINT('Ctrl Pts',(-67.2126000874573,-14.,12.));
#11205=CARTESIAN_POINT('Ctrl Pts',(-69.8011527680613,-15.0167449683898,
11.));
#11206=CARTESIAN_POINT('Ctrl Pts',(-69.738038380658,-15.0241400177214,11.0423019972334));
#11207=CARTESIAN_POINT('Ctrl Pts',(-69.611674986878,-15.0109532489295,11.1241524390924));
#11208=CARTESIAN_POINT('Ctrl Pts',(-69.421803373854,-14.9923477964541,11.2388217250709));
#11209=CARTESIAN_POINT('Ctrl Pts',(-69.2316572212366,-14.9603807013623,
11.3455617885095));
#11210=CARTESIAN_POINT('Ctrl Pts',(-68.8509288402975,-14.8763537479468,
11.5437944442565));
#11211=CARTESIAN_POINT('Ctrl Pts',(-68.4375875043077,-14.7293370245326,
11.7274194749451));
#11212=CARTESIAN_POINT('Ctrl Pts',(-67.9928169388939,-14.5069860909626,
11.876989480902));
#11213=CARTESIAN_POINT('Ctrl Pts',(-67.7706691731833,-14.3813487362425,
11.9331324193824));
#11214=CARTESIAN_POINT('Ctrl Pts',(-67.6121796842822,-14.2872871534369,
11.9634427763929));
#11215=CARTESIAN_POINT('Ctrl Pts',(-67.4854684800291,-14.210907663057,11.9828634147438));
#11216=CARTESIAN_POINT('Ctrl Pts',(-67.3272522682214,-14.1142220239397,
12.0009234705214));
#11217=CARTESIAN_POINT('Ctrl Pts',(-67.2008973704609,-14.0375471876302,
11.9967358118033));
#11218=CARTESIAN_POINT('Ctrl Pts',(-67.1377881920153,-14.,12.0041862420974));
#11219=CARTESIAN_POINT('Ctrl Pts',(-69.2104474668648,-15.1173169183717,
11.));
#11220=CARTESIAN_POINT('Ctrl Pts',(-69.1589025899907,-15.1318159320722,
11.0493484542002));
#11221=CARTESIAN_POINT('Ctrl Pts',(-69.0552153200686,-15.1381368253912,
11.1405901759102));
#11222=CARTESIAN_POINT('Ctrl Pts',(-68.8981331952292,-15.1081618527513,
11.2634837735213));
#11223=CARTESIAN_POINT('Ctrl Pts',(-68.7397715447567,-15.0742857325277,
11.3737650587196));
#11224=CARTESIAN_POINT('Ctrl Pts',(-68.4210190205725,-14.9848690542179,
11.5695571466616));
#11225=CARTESIAN_POINT('Ctrl Pts',(-68.0716635216273,-14.8277618418826,
11.7440811542351));
#11226=CARTESIAN_POINT('Ctrl Pts',(-67.6975150702208,-14.5725460116172,
11.8927645047557));
#11227=CARTESIAN_POINT('Ctrl Pts',(-67.5117197713787,-14.4280982624052,
11.9481777697381));
#11228=CARTESIAN_POINT('Ctrl Pts',(-67.3799444832183,-14.3202692082938,
11.9754869170158));
#11229=CARTESIAN_POINT('Ctrl Pts',(-67.2749483563343,-14.2338651452381,
11.9932905612333));
#11230=CARTESIAN_POINT('Ctrl Pts',(-67.1445748646013,-14.1244161031177,
11.9999004544931));
#11231=CARTESIAN_POINT('Ctrl Pts',(-67.0413885443916,-14.0397849305971,
12.0149561799928));
#11232=CARTESIAN_POINT('Ctrl Pts',(-66.9901118667162,-14.,12.0293292295929));
#11233=CARTESIAN_POINT('Ctrl Pts',(-68.2151544113712,-15.4644699313729,
11.));
#11234=CARTESIAN_POINT('Ctrl Pts',(-68.1838733757578,-15.4852134222691,
11.0627386478052));
#11235=CARTESIAN_POINT('Ctrl Pts',(-68.1194042212446,-15.5158495140256,
11.1760329978617));
#11236=CARTESIAN_POINT('Ctrl Pts',(-68.0178808344606,-15.5078274073123,
11.3179441217385));
#11237=CARTESIAN_POINT('Ctrl Pts',(-67.9124036875388,-15.4725775165728,
11.4414102494241));
#11238=CARTESIAN_POINT('Ctrl Pts',(-67.6952875908711,-15.3658087682873,
11.6502812851802));
#11239=CARTESIAN_POINT('Ctrl Pts',(-67.4480961919547,-15.1373937867373,
11.8177284020083));
#11240=CARTESIAN_POINT('Ctrl Pts',(-67.1900444209052,-14.7675838089656,
11.9540988756908));
#11241=CARTESIAN_POINT('Ctrl Pts',(-67.0655147467659,-14.5645300380072,
12.0011088151846));
#11242=CARTESIAN_POINT('Ctrl Pts',(-66.9798049740149,-14.415756691313,12.0250544967732));
#11243=CARTESIAN_POINT('Ctrl Pts',(-66.9126710472615,-14.2997355491401,
12.0415281442728));
#11244=CARTESIAN_POINT('Ctrl Pts',(-66.8317230893461,-14.1523881522053,
12.060791595479));
#11245=CARTESIAN_POINT('Ctrl Pts',(-66.7707072152714,-14.0479365564417,
12.095826717817));
#11246=CARTESIAN_POINT('Ctrl Pts',(-66.7412886028428,-14.,12.1161174828432));
#11247=CARTESIAN_POINT('Ctrl Pts',(-67.1360390119184,-16.3250741162396,
11.));
#11248=CARTESIAN_POINT('Ctrl Pts',(-67.123509847985,-16.3425075473303,11.0822752702182));
#11249=CARTESIAN_POINT('Ctrl Pts',(-67.0962158751433,-16.3740350355078,
11.2344753555396));
#11250=CARTESIAN_POINT('Ctrl Pts',(-67.0496963707467,-16.3866642947388,
11.4273456069685));
#11251=CARTESIAN_POINT('Ctrl Pts',(-66.9987377635664,-16.3564675503719,
11.5949008696171));
#11252=CARTESIAN_POINT('Ctrl Pts',(-66.8902039546846,-16.214085232141,11.8768475748955));
#11253=CARTESIAN_POINT('Ctrl Pts',(-66.7608775545421,-15.796419253413,12.0781697784075));
#11254=CARTESIAN_POINT('Ctrl Pts',(-66.6368439618373,-15.1643965531353,
12.2067087437552));
#11255=CARTESIAN_POINT('Ctrl Pts',(-66.581975280779,-14.8368011500666,12.2462651801534));
#11256=CARTESIAN_POINT('Ctrl Pts',(-66.5475965510946,-14.6053901454782,
12.2667731429974));
#11257=CARTESIAN_POINT('Ctrl Pts',(-66.522214796891,-14.4309184168824,12.2813943236969));
#11258=CARTESIAN_POINT('Ctrl Pts',(-66.4948099334311,-14.2132253550385,
12.2988642336159));
#11259=CARTESIAN_POINT('Ctrl Pts',(-66.4782596212675,-14.067699855068,12.3193100978821));
#11260=CARTESIAN_POINT('Ctrl Pts',(-66.4715097529796,-14.,12.3312685290599));
#11261=CARTESIAN_POINT('Ctrl Pts',(-66.4027162324139,-17.6539696559834,
11.));
#11262=CARTESIAN_POINT('Ctrl Pts',(-66.400228373566,-17.6639403354208,11.1059481215039));
#11263=CARTESIAN_POINT('Ctrl Pts',(-66.3946844441365,-17.6865850144582,
11.306415838061));
#11264=CARTESIAN_POINT('Ctrl Pts',(-66.3850012501031,-17.6881901825216,
11.5693050321408));
#11265=CARTESIAN_POINT('Ctrl Pts',(-66.3742966729187,-17.6318489956415,
11.80239094611));
#11266=CARTESIAN_POINT('Ctrl Pts',(-66.3515323762055,-17.3934901265587,
12.199334052926));
#11267=CARTESIAN_POINT('Ctrl Pts',(-66.325063342111,-16.698303795765,12.4675974791839));
#11268=CARTESIAN_POINT('Ctrl Pts',(-66.3032742768142,-15.7091556586024,
12.6056748654067));
#11269=CARTESIAN_POINT('Ctrl Pts',(-66.2951143788367,-15.2146412175464,
12.6411444147773));
#11270=CARTESIAN_POINT('Ctrl Pts',(-66.291021316311,-14.8729506208982,12.6543712483785));
#11271=CARTESIAN_POINT('Ctrl Pts',(-66.288497248727,-14.6187561134769,12.6608013477264));
#11272=CARTESIAN_POINT('Ctrl Pts',(-66.2868573612263,-14.3049563507178,
12.6631261308259));
#11273=CARTESIAN_POINT('Ctrl Pts',(-66.2873914797347,-14.0975210479602,
12.6635030692693));
#11274=CARTESIAN_POINT('Ctrl Pts',(-66.2881790581035,-14.,12.6634924139958));
#11275=CARTESIAN_POINT('Ctrl Pts',(-66.25,-18.5512010494872,11.));
#11276=CARTESIAN_POINT('Ctrl Pts',(-66.25001184875,-18.5551034605759,11.1207604464162));
#11277=CARTESIAN_POINT('Ctrl Pts',(-66.2500230942951,-18.5641036603118,
11.3499679626533));
#11278=CARTESIAN_POINT('Ctrl Pts',(-66.2500455287058,-18.5413140679698,
11.6518545827676));
#11279=CARTESIAN_POINT('Ctrl Pts',(-66.2500712392273,-18.4501954273756,
11.9193885045135));
#11280=CARTESIAN_POINT('Ctrl Pts',(-66.25011162649,-18.1184910472703,12.3753498348841));
#11281=CARTESIAN_POINT('Ctrl Pts',(-66.2501479663191,-17.2491843920095,
12.6769775199889));
#11282=CARTESIAN_POINT('Ctrl Pts',(-66.2501541659249,-16.0513825079453,
12.8267278263075));
#11283=CARTESIAN_POINT('Ctrl Pts',(-66.2501445988401,-15.4568565351029,
12.8652388163649));
#11284=CARTESIAN_POINT('Ctrl Pts',(-66.2501238178829,-15.0476667531962,
12.8800829096494));
#11285=CARTESIAN_POINT('Ctrl Pts',(-66.2501043364957,-14.7425382745264,
12.8876640579135));
#11286=CARTESIAN_POINT('Ctrl Pts',(-66.2500668162919,-14.3677506044305,
12.8905693925003));
#11287=CARTESIAN_POINT('Ctrl Pts',(-66.2500258106758,-14.1178482202591,
12.8887837264959));
#11288=CARTESIAN_POINT('Ctrl Pts',(-66.25,-14.,12.8878002623718));
#11289=CARTESIAN_POINT('Ctrl Pts',(-66.25,-19.,11.));
#11290=CARTESIAN_POINT('Ctrl Pts',(-66.25,-19.,11.1282182096937));
#11291=CARTESIAN_POINT('Ctrl Pts',(-66.25,-18.9994190320121,11.371191890761));
#11292=CARTESIAN_POINT('Ctrl Pts',(-66.2500000000001,-18.9563587085051,
11.6906837187713));
#11293=CARTESIAN_POINT('Ctrl Pts',(-66.2500000000001,-18.8404264334813,
11.9730695623006));
#11294=CARTESIAN_POINT('Ctrl Pts',(-66.25,-18.4515486887985,12.4536060631756));
#11295=CARTESIAN_POINT('Ctrl Pts',(-66.25,-17.5022302515029,12.7696723674879));
#11296=CARTESIAN_POINT('Ctrl Pts',(-66.25,-16.2134628385255,12.9279750953928));
#11297=CARTESIAN_POINT('Ctrl Pts',(-66.25,-15.573903720274,12.96956534996));
#11298=CARTESIAN_POINT('Ctrl Pts',(-66.25,-15.1335855861144,12.9862770992337));
#11299=CARTESIAN_POINT('Ctrl Pts',(-66.25,-14.804077075506,12.9952229662412));
#11300=CARTESIAN_POINT('Ctrl Pts',(-66.25,-14.3999414474008,12.999832658571));
#11301=CARTESIAN_POINT('Ctrl Pts',(-66.25,-14.1282182096937,13.));
#11302=CARTESIAN_POINT('Ctrl Pts',(-66.25,-14.,13.));
#11303=CARTESIAN_POINT('',(-70.25,-15.,11.));
#11304=CARTESIAN_POINT('',(-67.25,-14.,12.));
#11305=CARTESIAN_POINT('Ctrl Pts',(-67.25,-14.,12.));
#11306=CARTESIAN_POINT('Ctrl Pts',(-67.3346820172727,-14.0443394005592,
12.));
#11307=CARTESIAN_POINT('Ctrl Pts',(-67.4193640345453,-14.0886785699561,
11.9970466858039));
#11308=CARTESIAN_POINT('Ctrl Pts',(-67.504046051818,-14.1326262813935,11.9911661159885));
#11309=CARTESIAN_POINT('Ctrl Pts',(-67.5887247588123,-14.1765722748847,
11.9852857760486));
#11310=CARTESIAN_POINT('Ctrl Pts',(-67.6734034658067,-14.2201263828879,
11.9764784709856));
#11311=CARTESIAN_POINT('Ctrl Pts',(-67.758082172801,-14.2629043355623,11.9648219060234));
#11312=CARTESIAN_POINT('Ctrl Pts',(-67.8427578625858,-14.3056807640041,
11.9531657563993));
#11313=CARTESIAN_POINT('Ctrl Pts',(-67.9274335523705,-14.3476806465901,
11.9386606717238));
#11314=CARTESIAN_POINT('Ctrl Pts',(-68.0121092421552,-14.3885334524598,
11.9214346185811));
#11315=CARTESIAN_POINT('Ctrl Pts',(-68.0967822076887,-14.4293849439816,
11.9042091196482));
#11316=CARTESIAN_POINT('Ctrl Pts',(-68.1814551732222,-14.4690890069085,
11.8842630071255));
#11317=CARTESIAN_POINT('Ctrl Pts',(-68.2661281387557,-14.5072953870114,
11.8617722380751));
#11318=CARTESIAN_POINT('Ctrl Pts',(-68.3508254508599,-14.5455127528443,
11.839275002107));
#11319=CARTESIAN_POINT('Ctrl Pts',(-68.4355227629641,-14.5822311745813,
11.8142318785353));
#11320=CARTESIAN_POINT('Ctrl Pts',(-68.5202200750683,-14.617126550382,11.7868639150536));
#11321=CARTESIAN_POINT('Ctrl Pts',(-68.6049088250542,-14.6520183985816,
11.7594987182211));
#11322=CARTESIAN_POINT('Ctrl Pts',(-68.6895975750401,-14.6850872059672,
11.7298094376537));
#11323=CARTESIAN_POINT('Ctrl Pts',(-68.7742863250261,-14.7160411435396,
11.6980580783563));
#11324=CARTESIAN_POINT('Ctrl Pts',(-68.8589676867312,-14.7469923806779,
11.6663094890603));
#11325=CARTESIAN_POINT('Ctrl Pts',(-68.9436490484363,-14.7758287947734,
11.6324995124134));
#11326=CARTESIAN_POINT('Ctrl Pts',(-69.0283304101415,-14.8022959515668,
11.5969264662414));
#11327=CARTESIAN_POINT('Ctrl Pts',(-69.113005556312,-14.8287611656951,11.5613560310986));
#11328=CARTESIAN_POINT('Ctrl Pts',(-69.1976807024826,-14.8528571949293,
11.5240231564277));
#11329=CARTESIAN_POINT('Ctrl Pts',(-69.2823558486531,-14.8743714622913,
11.4852571956504));
#11330=CARTESIAN_POINT('Ctrl Pts',(-69.3670514328953,-14.8958909225601,
11.4464818779188));
#11331=CARTESIAN_POINT('Ctrl Pts',(-69.4517470171375,-14.9148271482105,
11.4062731855937));
#11332=CARTESIAN_POINT('Ctrl Pts',(-69.5364426013797,-14.9310130019976,
11.3649860135831));
#11333=CARTESIAN_POINT('Ctrl Pts',(-69.6211226834046,-14.9471958932145,
11.3237063985511));
#11334=CARTESIAN_POINT('Ctrl Pts',(-69.7058027654294,-14.96062925201,11.2813491296735));
#11335=CARTESIAN_POINT('Ctrl Pts',(-69.7904828474542,-14.9711945545047,
11.2382879294055));
#11336=CARTESIAN_POINT('Ctrl Pts',(-69.8751751029473,-14.9817613758498,
11.1952205387307));
#11337=CARTESIAN_POINT('Ctrl Pts',(-69.9598673584405,-14.9894592048015,
11.1514494631435));
#11338=CARTESIAN_POINT('Ctrl Pts',(-70.0445596139336,-14.9942201031611,
11.1073610100102));
#11339=CARTESIAN_POINT('Ctrl Pts',(-70.1130397426224,-14.9980696515104,
11.0717121431016));
#11340=CARTESIAN_POINT('Ctrl Pts',(-70.1815198713112,-15.,11.0358561115343));
#11341=CARTESIAN_POINT('Ctrl Pts',(-70.25,-15.,11.));
#11342=CARTESIAN_POINT('Origin',(-70.25,-19.,11.));
#11343=CARTESIAN_POINT('Origin',(-67.25,-14.,13.));
#11344=CARTESIAN_POINT('Origin',(-70.25,-19.,10.25));
#11345=CARTESIAN_POINT('',(-70.25,-15.,10.25));
#11346=CARTESIAN_POINT('Origin',(-67.25,3.57738530156995E-15,13.));
#11347=CARTESIAN_POINT('',(-67.25,3.57738530156995E-15,12.));
#11348=CARTESIAN_POINT('Origin',(-77.25,11.,11.));
#11349=CARTESIAN_POINT('',(-77.25,15.,11.));
#11350=CARTESIAN_POINT('',(-77.25,14.,12.));
#11351=CARTESIAN_POINT('Origin',(-77.25,14.,11.));
#11352=CARTESIAN_POINT('',(-81.25,11.,11.));
#11353=CARTESIAN_POINT('Origin',(-77.25,11.,11.));
#11354=CARTESIAN_POINT('',(-80.25,11.,12.));
#11355=CARTESIAN_POINT('Origin',(-80.25,11.,11.));
#11356=CARTESIAN_POINT('Origin',(-77.25,11.,12.));
#11357=CARTESIAN_POINT('Origin',(-77.25,11.,9.));
#11358=CARTESIAN_POINT('',(-81.25,11.,9.));
#11359=CARTESIAN_POINT('',(-77.25,15.,9.));
#11360=CARTESIAN_POINT('Origin',(-77.25,-11.,11.));
#11361=CARTESIAN_POINT('',(-81.25,-11.,11.));
#11362=CARTESIAN_POINT('',(-80.25,-11.,12.));
#11363=CARTESIAN_POINT('Origin',(-80.25,-11.,11.));
#11364=CARTESIAN_POINT('',(-77.25,-15.,11.));
#11365=CARTESIAN_POINT('Origin',(-77.25,-11.,11.));
#11366=CARTESIAN_POINT('',(-77.25,-14.,12.));
#11367=CARTESIAN_POINT('Origin',(-77.25,-14.,11.));
#11368=CARTESIAN_POINT('Origin',(-77.25,-11.,12.));
#11369=CARTESIAN_POINT('Origin',(-77.25,-11.,9.));
#11370=CARTESIAN_POINT('',(-77.25,-15.,9.));
#11371=CARTESIAN_POINT('',(-81.25,-11.,9.));
#11372=CARTESIAN_POINT('Origin',(-77.5,-14.,11.));
#11373=CARTESIAN_POINT('',(-77.5,-14.,12.));
#11374=CARTESIAN_POINT('',(-77.5,-15.,11.));
#11375=CARTESIAN_POINT('Origin',(-80.25,7.50000000000001,11.));
#11376=CARTESIAN_POINT('',(-80.25,7.50000000000001,12.));
#11377=CARTESIAN_POINT('',(-81.25,7.50000000000001,11.));
#11378=CARTESIAN_POINT('Origin',(-70.,14.,11.));
#11379=CARTESIAN_POINT('',(-70.,14.,12.));
#11380=CARTESIAN_POINT('',(-70.,15.,11.));
#11381=CARTESIAN_POINT('Origin',(-81.25,-15.,9.));
#11382=CARTESIAN_POINT('Origin',(-73.75,8.88178419700125E-15,12.));
#11383=CARTESIAN_POINT('Origin',(-81.25,15.,9.));
#11384=CARTESIAN_POINT('Origin',(-66.25,15.,9.));
#11385=CARTESIAN_POINT('Origin',(62.7352733492895,-0.209673741537358,14.));
#11386=CARTESIAN_POINT('',(62.25,-3.64722184620432,14.));
#11387=CARTESIAN_POINT('',(62.25,-3.64722184620432,12.625));
#11388=CARTESIAN_POINT('',(58.4852733492849,-30.3155500815602,14.));
#11389=CARTESIAN_POINT('',(58.485273349294,-30.3155500815601,14.));
#11390=CARTESIAN_POINT('',(58.4852733492851,-30.3155500815588,14.));
#11391=CARTESIAN_POINT('Origin',(62.25,8.88178419700125E-15,11.25));
#11392=CARTESIAN_POINT('',(62.25,-8.88178419700125E-15,14.));
#11393=CARTESIAN_POINT('Origin',(61.25,8.88178419700125E-15,14.));
#11394=CARTESIAN_POINT('',(56.9999999999956,-30.1058763400215,14.));
#11395=CARTESIAN_POINT('',(56.9999999999956,-30.1058763400215,14.));
#11396=CARTESIAN_POINT('',(57.0000000000045,-30.1058763400227,14.));
#11397=CARTESIAN_POINT('Origin',(56.2500000000001,-30.,14.));
#11398=CARTESIAN_POINT('',(55.5000000000045,-30.1058763400211,14.));
#11399=CARTESIAN_POINT('',(55.5000000000045,-30.1058763400211,14.));
#11400=CARTESIAN_POINT('Origin',(56.2500000000001,-30.,14.));
#11401=CARTESIAN_POINT('Origin',(56.2500000000001,-30.,14.));
#11402=CARTESIAN_POINT('Origin',(56.2500000000001,-30.,14.));
#11403=CARTESIAN_POINT('Origin',(55.5000000000045,-30.1058763400211,14.));
#11404=CARTESIAN_POINT('',(51.25,2.44929359829467E-16,14.));
#11405=CARTESIAN_POINT('Origin',(50.25,4.44089209850063E-15,11.5));
#11406=CARTESIAN_POINT('',(50.25,-38.7,14.));
#11407=CARTESIAN_POINT('',(50.25,-19.5,14.));
#11408=CARTESIAN_POINT('',(50.25,-38.7,10.2499999999999));
#11409=CARTESIAN_POINT('Origin',(50.25,4.44089209850063E-15,11.5));
#11410=CARTESIAN_POINT('',(50.25,-19.5,14.));
#11411=CARTESIAN_POINT('Origin',(57.75,-38.7,9.));
#11412=CARTESIAN_POINT('',(57.75,-38.7,14.));
#11413=CARTESIAN_POINT('Origin',(43.7500000000003,23.4999999999998,0.));
#11414=CARTESIAN_POINT('',(40.6500000000003,23.4999999999998,14.));
#11415=CARTESIAN_POINT('',(40.6500000000003,23.4999999999998,0.));
#11416=CARTESIAN_POINT('Origin',(43.7500000000003,23.4999999999998,14.));
#11417=CARTESIAN_POINT('Origin',(25.7500000000003,23.4999999999998,0.));
#11418=CARTESIAN_POINT('',(22.6500000000003,23.4999999999998,14.));
#11419=CARTESIAN_POINT('',(22.6500000000003,23.4999999999998,0.));
#11420=CARTESIAN_POINT('Origin',(25.7500000000003,23.4999999999998,14.));
#11421=CARTESIAN_POINT('Origin',(7.75000000000034,23.4999999999998,0.));
#11422=CARTESIAN_POINT('',(4.65000000000035,23.4999999999998,14.));
#11423=CARTESIAN_POINT('',(4.65000000000034,23.4999999999998,0.));
#11424=CARTESIAN_POINT('Origin',(7.75000000000034,23.4999999999998,14.));
#11425=CARTESIAN_POINT('Origin',(-10.2499999999997,23.4999999999998,0.));
#11426=CARTESIAN_POINT('',(-13.3499999999997,23.4999999999998,14.));
#11427=CARTESIAN_POINT('',(-13.3499999999997,23.4999999999998,0.));
#11428=CARTESIAN_POINT('Origin',(-10.2499999999997,23.4999999999998,14.));
#11429=CARTESIAN_POINT('Origin',(-28.2499999999997,23.4999999999998,0.));
#11430=CARTESIAN_POINT('',(-31.3499999999997,23.4999999999998,14.));
#11431=CARTESIAN_POINT('',(-31.3499999999997,23.4999999999998,0.));
#11432=CARTESIAN_POINT('Origin',(-28.2499999999997,23.4999999999998,14.));
#11433=CARTESIAN_POINT('Origin',(-46.2499999999997,23.4999999999998,0.));
#11434=CARTESIAN_POINT('',(-49.3499999999997,23.4999999999998,14.));
#11435=CARTESIAN_POINT('',(-49.3499999999997,23.4999999999998,0.));
#11436=CARTESIAN_POINT('Origin',(-46.2499999999997,23.4999999999998,14.));
#11437=CARTESIAN_POINT('Origin',(43.7500000000003,5.49999999999978,0.));
#11438=CARTESIAN_POINT('',(40.6500000000003,5.49999999999978,14.));
#11439=CARTESIAN_POINT('',(40.6500000000003,5.49999999999978,0.));
#11440=CARTESIAN_POINT('Origin',(43.7500000000003,5.49999999999978,14.));
#11441=CARTESIAN_POINT('Origin',(25.7500000000003,5.49999999999978,0.));
#11442=CARTESIAN_POINT('',(22.6500000000003,5.49999999999978,14.));
#11443=CARTESIAN_POINT('',(22.6500000000003,5.49999999999978,0.));
#11444=CARTESIAN_POINT('Origin',(25.7500000000003,5.49999999999978,14.));
#11445=CARTESIAN_POINT('Origin',(7.75000000000034,5.49999999999978,0.));
#11446=CARTESIAN_POINT('',(4.65000000000035,5.49999999999978,14.));
#11447=CARTESIAN_POINT('',(4.65000000000034,5.49999999999978,0.));
#11448=CARTESIAN_POINT('Origin',(7.75000000000034,5.49999999999978,14.));
#11449=CARTESIAN_POINT('Origin',(-10.2499999999997,5.49999999999978,0.));
#11450=CARTESIAN_POINT('',(-13.3499999999997,5.49999999999978,14.));
#11451=CARTESIAN_POINT('',(-13.3499999999997,5.49999999999978,0.));
#11452=CARTESIAN_POINT('Origin',(-10.2499999999997,5.49999999999978,14.));
#11453=CARTESIAN_POINT('Origin',(-28.2499999999997,5.49999999999978,0.));
#11454=CARTESIAN_POINT('',(-31.3499999999997,5.49999999999978,14.));
#11455=CARTESIAN_POINT('',(-31.3499999999997,5.49999999999978,0.));
#11456=CARTESIAN_POINT('Origin',(-28.2499999999997,5.49999999999978,14.));
#11457=CARTESIAN_POINT('Origin',(-46.2499999999997,5.49999999999978,0.));
#11458=CARTESIAN_POINT('',(-49.3499999999997,5.49999999999978,14.));
#11459=CARTESIAN_POINT('',(-49.3499999999997,5.49999999999978,0.));
#11460=CARTESIAN_POINT('Origin',(-46.2499999999997,5.49999999999978,14.));
#11461=CARTESIAN_POINT('Origin',(43.7500000000003,-12.5000000000002,0.));
#11462=CARTESIAN_POINT('',(40.6500000000003,-12.5000000000002,14.));
#11463=CARTESIAN_POINT('',(40.6500000000003,-12.5000000000002,0.));
#11464=CARTESIAN_POINT('Origin',(43.7500000000003,-12.5000000000002,14.));
#11465=CARTESIAN_POINT('Origin',(25.7500000000003,-12.5000000000002,0.));
#11466=CARTESIAN_POINT('',(22.6500000000003,-12.5000000000002,14.));
#11467=CARTESIAN_POINT('',(22.6500000000003,-12.5000000000002,0.));
#11468=CARTESIAN_POINT('Origin',(25.7500000000003,-12.5000000000002,14.));
#11469=CARTESIAN_POINT('Origin',(7.75000000000034,-12.5000000000002,0.));
#11470=CARTESIAN_POINT('',(4.65000000000035,-12.5000000000002,14.));
#11471=CARTESIAN_POINT('',(4.65000000000034,-12.5000000000002,0.));
#11472=CARTESIAN_POINT('Origin',(7.75000000000034,-12.5000000000002,14.));
#11473=CARTESIAN_POINT('Origin',(-10.2499999999997,-12.5000000000002,0.));
#11474=CARTESIAN_POINT('',(-13.3499999999997,-12.5000000000002,14.));
#11475=CARTESIAN_POINT('',(-13.3499999999997,-12.5000000000002,0.));
#11476=CARTESIAN_POINT('Origin',(-10.2499999999997,-12.5000000000002,14.));
#11477=CARTESIAN_POINT('Origin',(-28.2499999999997,-12.5000000000002,0.));
#11478=CARTESIAN_POINT('',(-31.3499999999997,-12.5000000000002,14.));
#11479=CARTESIAN_POINT('',(-31.3499999999997,-12.5000000000002,0.));
#11480=CARTESIAN_POINT('Origin',(-28.2499999999997,-12.5000000000002,14.));
#11481=CARTESIAN_POINT('Origin',(-46.2499999999997,-12.5000000000002,0.));
#11482=CARTESIAN_POINT('',(-49.3499999999997,-12.5000000000002,14.));
#11483=CARTESIAN_POINT('',(-49.3499999999997,-12.5000000000002,0.));
#11484=CARTESIAN_POINT('Origin',(-46.2499999999997,-12.5000000000002,14.));
#11485=CARTESIAN_POINT('Origin',(43.7500000000003,-30.5000000000002,0.));
#11486=CARTESIAN_POINT('',(40.6500000000003,-30.5000000000002,14.));
#11487=CARTESIAN_POINT('',(40.6500000000003,-30.5000000000002,0.));
#11488=CARTESIAN_POINT('Origin',(43.7500000000003,-30.5000000000002,14.));
#11489=CARTESIAN_POINT('Origin',(25.7500000000003,-30.5000000000002,0.));
#11490=CARTESIAN_POINT('',(22.6500000000003,-30.5000000000002,14.));
#11491=CARTESIAN_POINT('',(22.6500000000003,-30.5000000000002,0.));
#11492=CARTESIAN_POINT('Origin',(25.7500000000003,-30.5000000000002,14.));
#11493=CARTESIAN_POINT('Origin',(7.75000000000034,-30.5000000000002,0.));
#11494=CARTESIAN_POINT('',(4.65000000000035,-30.5000000000002,14.));
#11495=CARTESIAN_POINT('',(4.65000000000034,-30.5000000000002,0.));
#11496=CARTESIAN_POINT('Origin',(7.75000000000034,-30.5000000000002,14.));
#11497=CARTESIAN_POINT('Origin',(-10.2499999999997,-30.5000000000002,0.));
#11498=CARTESIAN_POINT('',(-13.3499999999997,-30.5000000000002,14.));
#11499=CARTESIAN_POINT('',(-13.3499999999997,-30.5000000000002,0.));
#11500=CARTESIAN_POINT('Origin',(-10.2499999999997,-30.5000000000002,14.));
#11501=CARTESIAN_POINT('Origin',(-28.2499999999997,-30.5000000000002,0.));
#11502=CARTESIAN_POINT('',(-31.3499999999997,-30.5000000000002,14.));
#11503=CARTESIAN_POINT('',(-31.3499999999997,-30.5000000000002,0.));
#11504=CARTESIAN_POINT('Origin',(-28.2499999999997,-30.5000000000002,14.));
#11505=CARTESIAN_POINT('Origin',(-46.2499999999997,-30.5000000000002,0.));
#11506=CARTESIAN_POINT('',(-49.3499999999997,-30.5000000000002,14.));
#11507=CARTESIAN_POINT('',(-49.3499999999997,-30.5000000000002,0.));
#11508=CARTESIAN_POINT('Origin',(-46.2499999999997,-30.5000000000002,14.));
#11509=CARTESIAN_POINT('Origin',(57.75,-39.,14.));
#11510=CARTESIAN_POINT('',(0.,0.,0.));
#11511=CARTESIAN_POINT('Origin',(-44.9509618943234,-41.35,35.8343145750508));
#11512=CARTESIAN_POINT('',(-43.6519237886467,-40.6,35.8343145750508));
#11513=CARTESIAN_POINT('',(-43.6519237886467,-40.6,28.2362383636974));
#11514=CARTESIAN_POINT('',(-43.6519237886467,-40.6,38.3343145750508));
#11515=CARTESIAN_POINT('',(-46.25,-42.1,35.8343145750508));
#11516=CARTESIAN_POINT('',(-49.0257214207425,-43.7025635094611,35.8343145750508));
#11517=CARTESIAN_POINT('',(-46.25,-42.1,30.8343145750508));
#11518=CARTESIAN_POINT('',(-46.25,-42.1,30.8343145750508));
#11519=CARTESIAN_POINT('',(-46.5791210824705,-42.2900181455603,31.1634356575213));
#11520=CARTESIAN_POINT('Origin',(-56.25,-40.6,35.8343145750508));
#11521=CARTESIAN_POINT('',(-58.8480762113534,-40.6,35.8343145750508));
#11522=CARTESIAN_POINT('',(-61.25,-40.6,35.8343145750508));
#11523=CARTESIAN_POINT('',(-56.25,-42.1,35.8343145750508));
#11524=CARTESIAN_POINT('',(-57.2242785792575,-41.5375,35.8343145750508));
#11525=CARTESIAN_POINT('',(-46.25,-42.1,35.8343145750508));
#11526=CARTESIAN_POINT('Origin',(-57.5490381056767,-41.35,30.8343145750508));
#11527=CARTESIAN_POINT('',(-58.8480762113534,-40.6,28.2362383636974));
#11528=CARTESIAN_POINT('',(-58.8480762113534,-40.6,35.8343145750508));
#11529=CARTESIAN_POINT('',(-56.25,-42.1,30.8343145750508));
#11530=CARTESIAN_POINT('',(-54.849450346101,-42.9086077196921,32.2348642289498));
#11531=CARTESIAN_POINT('',(-56.25,-42.1,35.8343145750508));
#11532=CARTESIAN_POINT('Origin',(-46.25,-41.35,29.5352764693741));
#11533=CARTESIAN_POINT('',(-56.25,-40.6,28.2362383636974));
#11534=CARTESIAN_POINT('',(-56.25,-42.1,30.8343145750508));
#11535=CARTESIAN_POINT('Origin',(-51.25,-42.1,33.3343145750508));
#11536=CARTESIAN_POINT('Origin',(-44.9509618943234,41.35,35.8343145750508));
#11537=CARTESIAN_POINT('',(-43.6519237886467,40.6,28.2362383636975));
#11538=CARTESIAN_POINT('',(-43.6519237886467,40.6,35.8343145750508));
#11539=CARTESIAN_POINT('',(-43.6519237886467,40.6,26.5));
#11540=CARTESIAN_POINT('',(-46.25,42.1,30.8343145750508));
#11541=CARTESIAN_POINT('',(-46.5791210824705,42.2900181455603,31.1634356575213));
#11542=CARTESIAN_POINT('',(-46.25,42.1,35.8343145750508));
#11543=CARTESIAN_POINT('',(-46.25,42.1,30.8343145750508));
#11544=CARTESIAN_POINT('',(-49.0257214207425,43.7025635094611,35.8343145750508));
#11545=CARTESIAN_POINT('Origin',(-56.25,40.6,35.8343145750508));
#11546=CARTESIAN_POINT('',(-58.8480762113534,40.6,35.8343145750508));
#11547=CARTESIAN_POINT('',(-61.25,40.6,35.8343145750508));
#11548=CARTESIAN_POINT('',(-56.25,42.1,35.8343145750508));
#11549=CARTESIAN_POINT('',(-46.25,42.1,35.8343145750508));
#11550=CARTESIAN_POINT('',(-57.2242785792575,41.5375,35.8343145750508));
#11551=CARTESIAN_POINT('Origin',(-57.5490381056767,41.35,30.8343145750508));
#11552=CARTESIAN_POINT('',(-58.8480762113533,40.6,28.2362383636975));
#11553=CARTESIAN_POINT('',(-58.8480762113533,40.6,24.));
#11554=CARTESIAN_POINT('',(-56.25,42.1,30.8343145750508));
#11555=CARTESIAN_POINT('',(-56.25,42.1,35.8343145750508));
#11556=CARTESIAN_POINT('',(-54.849450346101,42.9086077196921,32.2348642289498));
#11557=CARTESIAN_POINT('Origin',(-46.25,41.35,29.5352764693741));
#11558=CARTESIAN_POINT('',(-56.25,40.6,28.2362383636975));
#11559=CARTESIAN_POINT('',(-56.25,42.1,30.8343145750508));
#11560=CARTESIAN_POINT('Origin',(-51.25,42.1,33.3343145750508));
#11561=CARTESIAN_POINT('Origin',(48.2500000000003,23.4999999999998,0.));
#11562=CARTESIAN_POINT('',(46.1500000000003,23.4999999999998,15.));
#11563=CARTESIAN_POINT('Origin',(48.2500000000003,23.4999999999998,15.));
#11564=CARTESIAN_POINT('',(46.1500000000003,23.4999999999998,17.2));
#11565=CARTESIAN_POINT('',(46.1500000000003,23.4999999999998,0.));
#11566=CARTESIAN_POINT('Origin',(48.2500000000003,23.4999999999998,17.2));
#11567=CARTESIAN_POINT('Origin',(30.2500000000003,23.4999999999998,0.));
#11568=CARTESIAN_POINT('',(28.1500000000003,23.4999999999998,15.));
#11569=CARTESIAN_POINT('Origin',(30.2500000000003,23.4999999999998,15.));
#11570=CARTESIAN_POINT('',(28.1500000000003,23.4999999999998,17.2));
#11571=CARTESIAN_POINT('',(28.1500000000003,23.4999999999998,0.));
#11572=CARTESIAN_POINT('Origin',(30.2500000000003,23.4999999999998,17.2));
#11573=CARTESIAN_POINT('Origin',(12.2500000000003,23.4999999999998,0.));
#11574=CARTESIAN_POINT('',(10.1500000000003,23.4999999999998,15.));
#11575=CARTESIAN_POINT('Origin',(12.2500000000003,23.4999999999998,15.));
#11576=CARTESIAN_POINT('',(10.1500000000003,23.4999999999998,17.2));
#11577=CARTESIAN_POINT('',(10.1500000000003,23.4999999999998,0.));
#11578=CARTESIAN_POINT('Origin',(12.2500000000003,23.4999999999998,17.2));
#11579=CARTESIAN_POINT('Origin',(-5.74999999999966,23.4999999999998,0.));
#11580=CARTESIAN_POINT('',(-7.84999999999966,23.4999999999998,15.));
#11581=CARTESIAN_POINT('Origin',(-5.74999999999966,23.4999999999998,15.));
#11582=CARTESIAN_POINT('',(-7.84999999999966,23.4999999999998,17.2));
#11583=CARTESIAN_POINT('',(-7.84999999999966,23.4999999999998,0.));
#11584=CARTESIAN_POINT('Origin',(-5.74999999999966,23.4999999999998,17.2));
#11585=CARTESIAN_POINT('Origin',(-23.7499999999997,23.4999999999998,0.));
#11586=CARTESIAN_POINT('',(-25.8499999999997,23.4999999999998,15.));
#11587=CARTESIAN_POINT('Origin',(-23.7499999999997,23.4999999999998,15.));
#11588=CARTESIAN_POINT('',(-25.8499999999997,23.4999999999998,17.2));
#11589=CARTESIAN_POINT('',(-25.8499999999997,23.4999999999998,0.));
#11590=CARTESIAN_POINT('Origin',(-23.7499999999997,23.4999999999998,17.2));
#11591=CARTESIAN_POINT('Origin',(-41.7499999999997,23.4999999999998,0.));
#11592=CARTESIAN_POINT('',(-43.8499999999997,23.4999999999998,15.));
#11593=CARTESIAN_POINT('Origin',(-41.7499999999997,23.4999999999998,15.));
#11594=CARTESIAN_POINT('',(-43.8499999999997,23.4999999999998,17.2));
#11595=CARTESIAN_POINT('',(-43.8499999999997,23.4999999999998,0.));
#11596=CARTESIAN_POINT('Origin',(-41.7499999999997,23.4999999999998,17.2));
#11597=CARTESIAN_POINT('Origin',(48.2500000000003,5.49999999999978,0.));
#11598=CARTESIAN_POINT('',(46.1500000000003,5.49999999999978,15.));
#11599=CARTESIAN_POINT('Origin',(48.2500000000003,5.49999999999978,15.));
#11600=CARTESIAN_POINT('',(46.1500000000003,5.49999999999978,17.2));
#11601=CARTESIAN_POINT('',(46.1500000000003,5.49999999999978,0.));
#11602=CARTESIAN_POINT('Origin',(48.2500000000003,5.49999999999978,17.2));
#11603=CARTESIAN_POINT('Origin',(30.2500000000003,5.49999999999978,0.));
#11604=CARTESIAN_POINT('',(28.1500000000003,5.49999999999978,15.));
#11605=CARTESIAN_POINT('Origin',(30.2500000000003,5.49999999999978,15.));
#11606=CARTESIAN_POINT('',(28.1500000000003,5.49999999999978,17.2));
#11607=CARTESIAN_POINT('',(28.1500000000003,5.49999999999978,0.));
#11608=CARTESIAN_POINT('Origin',(30.2500000000003,5.49999999999978,17.2));
#11609=CARTESIAN_POINT('Origin',(12.2500000000003,5.49999999999978,0.));
#11610=CARTESIAN_POINT('',(10.1500000000003,5.49999999999978,15.));
#11611=CARTESIAN_POINT('Origin',(12.2500000000003,5.49999999999978,15.));
#11612=CARTESIAN_POINT('',(10.1500000000003,5.49999999999978,17.2));
#11613=CARTESIAN_POINT('',(10.1500000000003,5.49999999999978,0.));
#11614=CARTESIAN_POINT('Origin',(12.2500000000003,5.49999999999978,17.2));
#11615=CARTESIAN_POINT('Origin',(-5.74999999999966,5.49999999999978,0.));
#11616=CARTESIAN_POINT('',(-7.84999999999966,5.49999999999978,15.));
#11617=CARTESIAN_POINT('Origin',(-5.74999999999966,5.49999999999978,15.));
#11618=CARTESIAN_POINT('',(-7.84999999999966,5.49999999999978,17.2));
#11619=CARTESIAN_POINT('',(-7.84999999999966,5.49999999999978,0.));
#11620=CARTESIAN_POINT('Origin',(-5.74999999999966,5.49999999999978,17.2));
#11621=CARTESIAN_POINT('Origin',(-23.7499999999997,5.49999999999978,0.));
#11622=CARTESIAN_POINT('',(-25.8499999999997,5.49999999999978,15.));
#11623=CARTESIAN_POINT('Origin',(-23.7499999999997,5.49999999999978,15.));
#11624=CARTESIAN_POINT('',(-25.8499999999997,5.49999999999978,17.2));
#11625=CARTESIAN_POINT('',(-25.8499999999997,5.49999999999978,0.));
#11626=CARTESIAN_POINT('Origin',(-23.7499999999997,5.49999999999978,17.2));
#11627=CARTESIAN_POINT('Origin',(-41.7499999999997,5.49999999999978,0.));
#11628=CARTESIAN_POINT('',(-43.8499999999997,5.49999999999978,15.));
#11629=CARTESIAN_POINT('Origin',(-41.7499999999997,5.49999999999978,15.));
#11630=CARTESIAN_POINT('',(-43.8499999999997,5.49999999999978,17.2));
#11631=CARTESIAN_POINT('',(-43.8499999999997,5.49999999999978,0.));
#11632=CARTESIAN_POINT('Origin',(-41.7499999999997,5.49999999999978,17.2));
#11633=CARTESIAN_POINT('Origin',(48.2500000000003,-12.5000000000002,0.));
#11634=CARTESIAN_POINT('',(46.1500000000003,-12.5000000000002,15.));
#11635=CARTESIAN_POINT('Origin',(48.2500000000003,-12.5000000000002,15.));
#11636=CARTESIAN_POINT('',(46.1500000000003,-12.5000000000002,17.2));
#11637=CARTESIAN_POINT('',(46.1500000000003,-12.5000000000002,0.));
#11638=CARTESIAN_POINT('Origin',(48.2500000000003,-12.5000000000002,17.2));
#11639=CARTESIAN_POINT('Origin',(30.2500000000003,-12.5000000000002,0.));
#11640=CARTESIAN_POINT('',(28.1500000000003,-12.5000000000002,15.));
#11641=CARTESIAN_POINT('Origin',(30.2500000000003,-12.5000000000002,15.));
#11642=CARTESIAN_POINT('',(28.1500000000003,-12.5000000000002,17.2));
#11643=CARTESIAN_POINT('',(28.1500000000003,-12.5000000000002,0.));
#11644=CARTESIAN_POINT('Origin',(30.2500000000003,-12.5000000000002,17.2));
#11645=CARTESIAN_POINT('Origin',(12.2500000000003,-12.5000000000002,0.));
#11646=CARTESIAN_POINT('',(10.1500000000003,-12.5000000000002,15.));
#11647=CARTESIAN_POINT('Origin',(12.2500000000003,-12.5000000000002,15.));
#11648=CARTESIAN_POINT('',(10.1500000000003,-12.5000000000002,17.2));
#11649=CARTESIAN_POINT('',(10.1500000000003,-12.5000000000002,0.));
#11650=CARTESIAN_POINT('Origin',(12.2500000000003,-12.5000000000002,17.2));
#11651=CARTESIAN_POINT('Origin',(-5.74999999999966,-12.5000000000002,0.));
#11652=CARTESIAN_POINT('',(-7.84999999999966,-12.5000000000002,15.));
#11653=CARTESIAN_POINT('Origin',(-5.74999999999966,-12.5000000000002,15.));
#11654=CARTESIAN_POINT('',(-7.84999999999966,-12.5000000000002,17.2));
#11655=CARTESIAN_POINT('',(-7.84999999999966,-12.5000000000002,0.));
#11656=CARTESIAN_POINT('Origin',(-5.74999999999966,-12.5000000000002,17.2));
#11657=CARTESIAN_POINT('Origin',(-23.7499999999997,-12.5000000000002,0.));
#11658=CARTESIAN_POINT('',(-25.8499999999997,-12.5000000000002,15.));
#11659=CARTESIAN_POINT('Origin',(-23.7499999999997,-12.5000000000002,15.));
#11660=CARTESIAN_POINT('',(-25.8499999999997,-12.5000000000002,17.2));
#11661=CARTESIAN_POINT('',(-25.8499999999997,-12.5000000000002,0.));
#11662=CARTESIAN_POINT('Origin',(-23.7499999999997,-12.5000000000002,17.2));
#11663=CARTESIAN_POINT('Origin',(-41.7499999999997,-12.5000000000002,0.));
#11664=CARTESIAN_POINT('',(-43.8499999999997,-12.5000000000002,15.));
#11665=CARTESIAN_POINT('Origin',(-41.7499999999997,-12.5000000000002,15.));
#11666=CARTESIAN_POINT('',(-43.8499999999997,-12.5000000000002,17.2));
#11667=CARTESIAN_POINT('',(-43.8499999999997,-12.5000000000002,0.));
#11668=CARTESIAN_POINT('Origin',(-41.7499999999997,-12.5000000000002,17.2));
#11669=CARTESIAN_POINT('Origin',(48.2500000000003,-30.5000000000002,0.));
#11670=CARTESIAN_POINT('',(46.1500000000003,-30.5000000000002,15.));
#11671=CARTESIAN_POINT('Origin',(48.2500000000003,-30.5000000000002,15.));
#11672=CARTESIAN_POINT('',(46.1500000000003,-30.5000000000002,17.2));
#11673=CARTESIAN_POINT('',(46.1500000000003,-30.5000000000002,0.));
#11674=CARTESIAN_POINT('Origin',(48.2500000000003,-30.5000000000002,17.2));
#11675=CARTESIAN_POINT('Origin',(30.2500000000003,-30.5000000000002,0.));
#11676=CARTESIAN_POINT('',(28.1500000000003,-30.5000000000002,15.));
#11677=CARTESIAN_POINT('Origin',(30.2500000000003,-30.5000000000002,15.));
#11678=CARTESIAN_POINT('',(28.1500000000003,-30.5000000000002,17.2));
#11679=CARTESIAN_POINT('',(28.1500000000003,-30.5000000000002,0.));
#11680=CARTESIAN_POINT('Origin',(30.2500000000003,-30.5000000000002,17.2));
#11681=CARTESIAN_POINT('Origin',(12.2500000000003,-30.5000000000002,0.));
#11682=CARTESIAN_POINT('',(10.1500000000003,-30.5000000000002,15.));
#11683=CARTESIAN_POINT('Origin',(12.2500000000003,-30.5000000000002,15.));
#11684=CARTESIAN_POINT('',(10.1500000000003,-30.5000000000002,17.2));
#11685=CARTESIAN_POINT('',(10.1500000000003,-30.5000000000002,0.));
#11686=CARTESIAN_POINT('Origin',(12.2500000000003,-30.5000000000002,17.2));
#11687=CARTESIAN_POINT('Origin',(-5.74999999999966,-30.5000000000002,0.));
#11688=CARTESIAN_POINT('',(-7.84999999999966,-30.5000000000002,15.));
#11689=CARTESIAN_POINT('Origin',(-5.74999999999966,-30.5000000000002,15.));
#11690=CARTESIAN_POINT('',(-7.84999999999966,-30.5000000000002,17.2));
#11691=CARTESIAN_POINT('',(-7.84999999999966,-30.5000000000002,0.));
#11692=CARTESIAN_POINT('Origin',(-5.74999999999966,-30.5000000000002,17.2));
#11693=CARTESIAN_POINT('Origin',(-23.7499999999997,-30.5000000000002,0.));
#11694=CARTESIAN_POINT('',(-25.8499999999997,-30.5000000000002,15.));
#11695=CARTESIAN_POINT('Origin',(-23.7499999999997,-30.5000000000002,15.));
#11696=CARTESIAN_POINT('',(-25.8499999999997,-30.5000000000002,17.2));
#11697=CARTESIAN_POINT('',(-25.8499999999997,-30.5000000000002,0.));
#11698=CARTESIAN_POINT('Origin',(-23.7499999999997,-30.5000000000002,17.2));
#11699=CARTESIAN_POINT('Origin',(-41.7499999999997,-30.5000000000002,0.));
#11700=CARTESIAN_POINT('',(-43.8499999999997,-30.5000000000002,15.));
#11701=CARTESIAN_POINT('Origin',(-41.7499999999997,-30.5000000000002,15.));
#11702=CARTESIAN_POINT('',(-43.8499999999997,-30.5000000000002,17.2));
#11703=CARTESIAN_POINT('',(-43.8499999999997,-30.5000000000002,0.));
#11704=CARTESIAN_POINT('Origin',(-41.7499999999997,-30.5000000000002,17.2));
#11705=CARTESIAN_POINT('Origin',(-66.25,39.,42.4343145750507));
#11706=CARTESIAN_POINT('',(-66.25,39.,42.4343145750507));
#11707=CARTESIAN_POINT('',(-66.25,-39.,42.4343145750507));
#11708=CARTESIAN_POINT('',(-66.25,39.,42.4343145750507));
#11709=CARTESIAN_POINT('',(-63.25,-39.,42.4343145750507));
#11710=CARTESIAN_POINT('',(-66.25,-39.,42.4343145750507));
#11711=CARTESIAN_POINT('',(-63.25,39.,42.4343145750507));
#11712=CARTESIAN_POINT('',(-63.25,39.,42.4343145750507));
#11713=CARTESIAN_POINT('',(-66.25,39.,42.4343145750507));
#11714=CARTESIAN_POINT('Origin',(-63.25,6.21724893790088E-14,29.8171572875254));
#11715=CARTESIAN_POINT('',(-63.25,39.0000000000001,17.2));
#11716=CARTESIAN_POINT('',(-63.25,-39.,17.2));
#11717=CARTESIAN_POINT('',(-63.25,19.5000000000001,17.2));
#11718=CARTESIAN_POINT('',(-63.25,39.0000000000001,36.1257359312881));
#11719=CARTESIAN_POINT('',(-63.25,-39.,23.5085786437627));
#11720=CARTESIAN_POINT('Origin',(-66.25,39.,42.4343145750507));
#11721=CARTESIAN_POINT('',(62.25,39.0000000000001,17.2));
#11722=CARTESIAN_POINT('',(-66.25,39.0000000000001,17.2));
#11723=CARTESIAN_POINT('',(62.25,39.,42.4343145750507));
#11724=CARTESIAN_POINT('',(62.25,39.,35.5757359312881));
#11725=CARTESIAN_POINT('',(-66.25,39.,42.4343145750507));
#11726=CARTESIAN_POINT('Origin',(-66.25,40.6,40.8343145750508));
#11727=CARTESIAN_POINT('',(62.25,40.6,40.8343145750508));
#11728=CARTESIAN_POINT('',(62.25,33.4792893218811,47.9550252531695));
#11729=CARTESIAN_POINT('',(-66.25,40.6,40.8343145750508));
#11730=CARTESIAN_POINT('',(-66.25,40.6,40.8343145750508));
#11731=CARTESIAN_POINT('',(-66.25,40.6,40.8343145750508));
#11732=CARTESIAN_POINT('Origin',(-66.25,40.6,17.1656854249493));
#11733=CARTESIAN_POINT('',(62.25,40.6,17.1656854249493));
#11734=CARTESIAN_POINT('',(62.25,40.6,22.9414213562373));
#11735=CARTESIAN_POINT('',(-66.25,40.6,17.1656854249493));
#11736=CARTESIAN_POINT('',(-66.25,40.6,17.1656854249493));
#11737=CARTESIAN_POINT('',(-66.25,40.6,17.1656854249493));
#11738=CARTESIAN_POINT('Origin',(-66.25,38.4343145750508,15.));
#11739=CARTESIAN_POINT('',(62.25,38.4343145750508,15.));
#11740=CARTESIAN_POINT('',(62.25,32.2550252531696,8.82071067811874));
#11741=CARTESIAN_POINT('',(-66.25,38.4343145750508,15.));
#11742=CARTESIAN_POINT('',(-66.25,38.4343145750508,15.));
#11743=CARTESIAN_POINT('',(-66.25,38.4343145750508,15.));
#11744=CARTESIAN_POINT('Origin',(-66.25,-38.4343145750508,15.));
#11745=CARTESIAN_POINT('',(62.25,-38.4343145750508,15.));
#11746=CARTESIAN_POINT('',(62.25,-19.2171572875254,15.));
#11747=CARTESIAN_POINT('',(-66.25,-38.4343145750507,15.));
#11748=CARTESIAN_POINT('',(-66.25,-38.4343145750507,15.));
#11749=CARTESIAN_POINT('',(-66.25,39.,15.));
#11750=CARTESIAN_POINT('Origin',(-66.25,-40.6,17.1656854249493));
#11751=CARTESIAN_POINT('',(62.25,-40.6,17.1656854249493));
#11752=CARTESIAN_POINT('',(62.25,-33.3378679656443,9.90355339059337));
#11753=CARTESIAN_POINT('',(-66.25,-40.6,17.1656854249493));
#11754=CARTESIAN_POINT('',(-66.25,-40.6,17.1656854249493));
#11755=CARTESIAN_POINT('',(-66.25,-38.4343145750507,15.));
#11756=CARTESIAN_POINT('Origin',(-66.25,-40.6,40.8343145750508));
#11757=CARTESIAN_POINT('',(62.25,-40.6,40.8343145750508));
#11758=CARTESIAN_POINT('',(62.25,-40.6,34.7757359312881));
#11759=CARTESIAN_POINT('',(-66.25,-40.6,40.8343145750508));
#11760=CARTESIAN_POINT('',(-66.25,-40.6,40.8343145750508));
#11761=CARTESIAN_POINT('',(-66.25,-40.6,17.1656854249493));
#11762=CARTESIAN_POINT('Origin',(-66.25,-39.,42.4343145750507));
#11763=CARTESIAN_POINT('',(62.25,-39.,42.4343145750507));
#11764=CARTESIAN_POINT('',(62.25,-32.6792893218812,48.7550252531695));
#11765=CARTESIAN_POINT('',(-66.25,-39.,42.4343145750507));
#11766=CARTESIAN_POINT('',(-66.25,-40.6,40.8343145750508));
#11767=CARTESIAN_POINT('Origin',(-66.25,-39.,17.2));
#11768=CARTESIAN_POINT('',(62.25,-39.,17.2));
#11769=CARTESIAN_POINT('',(62.25,-39.,22.9585786437627));
#11770=CARTESIAN_POINT('',(-66.25,-39.,17.2));
#11771=CARTESIAN_POINT('Origin',(-66.25,39.0000000000001,17.2));
#11772=CARTESIAN_POINT('',(62.25,19.5,17.2));
#11773=CARTESIAN_POINT('Origin',(-66.25,2.01516693343452E-14,28.7171572875254));
#11774=CARTESIAN_POINT('Origin',(62.25,-2.11447021508155E-14,28.7171572875254));
#11775=CARTESIAN_POINT('',(0.,0.,0.));
#11776=CARTESIAN_POINT('Origin',(64.85,-42.6,16.5));
#11777=CARTESIAN_POINT('',(64.85,-43.6,16.5));
#11778=CARTESIAN_POINT('',(65.85,-42.6,16.5));
#11779=CARTESIAN_POINT('Origin',(64.85,-42.6,16.5));
#11780=CARTESIAN_POINT('',(65.85,-42.6,35.));
#11781=CARTESIAN_POINT('',(65.85,-42.6,16.5));
#11782=CARTESIAN_POINT('',(64.85,-43.6,35.2769839649484));
#11783=CARTESIAN_POINT('Origin',(64.85,-42.6,35.2769839649484));
#11784=CARTESIAN_POINT('',(64.85,-43.6,16.5));
#11785=CARTESIAN_POINT('Origin',(65.85,-39.,16.5));
#11786=CARTESIAN_POINT('',(65.85,-39.,16.5));
#11787=CARTESIAN_POINT('',(65.85,-32.7,16.5));
#11788=CARTESIAN_POINT('',(65.85,-39.,35.));
#11789=CARTESIAN_POINT('',(65.85,-39.,16.5));
#11790=CARTESIAN_POINT('',(65.85,-40.15,35.));
#11791=CARTESIAN_POINT('Origin',(64.95,21.8,16.5));
#11792=CARTESIAN_POINT('',(64.65,-43.6,16.5));
#11793=CARTESIAN_POINT('',(64.3,-43.6,16.5));
#11794=CARTESIAN_POINT('',(63.65,-42.6,16.5));
#11795=CARTESIAN_POINT('Origin',(64.65,-42.6,16.5));
#11796=CARTESIAN_POINT('',(63.65,42.6,16.5));
#11797=CARTESIAN_POINT('',(63.65,10.9,16.5));
#11798=CARTESIAN_POINT('',(64.65,43.6,16.5));
#11799=CARTESIAN_POINT('Origin',(64.65,42.6,16.5));
#11800=CARTESIAN_POINT('',(64.85,43.6,16.5));
#11801=CARTESIAN_POINT('',(64.3,43.6,16.5));
#11802=CARTESIAN_POINT('',(65.85,42.6,16.5));
#11803=CARTESIAN_POINT('Origin',(64.85,42.6,16.5));
#11804=CARTESIAN_POINT('',(65.85,39.,16.5));
#11805=CARTESIAN_POINT('',(65.85,32.7,16.5));
#11806=CARTESIAN_POINT('',(66.25,39.,16.5));
#11807=CARTESIAN_POINT('',(65.4,39.,16.5));
#11808=CARTESIAN_POINT('',(66.25,-39.,16.5));
#11809=CARTESIAN_POINT('',(66.25,-30.4,16.5));
#11810=CARTESIAN_POINT('',(65.4,-39.,16.5));
#11811=CARTESIAN_POINT('Origin',(64.85,42.6,16.5));
#11812=CARTESIAN_POINT('',(64.85,43.6,35.2769839649484));
#11813=CARTESIAN_POINT('',(64.85,43.6,16.5));
#11814=CARTESIAN_POINT('',(65.85,42.6,35.));
#11815=CARTESIAN_POINT('Origin',(64.85,42.6,35.2769839649484));
#11816=CARTESIAN_POINT('',(65.85,42.6,16.5));
#11817=CARTESIAN_POINT('Origin',(65.85,43.6,16.5));
#11818=CARTESIAN_POINT('',(66.5674363314129,43.6,38.1393778506366));
#11819=CARTESIAN_POINT('',(61.6616247213463,43.6,29.9630251671922));
#11820=CARTESIAN_POINT('',(64.65,43.6,43.));
#11821=CARTESIAN_POINT('',(64.65,43.6,16.5));
#11822=CARTESIAN_POINT('',(67.85,43.6,43.));
#11823=CARTESIAN_POINT('',(65.4,43.6,43.));
#11824=CARTESIAN_POINT('',(67.85,43.6,42.7698396494843));
#11825=CARTESIAN_POINT('',(67.85,43.6,30.25));
#11826=CARTESIAN_POINT('Origin',(58.85,43.6,42.7698396494843));
#11827=CARTESIAN_POINT('Origin',(67.85,-42.6,43.));
#11828=CARTESIAN_POINT('',(67.85,-42.6,44.));
#11829=CARTESIAN_POINT('',(67.85,-43.6,43.));
#11830=CARTESIAN_POINT('Origin',(67.85,-42.6,43.));
#11831=CARTESIAN_POINT('',(68.85,-42.6,43.));
#11832=CARTESIAN_POINT('Origin',(67.85,-42.6,43.));
#11833=CARTESIAN_POINT('Origin',(67.85,-42.6,43.));
#11834=CARTESIAN_POINT('Origin',(67.85,-40.,43.));
#11835=CARTESIAN_POINT('',(67.85,-40.,44.));
#11836=CARTESIAN_POINT('',(68.85,-40.,43.));
#11837=CARTESIAN_POINT('Origin',(67.85,-40.,43.));
#11838=CARTESIAN_POINT('',(67.85,-39.,43.));
#11839=CARTESIAN_POINT('Origin',(67.85,-40.,43.));
#11840=CARTESIAN_POINT('Origin',(67.85,-40.,43.));
#11841=CARTESIAN_POINT('Origin',(66.9,-40.,43.));
#11842=CARTESIAN_POINT('',(66.25,-40.,44.));
#11843=CARTESIAN_POINT('',(66.25,-39.,43.));
#11844=CARTESIAN_POINT('Origin',(66.25,-40.,43.));
#11845=CARTESIAN_POINT('',(66.9,-40.,44.));
#11846=CARTESIAN_POINT('',(66.9,-39.,43.));
#11847=CARTESIAN_POINT('Origin',(67.85,-40.,44.));
#11848=CARTESIAN_POINT('',(67.85,-39.,42.7698396494843));
#11849=CARTESIAN_POINT('',(68.85,-40.,42.7698396494843));
#11850=CARTESIAN_POINT('Origin',(67.85,-40.,42.7698396494843));
#11851=CARTESIAN_POINT('',(67.85,-39.,44.));
#11852=CARTESIAN_POINT('',(68.85,-40.,44.));
#11853=CARTESIAN_POINT('Origin',(58.85,-40.,42.7698396494843));
#11854=CARTESIAN_POINT('',(66.5674363314129,-39.,38.1393778506366));
#11855=CARTESIAN_POINT('',(67.4249292571255,-40.,37.6248820952091));
#11856=CARTESIAN_POINT('Origin',(66.5674363314129,-40.,38.1393778506366));
#11857=CARTESIAN_POINT('Origin',(58.85,-39.,42.7698396494843));
#11858=CARTESIAN_POINT('Origin',(58.85,-40.,42.7698396494843));
#11859=CARTESIAN_POINT('Origin',(68.1248600154639,-40.,40.7350839907216));
#11860=CARTESIAN_POINT('',(66.25,-40.,35.6666666666667));
#11861=CARTESIAN_POINT('',(66.25,-39.,37.6103172982818));
#11862=CARTESIAN_POINT('Origin',(66.25,-40.,37.6103172982818));
#11863=CARTESIAN_POINT('',(68.1248600154639,-39.,40.7350839907216));
#11864=CARTESIAN_POINT('',(68.9823529411765,-40.,40.2205882352941));
#11865=CARTESIAN_POINT('Origin',(67.85,-32.7,43.));
#11866=CARTESIAN_POINT('',(68.85,-32.7,43.));
#11867=CARTESIAN_POINT('',(67.85,-32.7,44.));
#11868=CARTESIAN_POINT('Origin',(67.85,-42.6,30.25));
#11869=CARTESIAN_POINT('',(68.85,-42.6,42.7698396494843));
#11870=CARTESIAN_POINT('',(67.85,-43.6,42.7698396494843));
#11871=CARTESIAN_POINT('Origin',(67.85,-42.6,42.7698396494843));
#11872=CARTESIAN_POINT('',(68.85,-42.6,30.25));
#11873=CARTESIAN_POINT('',(67.85,-43.6,30.25));
#11874=CARTESIAN_POINT('Origin',(58.85,-42.6,42.7698396494843));
#11875=CARTESIAN_POINT('',(67.4249292571255,-42.6,37.6248820952091));
#11876=CARTESIAN_POINT('',(66.5674363314129,-43.6,38.1393778506366));
#11877=CARTESIAN_POINT('Origin',(66.5674363314129,-42.6,38.1393778506366));
#11878=CARTESIAN_POINT('Origin',(58.85,-42.6,42.7698396494843));
#11879=CARTESIAN_POINT('Origin',(58.85,-43.6,42.7698396494843));
#11880=CARTESIAN_POINT('Origin',(61.6616247213463,-42.6,29.9630251671922));
#11881=CARTESIAN_POINT('',(62.5191176470588,-42.6,29.4485294117647));
#11882=CARTESIAN_POINT('',(61.6616247213463,-43.6,29.9630251671922));
#11883=CARTESIAN_POINT('Origin',(65.4,-42.6,43.));
#11884=CARTESIAN_POINT('',(63.65,-42.6,44.));
#11885=CARTESIAN_POINT('',(65.4,-42.6,44.));
#11886=CARTESIAN_POINT('',(64.65,-43.6,43.));
#11887=CARTESIAN_POINT('Origin',(64.65,-42.6,43.));
#11888=CARTESIAN_POINT('',(65.4,-43.6,43.));
#11889=CARTESIAN_POINT('Origin',(64.65,-42.6,16.5));
#11890=CARTESIAN_POINT('',(64.65,-43.6,16.5));
#11891=CARTESIAN_POINT('',(63.65,-42.6,16.5));
#11892=CARTESIAN_POINT('Origin',(68.85,-39.,44.));
#11893=CARTESIAN_POINT('',(66.25,-39.,16.5));
#11894=CARTESIAN_POINT('Origin',(58.85,-43.025,42.7698396494843));
#11895=CARTESIAN_POINT('',(68.85,-43.025,42.7698396494843));
#11896=CARTESIAN_POINT('',(67.4249292571255,-43.025,37.6248820952091));
#11897=CARTESIAN_POINT('Origin',(68.85,-43.6,44.));
#11898=CARTESIAN_POINT('Origin',(67.35,-42.45,37.5));
#11899=CARTESIAN_POINT('',(66.25,-39.,35.6666666666667));
#11900=CARTESIAN_POINT('',(66.25,-21.225,35.6666666666667));
#11901=CARTESIAN_POINT('',(62.5720588235294,-39.,29.5367647058824));
#11902=CARTESIAN_POINT('Origin',(65.85,-43.6,16.5));
#11903=CARTESIAN_POINT('Origin',(66.25,-39.,16.5));
#11904=CARTESIAN_POINT('',(66.25,-39.,16.5));
#11905=CARTESIAN_POINT('Origin',(67.85,42.6,43.));
#11906=CARTESIAN_POINT('',(67.85,42.6,44.));
#11907=CARTESIAN_POINT('Origin',(67.85,42.6,43.));
#11908=CARTESIAN_POINT('',(68.85,42.6,43.));
#11909=CARTESIAN_POINT('Origin',(67.85,42.6,43.));
#11910=CARTESIAN_POINT('Origin',(67.85,42.6,43.));
#11911=CARTESIAN_POINT('Origin',(67.85,40.,43.));
#11912=CARTESIAN_POINT('',(67.85,40.,44.));
#11913=CARTESIAN_POINT('',(68.85,40.,43.));
#11914=CARTESIAN_POINT('Origin',(67.85,40.,43.));
#11915=CARTESIAN_POINT('',(67.85,39.,43.));
#11916=CARTESIAN_POINT('Origin',(67.85,40.,43.));
#11917=CARTESIAN_POINT('Origin',(67.85,40.,43.));
#11918=CARTESIAN_POINT('Origin',(66.9,40.,43.));
#11919=CARTESIAN_POINT('',(66.25,40.,44.));
#11920=CARTESIAN_POINT('',(66.25,39.,43.));
#11921=CARTESIAN_POINT('Origin',(66.25,40.,43.));
#11922=CARTESIAN_POINT('',(66.9,39.,43.));
#11923=CARTESIAN_POINT('',(66.9,40.,44.));
#11924=CARTESIAN_POINT('Origin',(67.85,40.,44.));
#11925=CARTESIAN_POINT('',(67.85,39.,42.7698396494843));
#11926=CARTESIAN_POINT('',(68.85,40.,42.7698396494843));
#11927=CARTESIAN_POINT('Origin',(67.85,40.,42.7698396494843));
#11928=CARTESIAN_POINT('',(68.85,40.,44.));
#11929=CARTESIAN_POINT('',(67.85,39.,44.));
#11930=CARTESIAN_POINT('Origin',(58.85,40.,42.7698396494843));
#11931=CARTESIAN_POINT('',(66.5674363314129,39.,38.1393778506366));
#11932=CARTESIAN_POINT('',(67.4249292571255,40.,37.6248820952091));
#11933=CARTESIAN_POINT('Origin',(66.5674363314129,40.,38.1393778506366));
#11934=CARTESIAN_POINT('Origin',(58.85,40.,42.7698396494843));
#11935=CARTESIAN_POINT('Origin',(58.85,39.,42.7698396494843));
#11936=CARTESIAN_POINT('Origin',(68.1248600154639,40.,40.7350839907216));
#11937=CARTESIAN_POINT('',(66.25,40.,35.6666666666667));
#11938=CARTESIAN_POINT('',(66.25,39.,37.6103172982818));
#11939=CARTESIAN_POINT('Origin',(66.25,40.,37.6103172982818));
#11940=CARTESIAN_POINT('',(68.9823529411765,40.,40.2205882352941));
#11941=CARTESIAN_POINT('',(68.1248600154639,39.,40.7350839907216));
#11942=CARTESIAN_POINT('Origin',(67.85,32.7,43.));
#11943=CARTESIAN_POINT('',(67.85,32.7,44.));
#11944=CARTESIAN_POINT('',(68.85,32.7,43.));
#11945=CARTESIAN_POINT('Origin',(67.85,42.6,30.25));
#11946=CARTESIAN_POINT('',(68.85,42.6,42.7698396494843));
#11947=CARTESIAN_POINT('Origin',(67.85,42.6,42.7698396494843));
#11948=CARTESIAN_POINT('',(68.85,42.6,30.25));
#11949=CARTESIAN_POINT('Origin',(58.85,42.6,42.7698396494843));
#11950=CARTESIAN_POINT('',(67.4249292571255,42.6,37.6248820952091));
#11951=CARTESIAN_POINT('Origin',(66.5674363314129,42.6,38.1393778506366));
#11952=CARTESIAN_POINT('Origin',(58.85,42.6,42.7698396494843));
#11953=CARTESIAN_POINT('Origin',(61.6616247213463,42.6,29.9630251671922));
#11954=CARTESIAN_POINT('',(62.5191176470588,42.6,29.4485294117647));
#11955=CARTESIAN_POINT('Origin',(65.4,42.6,43.));
#11956=CARTESIAN_POINT('',(63.65,42.6,44.));
#11957=CARTESIAN_POINT('',(65.4,42.6,44.));
#11958=CARTESIAN_POINT('Origin',(64.65,42.6,43.));
#11959=CARTESIAN_POINT('Origin',(64.65,42.6,16.5));
#11960=CARTESIAN_POINT('',(63.65,42.6,16.5));
#11961=CARTESIAN_POINT('Origin',(68.85,39.,44.));
#11962=CARTESIAN_POINT('',(66.25,39.,16.5));
#11963=CARTESIAN_POINT('Origin',(64.95,21.8,44.));
#11964=CARTESIAN_POINT('',(66.25,10.9,44.));
#11965=CARTESIAN_POINT('',(63.65,32.7,44.));
#11966=CARTESIAN_POINT('Origin',(63.65,43.6,16.5));
#11967=CARTESIAN_POINT('Origin',(58.85,43.025,42.7698396494843));
#11968=CARTESIAN_POINT('',(67.4249292571255,43.025,37.6248820952091));
#11969=CARTESIAN_POINT('',(68.85,43.025,42.7698396494843));
#11970=CARTESIAN_POINT('Origin',(68.85,43.6,44.));
#11971=CARTESIAN_POINT('Origin',(67.35,42.45,37.5));
#11972=CARTESIAN_POINT('',(66.25,39.,35.6666666666667));
#11973=CARTESIAN_POINT('',(66.25,21.225,35.6666666666667));
#11974=CARTESIAN_POINT('',(65.85,39.,35.));
#11975=CARTESIAN_POINT('',(62.5720588235294,39.,29.5367647058824));
#11976=CARTESIAN_POINT('',(65.85,40.15,35.));
#11977=CARTESIAN_POINT('Origin',(65.85,39.,16.5));
#11978=CARTESIAN_POINT('',(65.85,39.,16.5));
#11979=CARTESIAN_POINT('Origin',(66.25,39.,16.5));
#11980=CARTESIAN_POINT('',(66.25,39.,16.5));
#11981=CARTESIAN_POINT('Origin',(66.25,-1.33226762955019E-14,16.5));
#11982=CARTESIAN_POINT('',(0.,0.,0.));
#11983=CARTESIAN_POINT('',(0.,0.,0.));
#11984=CARTESIAN_POINT('',(0.,0.,0.));
#11985=CARTESIAN_POINT('',(0.,0.,0.));
#11986=UNCERTAINTY_MEASURE_WITH_UNIT(LENGTH_MEASURE(0.01),#12000,
'DISTANCE_ACCURACY_VALUE',
'Maximum model space distance between geometric entities at asserted c
onnectivities');
#11987=UNCERTAINTY_MEASURE_WITH_UNIT(LENGTH_MEASURE(0.01),#12000,
'DISTANCE_ACCURACY_VALUE',
'Maximum model space distance between geometric entities at asserted c
onnectivities');
#11988=UNCERTAINTY_MEASURE_WITH_UNIT(LENGTH_MEASURE(0.01),#12000,
'DISTANCE_ACCURACY_VALUE',
'Maximum model space distance between geometric entities at asserted c
onnectivities');
#11989=UNCERTAINTY_MEASURE_WITH_UNIT(LENGTH_MEASURE(0.01),#12000,
'DISTANCE_ACCURACY_VALUE',
'Maximum model space distance between geometric entities at asserted c
onnectivities');
#11990=UNCERTAINTY_MEASURE_WITH_UNIT(LENGTH_MEASURE(0.01),#12000,
'DISTANCE_ACCURACY_VALUE',
'Maximum model space distance between geometric entities at asserted c
onnectivities');
#11991=UNCERTAINTY_MEASURE_WITH_UNIT(LENGTH_MEASURE(0.01),#12000,
'DISTANCE_ACCURACY_VALUE',
'Maximum model space distance between geometric entities at asserted c
onnectivities');
#11992=UNCERTAINTY_MEASURE_WITH_UNIT(LENGTH_MEASURE(0.01),#12000,
'DISTANCE_ACCURACY_VALUE',
'Maximum model space distance between geometric entities at asserted c
onnectivities');
#11993=(
GEOMETRIC_REPRESENTATION_CONTEXT(3)
GLOBAL_UNCERTAINTY_ASSIGNED_CONTEXT((#11986))
GLOBAL_UNIT_ASSIGNED_CONTEXT((#12000,#12002,#12003))
REPRESENTATION_CONTEXT('','3D')
);
#11994=(
GEOMETRIC_REPRESENTATION_CONTEXT(3)
GLOBAL_UNCERTAINTY_ASSIGNED_CONTEXT((#11987))
GLOBAL_UNIT_ASSIGNED_CONTEXT((#12000,#12002,#12003))
REPRESENTATION_CONTEXT('','3D')
);
#11995=(
GEOMETRIC_REPRESENTATION_CONTEXT(3)
GLOBAL_UNCERTAINTY_ASSIGNED_CONTEXT((#11988))
GLOBAL_UNIT_ASSIGNED_CONTEXT((#12000,#12002,#12003))
REPRESENTATION_CONTEXT('','3D')
);
#11996=(
GEOMETRIC_REPRESENTATION_CONTEXT(3)
GLOBAL_UNCERTAINTY_ASSIGNED_CONTEXT((#11989))
GLOBAL_UNIT_ASSIGNED_CONTEXT((#12000,#12002,#12003))
REPRESENTATION_CONTEXT('','3D')
);
#11997=(
GEOMETRIC_REPRESENTATION_CONTEXT(3)
GLOBAL_UNCERTAINTY_ASSIGNED_CONTEXT((#11990))
GLOBAL_UNIT_ASSIGNED_CONTEXT((#12000,#12002,#12003))
REPRESENTATION_CONTEXT('','3D')
);
#11998=(
GEOMETRIC_REPRESENTATION_CONTEXT(3)
GLOBAL_UNCERTAINTY_ASSIGNED_CONTEXT((#11991))
GLOBAL_UNIT_ASSIGNED_CONTEXT((#12000,#12002,#12003))
REPRESENTATION_CONTEXT('','3D')
);
#11999=(
GEOMETRIC_REPRESENTATION_CONTEXT(3)
GLOBAL_UNCERTAINTY_ASSIGNED_CONTEXT((#11992))
GLOBAL_UNIT_ASSIGNED_CONTEXT((#12000,#12002,#12003))
REPRESENTATION_CONTEXT('','3D')
);
#12000=(
LENGTH_UNIT()
NAMED_UNIT(*)
SI_UNIT(.MILLI.,.METRE.)
);
#12001=(
LENGTH_UNIT()
NAMED_UNIT(*)
SI_UNIT($,.METRE.)
);
#12002=(
NAMED_UNIT(*)
PLANE_ANGLE_UNIT()
SI_UNIT($,.RADIAN.)
);
#12003=(
NAMED_UNIT(*)
SI_UNIT($,.STERADIAN.)
SOLID_ANGLE_UNIT()
);
#12004=SHAPE_DEFINITION_REPRESENTATION(#12010,#12021);
#12005=SHAPE_DEFINITION_REPRESENTATION(#12011,#12022);
#12006=SHAPE_DEFINITION_REPRESENTATION(#12012,#12023);
#12007=SHAPE_DEFINITION_REPRESENTATION(#12014,#12024);
#12008=SHAPE_DEFINITION_REPRESENTATION(#12015,#12025);
#12009=SHAPE_DEFINITION_REPRESENTATION(#12016,#12026);
#12010=PRODUCT_DEFINITION_SHAPE('',$,#12028);
#12011=PRODUCT_DEFINITION_SHAPE('',$,#12029);
#12012=PRODUCT_DEFINITION_SHAPE('',$,#12030);
#12013=PRODUCT_DEFINITION_SHAPE($,$,#32);
#12014=PRODUCT_DEFINITION_SHAPE('',$,#12031);
#12015=PRODUCT_DEFINITION_SHAPE('',$,#12032);
#12016=PRODUCT_DEFINITION_SHAPE('',$,#12033);
#12017=PRODUCT_DEFINITION_SHAPE($,$,#33);
#12018=PRODUCT_DEFINITION_SHAPE($,$,#34);
#12019=PRODUCT_DEFINITION_SHAPE($,$,#35);
#12020=PRODUCT_DEFINITION_SHAPE($,$,#36);
#12021=SHAPE_REPRESENTATION('',(#6840,#7450,#7451,#7452,#7453),#11993);
#12022=SHAPE_REPRESENTATION('',(#6841,#7091),#11994);
#12023=SHAPE_REPRESENTATION('',(#6842),#11995);
#12024=SHAPE_REPRESENTATION('',(#7092),#11996);
#12025=SHAPE_REPRESENTATION('',(#7268),#11997);
#12026=SHAPE_REPRESENTATION('',(#7365),#11998);
#12027=PRODUCT_DEFINITION_CONTEXT('part definition',#12047,'design');
#12028=PRODUCT_DEFINITION('Dispenser (LiftGate Version)',
'Dispenser (LiftGate Version) v7',#12034,#12027);
#12029=PRODUCT_DEFINITION('Well Plate Filler Main Body',
'Well Plate Filler Main Body',#12035,#12027);
#12030=PRODUCT_DEFINITION('ScrewCapTubeExtender','ScrewCapTubeExtender',
#12036,#12027);
#12031=PRODUCT_DEFINITION('Dropper Plate','Dropper Plate',#12037,#12027);
#12032=PRODUCT_DEFINITION('Top Plate','Top Plate',#12038,#12027);
#12033=PRODUCT_DEFINITION('Gate','Gate',#12039,#12027);
#12034=PRODUCT_DEFINITION_FORMATION('',$,#12049);
#12035=PRODUCT_DEFINITION_FORMATION('',$,#12050);
#12036=PRODUCT_DEFINITION_FORMATION('',$,#12051);
#12037=PRODUCT_DEFINITION_FORMATION('',$,#12052);
#12038=PRODUCT_DEFINITION_FORMATION('',$,#12053);
#12039=PRODUCT_DEFINITION_FORMATION('',$,#12054);
#12040=PRODUCT_RELATED_PRODUCT_CATEGORY(
'Dispenser (LiftGate Version) v7','Dispenser (LiftGate Version) v7',(#12049));
#12041=PRODUCT_RELATED_PRODUCT_CATEGORY('Well Plate Filler Main Body',
'Well Plate Filler Main Body',(#12050));
#12042=PRODUCT_RELATED_PRODUCT_CATEGORY('ScrewCapTubeExtender',
'ScrewCapTubeExtender',(#12051));
#12043=PRODUCT_RELATED_PRODUCT_CATEGORY('Dropper Plate','Dropper Plate',
(#12052));
#12044=PRODUCT_RELATED_PRODUCT_CATEGORY('Top Plate','Top Plate',(#12053));
#12045=PRODUCT_RELATED_PRODUCT_CATEGORY('Gate','Gate',(#12054));
#12046=APPLICATION_PROTOCOL_DEFINITION('international standard',
'automotive_design',2009,#12047);
#12047=APPLICATION_CONTEXT(
'Core Data for Automotive Mechanical Design Process');
#12048=PRODUCT_CONTEXT('part definition',#12047,'mechanical');
#12049=PRODUCT('Dispenser (LiftGate Version)',
'Dispenser (LiftGate Version) v7',$,(#12048));
#12050=PRODUCT('Well Plate Filler Main Body',
'Well Plate Filler Main Body',$,(#12048));
#12051=PRODUCT('ScrewCapTubeExtender','ScrewCapTubeExtender',$,(#12048));
#12052=PRODUCT('Dropper Plate','Dropper Plate',$,(#12048));
#12053=PRODUCT('Top Plate','Top Plate',$,(#12048));
#12054=PRODUCT('Gate','Gate',$,(#12048));
#12055=PRESENTATION_STYLE_ASSIGNMENT((#12056));
#12056=SURFACE_STYLE_USAGE(.BOTH.,#12057);
#12057=SURFACE_SIDE_STYLE('',(#12058));
#12058=SURFACE_STYLE_FILL_AREA(#12059);
#12059=FILL_AREA_STYLE('Steel - Satin',(#12060));
#12060=FILL_AREA_STYLE_COLOUR('Steel - Satin',#12061);
#12061=COLOUR_RGB('Steel - Satin',0.627450980392157,0.627450980392157,0.627450980392157);
ENDSEC;
END-ISO-10303-21;
